Topic:,/fixposition/odometry_enu_smooth
time,pos_x,pos_y,pos_z,qx,qy,qz,qw,vel_x,vel_y,vel_z,ang_vel_x,ang_vel_y,ang_vel_z
1770803063.1902156,29.323648425887107,4.450041827600583,-2.7214032964653114,-0.006929323965443712,-0.0987729578071489,0.10726155967179445,-0.9892873682861207,0.0083,-0.0025,-0.0067,-0.00112,0.00211,-0.00026
1770803063.2405617,29.323648425887107,4.450041827600583,-2.7214032964653114,-0.006929323965443712,-0.0987729578071489,0.10726155967179445,-0.9892873682861207,0.0083,-0.0025,-0.0067,-0.00055,0.00249,-3e-05
1770803063.2907617,29.323648425887107,4.450041827600583,-2.7214032964653114,-0.006929323965443712,-0.0987729578071489,0.10726155967179445,-0.9892873682861207,0.0083,-0.0025,-0.0067,0.00164,-0.00201,-0.00027
1770803063.3402762,29.323648425887107,4.450041827600583,-2.7214032964653114,-0.006929323965443712,-0.0987729578071489,0.10726155967179445,-0.9892873682861207,0.0083,-0.0025,-0.0067,-0.00063,0.0033,0.00023
1770803063.3935866,29.323648425887107,4.450041827600583,-2.7214032964653114,-0.006929323965443712,-0.0987729578071489,0.10726155967179445,-0.9892873682861207,0.0083,-0.0025,-0.0067,-0.00181,0.00114,-0.00039
1770803063.4472752,29.323648425887107,4.450041827600583,-2.7214032964653114,-0.006929323965443712,-0.0987729578071489,0.10726155967179445,-0.9892873682861207,0.0083,-0.0025,-0.0067,0.00181,-0.00188,-0.00041
1770803063.4896631,29.323648425887107,4.450041827600583,-2.7214032964653114,-0.006929323965443712,-0.0987729578071489,0.10726155967179445,-0.9892873682861207,0.0083,-0.0025,-0.0067,-0.00017,2e-05,-0.00026
1770803063.5408127,29.323648425887107,4.450041827600583,-2.7214032964653114,-0.006929323965443712,-0.0987729578071489,0.10726155967179445,-0.9892873682861207,0.0083,-0.0025,-0.0067,-0.00056,0.00077,-0.00037
1770803063.5912683,29.323648425887107,4.450041827600583,-2.7214032964653114,-0.006929323965443712,-0.0987729578071489,0.10726155967179445,-0.9892873682861207,0.0083,-0.0025,-0.0067,0.00163,-0.00447,-9e-05
1770803063.6406488,29.323648425887107,4.450041827600583,-2.7214032964653114,-0.006929323965443712,-0.0987729578071489,0.10726155967179445,-0.9892873682861207,0.0083,-0.0025,-0.0067,-0.00028,0.0013,-0.00047
1770803063.6918242,29.323648425887107,4.450041827600583,-2.7214032964653114,-0.006929323965443712,-0.0987729578071489,0.10726155967179445,-0.9892873682861207,0.0083,-0.0025,-0.0067,0.00043,7e-05,-0.00067
1770803063.739588,29.323648425887107,4.450041827600583,-2.7214032964653114,-0.006929323965443712,-0.0987729578071489,0.10726155967179445,-0.9892873682861207,0.0083,-0.0025,-0.0067,-0.0006,0.0002,0.00017
1770803063.790312,29.323648425887107,4.450041827600583,-2.7214032964653114,-0.006929323965443712,-0.0987729578071489,0.10726155967179445,-0.9892873682861207,0.0083,-0.0025,-0.0067,0.00024,-0.00051,-0.00053
1770803063.8397622,29.323648425887107,4.450041827600583,-2.7214032964653114,-0.006929323965443712,-0.0987729578071489,0.10726155967179445,-0.9892873682861207,0.0083,-0.0025,-0.0067,-6e-05,-0.00011,-0.00025
1770803063.8913012,29.323648425887107,4.450041827600583,-2.7214032964653114,-0.006929323965443712,-0.0987729578071489,0.10726155967179445,-0.9892873682861207,0.0083,-0.0025,-0.0067,-0.00125,0.00292,0.0004
1770803063.9448757,29.323648425887107,4.450041827600583,-2.7214032964653114,-0.006929323965443712,-0.0987729578071489,0.10726155967179445,-0.9892873682861207,0.0083,-0.0025,-0.0067,-0.00096,0.00349,0.0003
1770803063.9906592,29.323648425887107,4.450041827600583,-2.7214032964653114,-0.006929323965443712,-0.0987729578071489,0.10726155967179445,-0.9892873682861207,0.0083,-0.0025,-0.0067,0.00183,-0.00094,0.00049
1770803064.045198,29.323648425887107,4.450041827600583,-2.7214032964653114,-0.006929323965443712,-0.0987729578071489,0.10726155967179445,-0.9892873682861207,0.0083,-0.0025,-0.0067,-0.0006,0.00111,-8e-05
1770803064.0934033,29.323648425887107,4.450041827600583,-2.7214032964653114,-0.006929323965443712,-0.0987729578071489,0.10726155967179445,-0.9892873682861207,0.0083,-0.0025,-0.0067,0.00078,-9e-05,0.00012
1770803064.1453593,29.323648425887107,4.450041827600583,-2.7214032964653114,-0.006929323965443712,-0.0987729578071489,0.10726155967179445,-0.9892873682861207,0.0083,-0.0025,-0.0067,-0.00113,0.00177,-0.00039
1770803064.190684,29.323648425887107,4.450041827600583,-2.7214032964653114,-0.006929323965443712,-0.0987729578071489,0.10726155967179445,-0.9892873682861207,0.0083,-0.0025,-0.0067,0.0032,-0.00514,9e-05
1770803064.245319,29.323648425887107,4.450041827600583,-2.7214032964653114,-0.006929323965443712,-0.0987729578071489,0.10726155967179445,-0.9892873682861207,0.0083,-0.0025,-0.0067,0.00093,-0.00237,1e-05
1770803064.2904897,29.323648425887107,4.450041827600583,-2.7214032964653114,-0.006929323965443712,-0.0987729578071489,0.10726155967179445,-0.9892873682861207,0.0083,-0.0025,-0.0067,0.00115,-0.00191,-8e-05
1770803064.3468342,29.323648425887107,4.450041827600583,-2.7214032964653114,-0.006929323965443712,-0.0987729578071489,0.10726155967179445,-0.9892873682861207,0.0083,-0.0025,-0.0067,-0.00028,-6e-05,5e-05
1770803064.393624,29.323648425887107,4.450041827600583,-2.7214032964653114,-0.006929323965443712,-0.0987729578071489,0.10726155967179445,-0.9892873682861207,0.0083,-0.0025,-0.0067,0.00045,-0.00233,-0.00023
1770803064.4414425,29.323648425887107,4.450041827600583,-2.7214032964653114,-0.006929323965443712,-0.0987729578071489,0.10726155967179445,-0.9892873682861207,0.0083,-0.0025,-0.0067,0.00273,-0.0039,-0.00012
1770803064.4926648,29.323648425887107,4.450041827600583,-2.7214032964653114,-0.006929323965443712,-0.0987729578071489,0.10726155967179445,-0.9892873682861207,0.0083,-0.0025,-0.0067,9e-05,-0.00198,-0.00017
1770803064.543634,29.323648425887107,4.450041827600583,-2.7214032964653114,-0.006929323965443712,-0.0987729578071489,0.10726155967179445,-0.9892873682861207,0.0083,-0.0025,-0.0067,-0.00083,0.00104,0.00034
1770803064.5903592,29.323648425887107,4.450041827600583,-2.7214032964653114,-0.006929323965443712,-0.0987729578071489,0.10726155967179445,-0.9892873682861207,0.0083,-0.0025,-0.0067,0.00073,-0.00237,-0.0003
1770803064.6456575,29.323648425887107,4.450041827600583,-2.7214032964653114,-0.006929323965443712,-0.0987729578071489,0.10726155967179445,-0.9892873682861207,0.0083,-0.0025,-0.0067,0.00066,-0.00012,-5e-05
1770803064.6915228,29.323648425887107,4.450041827600583,-2.7214032964653114,-0.006929323965443712,-0.0987729578071489,0.10726155967179445,-0.9892873682861207,0.0083,-0.0025,-0.0067,0.00044,0.00206,0.00017
1770803064.7411323,29.323648425887107,4.450041827600583,-2.7214032964653114,-0.006929323965443712,-0.0987729578071489,0.10726155967179445,-0.9892873682861207,0.0083,-0.0025,-0.0067,0.00028,0.00216,1e-05
1770803064.793994,29.323648425887107,4.450041827600583,-2.7214032964653114,-0.006929323965443712,-0.0987729578071489,0.10726155967179445,-0.9892873682861207,0.0083,-0.0025,-0.0067,0.00093,-0.00359,-0.00071
1770803064.8445106,29.323648425887107,4.450041827600583,-2.7214032964653114,-0.006929323965443712,-0.0987729578071489,0.10726155967179445,-0.9892873682861207,0.0083,-0.0025,-0.0067,0.00042,0.00385,0.00061
1770803064.919612,29.323648425887107,4.450041827600583,-2.7214032964653114,-0.006929323965443712,-0.0987729578071489,0.10726155967179445,-0.9892873682861207,0.0083,-0.0025,-0.0067,0.00122,-0.0013,-0.00015
1770803064.9437792,29.323648425887107,4.450041827600583,-2.7214032964653114,-0.006929323965443712,-0.0987729578071489,0.10726155967179445,-0.9892873682861207,0.0083,-0.0025,-0.0067,-0.0005,0.00105,0.0
1770803064.9913707,29.323648425887107,4.450041827600583,-2.7214032964653114,-0.006929323965443712,-0.0987729578071489,0.10726155967179445,-0.9892873682861207,0.0083,-0.0025,-0.0067,-0.00018,-0.00202,-0.00082
1770803065.041086,29.323648425887107,4.450041827600583,-2.7214032964653114,-0.006929323965443712,-0.0987729578071489,0.10726155967179445,-0.9892873682861207,0.0083,-0.0025,-0.0067,-0.002,0.00104,-0.0004
1770803065.0916173,29.323648425887107,4.450041827600583,-2.7214032964653114,-0.006929323965443712,-0.0987729578071489,0.10726155967179445,-0.9892873682861207,0.0083,-0.0025,-0.0067,-0.00076,0.00019,0.00041
1770803065.144092,29.323648425887107,4.450041827600583,-2.7214032964653114,-0.006929323965443712,-0.0987729578071489,0.10726155967179445,-0.9892873682861207,0.0083,-0.0025,-0.0067,0.00088,-0.00066,0.0007
1770803065.190713,29.323648425887107,4.450041827600583,-2.7214032964653114,-0.006929323965443712,-0.0987729578071489,0.10726155967179445,-0.9892873682861207,0.0083,-0.0025,-0.0067,-0.00212,0.00507,0.00085
1770803065.2448268,29.323648425887107,4.450041827600583,-2.7214032964653114,-0.006929323965443712,-0.0987729578071489,0.10726155967179445,-0.9892873682861207,0.0083,-0.0025,-0.0067,0.00163,-0.00551,-0.00055
1770803065.2923431,29.323648425887107,4.450041827600583,-2.7214032964653114,-0.006929323965443712,-0.0987729578071489,0.10726155967179445,-0.9892873682861207,0.0083,-0.0025,-0.0067,0.00022,0.00087,0.00016
1770803065.3405206,29.323648425887107,4.450041827600583,-2.7214032964653114,-0.006929323965443712,-0.0987729578071489,0.10726155967179445,-0.9892873682861207,0.0083,-0.0025,-0.0067,0.00129,-0.0013,0.00016
1770803065.400657,29.323648425887107,4.450041827600583,-2.7214032964653114,-0.006929323965443712,-0.0987729578071489,0.10726155967179445,-0.9892873682861207,0.0083,-0.0025,-0.0067,0.00137,-0.0055,-0.00042
1770803065.4403791,29.323648425887107,4.450041827600583,-2.7214032964653114,-0.006929323965443712,-0.0987729578071489,0.10726155967179445,-0.9892873682861207,0.0083,-0.0025,-0.0067,-0.00096,-0.00107,0.00013
1770803065.490754,29.323648425887107,4.450041827600583,-2.7214032964653114,-0.006929323965443712,-0.0987729578071489,0.10726155967179445,-0.9892873682861207,0.0083,-0.0025,-0.0067,0.00027,0.00057,-0.00031
1770803065.542428,29.323648425887107,4.450041827600583,-2.7214032964653114,-0.006929323965443712,-0.0987729578071489,0.10726155967179445,-0.9892873682861207,0.0083,-0.0025,-0.0067,-5e-05,0.00079,0.00025
1770803065.5929782,29.323648425887107,4.450041827600583,-2.7214032964653114,-0.006929323965443712,-0.0987729578071489,0.10726155967179445,-0.9892873682861207,0.0083,-0.0025,-0.0067,0.00111,-0.00264,-0.0003
1770803065.640894,29.323648425887107,4.450041827600583,-2.7214032964653114,-0.006929323965443712,-0.0987729578071489,0.10726155967179445,-0.9892873682861207,0.0083,-0.0025,-0.0067,-0.00058,0.00057,-0.00047
1770803065.6914337,29.323648425887107,4.450041827600583,-2.7214032964653114,-0.006929323965443712,-0.0987729578071489,0.10726155967179445,-0.9892873682861207,0.0083,-0.0025,-0.0067,0.00026,-2e-05,0.0003
1770803065.7420642,29.323648425887107,4.450041827600583,-2.7214032964653114,-0.006929323965443712,-0.0987729578071489,0.10726155967179445,-0.9892873682861207,0.0083,-0.0025,-0.0067,-0.00038,0.0004,-0.00014
1770803065.7903564,29.323648425887107,4.450041827600583,-2.7214032964653114,-0.006929323965443712,-0.0987729578071489,0.10726155967179445,-0.9892873682861207,0.0083,-0.0025,-0.0067,0.00055,-0.00241,-0.00062
1770803065.8406243,29.323648425887107,4.450041827600583,-2.7214032964653114,-0.006929323965443712,-0.0987729578071489,0.10726155967179445,-0.9892873682861207,0.0083,-0.0025,-0.0067,-0.00087,0.00203,0.00025
1770803065.8909638,29.323648425887107,4.450041827600583,-2.7214032964653114,-0.006929323965443712,-0.0987729578071489,0.10726155967179445,-0.9892873682861207,0.0083,-0.0025,-0.0067,-0.00067,0.00141,0.00013
1770803065.9415908,29.323648425887107,4.450041827600583,-2.7214032964653114,-0.006929323965443712,-0.0987729578071489,0.10726155967179445,-0.9892873682861207,0.0083,-0.0025,-0.0067,0.00158,-0.00087,5e-05
1770803065.9901161,29.323648425887107,4.450041827600583,-2.7214032964653114,-0.006929323965443712,-0.0987729578071489,0.10726155967179445,-0.9892873682861207,0.0083,-0.0025,-0.0067,-0.00095,0.00194,-0.00014
1770803066.040321,29.323648425887107,4.450041827600583,-2.7214032964653114,-0.006929323965443712,-0.0987729578071489,0.10726155967179445,-0.9892873682861207,0.0083,-0.0025,-0.0067,0.00062,-0.00201,5e-05
1770803066.0925794,29.323648425887107,4.450041827600583,-2.7214032964653114,-0.006929323965443712,-0.0987729578071489,0.10726155967179445,-0.9892873682861207,0.0083,-0.0025,-0.0067,-0.00045,0.00084,0.00013
1770803066.1432724,29.323648425887107,4.450041827600583,-2.7214032964653114,-0.006929323965443712,-0.0987729578071489,0.10726155967179445,-0.9892873682861207,0.0083,-0.0025,-0.0067,0.00049,-0.00091,0.00023
1770803066.1980662,29.323648425887107,4.450041827600583,-2.7214032964653114,-0.006929323965443712,-0.0987729578071489,0.10726155967179445,-0.9892873682861207,0.0083,-0.0025,-0.0067,0.00034,0.00064,7e-05
1770803066.2402148,29.323648425887107,4.450041827600583,-2.7214032964653114,-0.006929323965443712,-0.0987729578071489,0.10726155967179445,-0.9892873682861207,0.0083,-0.0025,-0.0067,5e-05,0.00026,-0.00067
1770803066.293859,29.323648425887107,4.450041827600583,-2.7214032964653114,-0.006929323965443712,-0.0987729578071489,0.10726155967179445,-0.9892873682861207,0.0083,-0.0025,-0.0067,0.00049,-0.00211,-0.00034
1770803066.3398688,29.323648425887107,4.450041827600583,-2.7214032964653114,-0.006929323965443712,-0.0987729578071489,0.10726155967179445,-0.9892873682861207,0.0083,-0.0025,-0.0067,0.00011,0.00067,0.00023
1770803066.3957403,29.323648425887107,4.450041827600583,-2.7214032964653114,-0.006929323965443712,-0.0987729578071489,0.10726155967179445,-0.9892873682861207,0.0083,-0.0025,-0.0067,-0.00089,0.00091,6e-05
1770803066.4407012,29.323648425887107,4.450041827600583,-2.7214032964653114,-0.006929323965443712,-0.0987729578071489,0.10726155967179445,-0.9892873682861207,0.0083,-0.0025,-0.0067,-0.00024,0.00071,0.00018
1770803066.4975278,29.323648425887107,4.450041827600583,-2.7214032964653114,-0.006929323965443712,-0.0987729578071489,0.10726155967179445,-0.9892873682861207,0.0083,-0.0025,-0.0067,-0.00095,0.00119,-0.00034
1770803066.549898,29.323648425887107,4.450041827600583,-2.7214032964653114,-0.006929323965443712,-0.0987729578071489,0.10726155967179445,-0.9892873682861207,0.0083,-0.0025,-0.0067,-0.00108,0.00172,0.00032
1770803066.5908372,29.323648425887107,4.450041827600583,-2.7214032964653114,-0.006929323965443712,-0.0987729578071489,0.10726155967179445,-0.9892873682861207,0.0083,-0.0025,-0.0067,-0.00074,0.00144,0.00024
1770803066.6399496,29.323648425887107,4.450041827600583,-2.7214032964653114,-0.006929323965443712,-0.0987729578071489,0.10726155967179445,-0.9892873682861207,0.0083,-0.0025,-0.0067,-0.00052,3e-05,-0.0001
1770803066.6937878,29.323648425887107,4.450041827600583,-2.7214032964653114,-0.006929323965443712,-0.0987729578071489,0.10726155967179445,-0.9892873682861207,0.0083,-0.0025,-0.0067,-0.00078,0.00304,0.00022
1770803066.742535,29.323648425887107,4.450041827600583,-2.7214032964653114,-0.006929323965443712,-0.0987729578071489,0.10726155967179445,-0.9892873682861207,0.0083,-0.0025,-0.0067,-0.00095,0.00151,-0.00047
1770803066.7977638,29.323648425887107,4.450041827600583,-2.7214032964653114,-0.006929323965443712,-0.0987729578071489,0.10726155967179445,-0.9892873682861207,0.0083,-0.0025,-0.0067,0.00187,-0.00285,-0.0005
1770803066.843089,29.323648425887107,4.450041827600583,-2.7214032964653114,-0.006929323965443712,-0.0987729578071489,0.10726155967179445,-0.9892873682861207,0.0083,-0.0025,-0.0067,5e-05,-0.00147,-9e-05
1770803066.8931484,29.323648425887107,4.450041827600583,-2.7214032964653114,-0.006929323965443712,-0.0987729578071489,0.10726155967179445,-0.9892873682861207,0.0083,-0.0025,-0.0067,0.0003,-0.00176,-0.00022
1770803066.9411256,29.323648425887107,4.450041827600583,-2.7214032964653114,-0.006929323965443712,-0.0987729578071489,0.10726155967179445,-0.9892873682861207,0.0083,-0.0025,-0.0067,0.00022,0.00071,0.00024
1770803066.9901006,29.323648425887107,4.450041827600583,-2.7214032964653114,-0.006929323965443712,-0.0987729578071489,0.10726155967179445,-0.9892873682861207,0.0083,-0.0025,-0.0067,-0.00044,0.00149,-0.00014
1770803067.0433698,29.323648425887107,4.450041827600583,-2.7214032964653114,-0.006929323965443712,-0.0987729578071489,0.10726155967179445,-0.9892873682861207,0.0083,-0.0025,-0.0067,-0.00046,7e-05,0.00019
1770803067.0911398,29.323648425887107,4.450041827600583,-2.7214032964653114,-0.006929323965443712,-0.0987729578071489,0.10726155967179445,-0.9892873682861207,0.0083,-0.0025,-0.0067,-0.00079,0.00147,-0.00046
1770803067.143938,29.323648425887107,4.450041827600583,-2.7214032964653114,-0.006929323965443712,-0.0987729578071489,0.10726155967179445,-0.9892873682861207,0.0083,-0.0025,-0.0067,0.00176,-0.00178,-0.0003
1770803067.1933599,29.323648425887107,4.450041827600583,-2.7214032964653114,-0.006929323965443712,-0.0987729578071489,0.10726155967179445,-0.9892873682861207,0.0083,-0.0025,-0.0067,-0.00115,0.00299,-0.0002
1770803067.2412748,29.323648425887107,4.450041827600583,-2.7214032964653114,-0.006929323965443712,-0.0987729578071489,0.10726155967179445,-0.9892873682861207,0.0083,-0.0025,-0.0067,-0.00091,0.00223,-3e-05
1770803067.2910407,29.323648425887107,4.450041827600583,-2.7214032964653114,-0.006929323965443712,-0.0987729578071489,0.10726155967179445,-0.9892873682861207,0.0083,-0.0025,-0.0067,0.00038,0.00011,-0.00013
1770803067.3412082,29.323648425887107,4.450041827600583,-2.7214032964653114,-0.006929323965443712,-0.0987729578071489,0.10726155967179445,-0.9892873682861207,0.0083,-0.0025,-0.0067,-0.0008,0.0024,0.00015
1770803067.3908558,29.323648425887107,4.450041827600583,-2.7214032964653114,-0.006929323965443712,-0.0987729578071489,0.10726155967179445,-0.9892873682861207,0.0083,-0.0025,-0.0067,0.00206,-0.00281,5e-05
1770803067.4410088,29.323648425887107,4.450041827600583,-2.7214032964653114,-0.006929323965443712,-0.0987729578071489,0.10726155967179445,-0.9892873682861207,0.0083,-0.0025,-0.0067,0.00063,-0.00072,0.00034
1770803067.4912546,29.323648425887107,4.450041827600583,-2.7214032964653114,-0.006929323965443712,-0.0987729578071489,0.10726155967179445,-0.9892873682861207,0.0083,-0.0025,-0.0067,0.00176,-0.00249,-0.0005
1770803067.5408525,29.323648425887107,4.450041827600583,-2.7214032964653114,-0.006929323965443712,-0.0987729578071489,0.10726155967179445,-0.9892873682861207,0.0083,-0.0025,-0.0067,-0.00127,0.00216,0.00066
1770803067.5919278,29.323648425887107,4.450041827600583,-2.7214032964653114,-0.006929323965443712,-0.0987729578071489,0.10726155967179445,-0.9892873682861207,0.0083,-0.0025,-0.0067,-0.00085,0.00087,-0.00032
1770803067.6433306,29.323648425887107,4.450041827600583,-2.7214032964653114,-0.006929323965443712,-0.0987729578071489,0.10726155967179445,-0.9892873682861207,0.0083,-0.0025,-0.0067,0.00084,0.00052,-1e-05
1770803067.690265,29.323648425887107,4.450041827600583,-2.7214032964653114,-0.006929323965443712,-0.0987729578071489,0.10726155967179445,-0.9892873682861207,0.0083,-0.0025,-0.0067,-0.00119,-0.00058,0.00019
1770803067.7407124,29.323648425887107,4.450041827600583,-2.7214032964653114,-0.006929323965443712,-0.0987729578071489,0.10726155967179445,-0.9892873682861207,0.0083,-0.0025,-0.0067,0.00074,0.00234,0.00073
1770803067.7915936,29.323648425887107,4.450041827600583,-2.7214032964653114,-0.006929323965443712,-0.0987729578071489,0.10726155967179445,-0.9892873682861207,0.0083,-0.0025,-0.0067,0.00101,-0.00154,0.00013
1770803067.8407621,29.323648425887107,4.450041827600583,-2.7214032964653114,-0.006929323965443712,-0.0987729578071489,0.10726155967179445,-0.9892873682861207,0.0083,-0.0025,-0.0067,-1e-05,-0.00034,4e-05
1770803067.8916912,29.323648425887107,4.450041827600583,-2.7214032964653114,-0.006929323965443712,-0.0987729578071489,0.10726155967179445,-0.9892873682861207,0.0083,-0.0025,-0.0067,0.0018,-0.00317,-0.00051
1770803067.9404829,29.323648425887107,4.450041827600583,-2.7214032964653114,-0.006929323965443712,-0.0987729578071489,0.10726155967179445,-0.9892873682861207,0.0083,-0.0025,-0.0067,0.0012,-0.00246,-0.00019
1770803067.9907887,29.323648425887107,4.450041827600583,-2.7214032964653114,-0.006929323965443712,-0.0987729578071489,0.10726155967179445,-0.9892873682861207,0.0083,-0.0025,-0.0067,-0.00031,0.0021,0.00059
1770803068.0424237,29.323648425887107,4.450041827600583,-2.7214032964653114,-0.006929323965443712,-0.0987729578071489,0.10726155967179445,-0.9892873682861207,0.0083,-0.0025,-0.0067,-0.0006,-0.00164,-5e-05
1770803068.0918543,29.323648425887107,4.450041827600583,-2.7214032964653114,-0.006929323965443712,-0.0987729578071489,0.10726155967179445,-0.9892873682861207,0.0083,-0.0025,-0.0067,4e-05,-0.00083,0.00017
1770803068.140152,29.323648425887107,4.450041827600583,-2.7214032964653114,-0.006929323965443712,-0.0987729578071489,0.10726155967179445,-0.9892873682861207,0.0083,-0.0025,-0.0067,0.00096,-0.00202,-0.00031
1770803068.1909373,29.323648425887107,4.450041827600583,-2.7214032964653114,-0.006929323965443712,-0.0987729578071489,0.10726155967179445,-0.9892873682861207,0.0083,-0.0025,-0.0067,-0.00015,0.00193,-0.0002
1770803068.2402227,29.323648425887107,4.450041827600583,-2.7214032964653114,-0.006929323965443712,-0.0987729578071489,0.10726155967179445,-0.9892873682861207,0.0083,-0.0025,-0.0067,-0.00184,0.00419,0.00059
1770803068.2902617,29.323648425887107,4.450041827600583,-2.7214032964653114,-0.006929323965443712,-0.0987729578071489,0.10726155967179445,-0.9892873682861207,0.0083,-0.0025,-0.0067,0.0,-0.00014,9e-05
1770803068.3403294,29.323648425887107,4.450041827600583,-2.7214032964653114,-0.006929323965443712,-0.0987729578071489,0.10726155967179445,-0.9892873682861207,0.0083,-0.0025,-0.0067,-9e-05,0.00164,0.00052
1770803068.3903465,29.323648425887107,4.450041827600583,-2.7214032964653114,-0.006929323965443712,-0.0987729578071489,0.10726155967179445,-0.9892873682861207,0.0083,-0.0025,-0.0067,-0.00068,0.001,0.00024
1770803068.4428258,29.323648425887107,4.450041827600583,-2.7214032964653114,-0.006929323965443712,-0.0987729578071489,0.10726155967179445,-0.9892873682861207,0.0083,-0.0025,-0.0067,-0.00142,0.00247,-6e-05
1770803068.4902387,29.323648425887107,4.450041827600583,-2.7214032964653114,-0.006929323965443712,-0.0987729578071489,0.10726155967179445,-0.9892873682861207,0.0083,-0.0025,-0.0067,0.00057,-0.00059,-0.00021
1770803068.546408,29.323648425887107,4.450041827600583,-2.7214032964653114,-0.006929323965443712,-0.0987729578071489,0.10726155967179445,-0.9892873682861207,0.0083,-0.0025,-0.0067,0.00087,-0.00075,5e-05
1770803068.5922728,29.323648425887107,4.450041827600583,-2.7214032964653114,-0.006929323965443712,-0.0987729578071489,0.10726155967179445,-0.9892873682861207,0.0083,-0.0025,-0.0067,0.00087,-0.00052,6e-05
1770803068.647957,29.323648425887107,4.450041827600583,-2.7214032964653114,-0.006929323965443712,-0.0987729578071489,0.10726155967179445,-0.9892873682861207,0.0083,-0.0025,-0.0067,0.00124,-0.00206,-0.00015
1770803068.6906202,29.323648425887107,4.450041827600583,-2.7214032964653114,-0.006929323965443712,-0.0987729578071489,0.10726155967179445,-0.9892873682861207,0.0083,-0.0025,-0.0067,-0.00073,-0.0001,-0.0004
1770803068.751572,29.323648425887107,4.450041827600583,-2.7214032964653114,-0.006929323965443712,-0.0987729578071489,0.10726155967179445,-0.9892873682861207,0.0083,-0.0025,-0.0067,-0.00157,0.00392,0.0002
1770803068.7914786,29.323648425887107,4.450041827600583,-2.7214032964653114,-0.006929323965443712,-0.0987729578071489,0.10726155967179445,-0.9892873682861207,0.0083,-0.0025,-0.0067,0.00049,-0.0003,0.00019
1770803068.8435464,29.323648425887107,4.450041827600583,-2.7214032964653114,-0.006929323965443712,-0.0987729578071489,0.10726155967179445,-0.9892873682861207,0.0083,-0.0025,-0.0067,0.00122,-0.00197,-0.00015
1770803068.8922012,29.323648425887107,4.450041827600583,-2.7214032964653114,-0.006929323965443712,-0.0987729578071489,0.10726155967179445,-0.9892873682861207,0.0083,-0.0025,-0.0067,0.00107,-0.00066,1e-05
1770803068.9418826,29.323648425887107,4.450041827600583,-2.7214032964653114,-0.006929323965443712,-0.0987729578071489,0.10726155967179445,-0.9892873682861207,0.0083,-0.0025,-0.0067,-0.00099,0.00279,0.00021
1770803068.990446,29.323648425887107,4.450041827600583,-2.7214032964653114,-0.006929323965443712,-0.0987729578071489,0.10726155967179445,-0.9892873682861207,0.0083,-0.0025,-0.0067,-0.00033,-0.00146,-0.00045
1770803069.0439422,29.323648425887107,4.450041827600583,-2.7214032964653114,-0.006929323965443712,-0.0987729578071489,0.10726155967179445,-0.9892873682861207,0.0083,-0.0025,-0.0067,0.00229,-0.00462,3e-05
1770803069.089732,29.323648425887107,4.450041827600583,-2.7214032964653114,-0.006929323965443712,-0.0987729578071489,0.10726155967179445,-0.9892873682861207,0.0083,-0.0025,-0.0067,-0.00118,0.00164,9e-05
1770803069.140426,29.323648425887107,4.450041827600583,-2.7214032964653114,-0.006929323965443712,-0.0987729578071489,0.10726155967179445,-0.9892873682861207,0.0083,-0.0025,-0.0067,-0.00051,3e-05,0.00039
1770803069.1907916,29.323648425887107,4.450041827600583,-2.7214032964653114,-0.006929323965443712,-0.0987729578071489,0.10726155967179445,-0.9892873682861207,0.0083,-0.0025,-0.0067,-0.00026,-0.00134,0.0
1770803069.240171,29.323648425887107,4.450041827600583,-2.7214032964653114,-0.006929323965443712,-0.0987729578071489,0.10726155967179445,-0.9892873682861207,0.0083,-0.0025,-0.0067,0.0008,-0.00346,-0.00027
1770803069.2930577,29.323648425887107,4.450041827600583,-2.7214032964653114,-0.006929323965443712,-0.0987729578071489,0.10726155967179445,-0.9892873682861207,0.0083,-0.0025,-0.0067,-5e-05,0.00021,0.00016
1770803069.3402221,29.323648425887107,4.450041827600583,-2.7214032964653114,-0.006929323965443712,-0.0987729578071489,0.10726155967179445,-0.9892873682861207,0.0083,-0.0025,-0.0067,0.00245,-0.00212,-0.00025
1770803069.391593,29.323648425887107,4.450041827600583,-2.7214032964653114,-0.006929323965443712,-0.0987729578071489,0.10726155967179445,-0.9892873682861207,0.0083,-0.0025,-0.0067,0.00052,0.00092,-0.00016
1770803069.441888,29.323648425887107,4.450041827600583,-2.7214032964653114,-0.006929323965443712,-0.0987729578071489,0.10726155967179445,-0.9892873682861207,0.0083,-0.0025,-0.0067,-0.00096,0.00475,0.00048
1770803069.494719,29.323648425887107,4.450041827600583,-2.7214032964653114,-0.006929323965443712,-0.0987729578071489,0.10726155967179445,-0.9892873682861207,0.0083,-0.0025,-0.0067,-8e-05,-0.00023,-0.00066
1770803069.5434575,29.323648425887107,4.450041827600583,-2.7214032964653114,-0.006929323965443712,-0.0987729578071489,0.10726155967179445,-0.9892873682861207,0.0083,-0.0025,-0.0067,-0.00046,0.00328,-0.00013
1770803069.5905192,29.323648425887107,4.450041827600583,-2.7214032964653114,-0.006929323965443712,-0.0987729578071489,0.10726155967179445,-0.9892873682861207,0.0083,-0.0025,-0.0067,-0.00177,0.00548,0.00087
1770803069.640966,29.323648425887107,4.450041827600583,-2.7214032964653114,-0.006929323965443712,-0.0987729578071489,0.10726155967179445,-0.9892873682861207,0.0083,-0.0025,-0.0067,0.0004,0.00019,0.00024
1770803069.6908767,29.323648425887107,4.450041827600583,-2.7214032964653114,-0.006929323965443712,-0.0987729578071489,0.10726155967179445,-0.9892873682861207,0.0083,-0.0025,-0.0067,0.00037,0.00173,0.00038
1770803069.7422502,29.323648425887107,4.450041827600583,-2.7214032964653114,-0.006929323965443712,-0.0987729578071489,0.10726155967179445,-0.9892873682861207,0.0083,-0.0025,-0.0067,0.00036,0.00054,-0.00026
1770803069.793542,29.323648425887107,4.450041827600583,-2.7214032964653114,-0.006929323965443712,-0.0987729578071489,0.10726155967179445,-0.9892873682861207,0.0083,-0.0025,-0.0067,0.00036,0.00118,-6e-05
1770803069.844459,29.323648425887107,4.450041827600583,-2.7214032964653114,-0.006929323965443712,-0.0987729578071489,0.10726155967179445,-0.9892873682861207,0.0083,-0.0025,-0.0067,8e-05,-0.00186,-0.00031
1770803069.8913705,29.323648425887107,4.450041827600583,-2.7214032964653114,-0.006929323965443712,-0.0987729578071489,0.10726155967179445,-0.9892873682861207,0.0083,-0.0025,-0.0067,0.00106,-0.00278,-0.00047
1770803069.940486,29.323648425887107,4.450041827600583,-2.7214032964653114,-0.006929323965443712,-0.0987729578071489,0.10726155967179445,-0.9892873682861207,0.0083,-0.0025,-0.0067,-0.0023,0.00241,0.00024
1770803069.991758,29.323648425887107,4.450041827600583,-2.7214032964653114,-0.006929323965443712,-0.0987729578071489,0.10726155967179445,-0.9892873682861207,0.0083,-0.0025,-0.0067,0.00031,-0.00039,0.0002
1770803070.04054,29.323648425887107,4.450041827600583,-2.7214032964653114,-0.006929323965443712,-0.0987729578071489,0.10726155967179445,-0.9892873682861207,0.0083,-0.0025,-0.0067,-0.00185,0.0076,0.0008
1770803070.0908554,29.323648425887107,4.450041827600583,-2.7214032964653114,-0.006929323965443712,-0.0987729578071489,0.10726155967179445,-0.9892873682861207,0.0083,-0.0025,-0.0067,-0.00012,-2e-05,3e-05
1770803070.1404502,29.323648425887107,4.450041827600583,-2.7214032964653114,-0.006929323965443712,-0.0987729578071489,0.10726155967179445,-0.9892873682861207,0.0083,-0.0025,-0.0067,5e-05,-0.00056,-0.00033
1770803070.1925635,29.323648425887107,4.450041827600583,-2.7214032964653114,-0.006929323965443712,-0.0987729578071489,0.10726155967179445,-0.9892873682861207,0.0083,-0.0025,-0.0067,0.00044,-0.00177,-3e-05
1770803070.2404978,29.323648425887107,4.450041827600583,-2.7214032964653114,-0.006929323965443712,-0.0987729578071489,0.10726155967179445,-0.9892873682861207,0.0083,-0.0025,-0.0067,-0.00101,0.00248,0.00014
1770803070.2901409,29.323648425887107,4.450041827600583,-2.7214032964653114,-0.006929323965443712,-0.0987729578071489,0.10726155967179445,-0.9892873682861207,0.0083,-0.0025,-0.0067,0.0,-0.00237,-0.00056
1770803070.3420656,29.323648425887107,4.450041827600583,-2.7214032964653114,-0.006929323965443712,-0.0987729578071489,0.10726155967179445,-0.9892873682861207,0.0083,-0.0025,-0.0067,-0.00024,0.00012,-0.00024
1770803070.3925095,29.323648425887107,4.450041827600583,-2.7214032964653114,-0.006929323965443712,-0.0987729578071489,0.10726155967179445,-0.9892873682861207,0.0083,-0.0025,-0.0067,-0.00106,-0.0001,-0.00066
1770803070.4407828,29.323648425887107,4.450041827600583,-2.7214032964653114,-0.006929323965443712,-0.0987729578071489,0.10726155967179445,-0.9892873682861207,0.0083,-0.0025,-0.0067,0.00011,-0.00266,-4e-05
1770803070.491265,29.323648425887107,4.450041827600583,-2.7214032964653114,-0.006929323965443712,-0.0987729578071489,0.10726155967179445,-0.9892873682861207,0.0083,-0.0025,-0.0067,-0.00052,-0.002,-0.00048
1770803070.5415688,29.323648425887107,4.450041827600583,-2.7214032964653114,-0.006929323965443712,-0.0987729578071489,0.10726155967179445,-0.9892873682861207,0.0083,-0.0025,-0.0067,0.00034,-0.00171,0.00015
1770803070.5947058,29.323648425887107,4.450041827600583,-2.7214032964653114,-0.006929323965443712,-0.0987729578071489,0.10726155967179445,-0.9892873682861207,0.0083,-0.0025,-0.0067,0.00106,-0.0017,0.00014
1770803070.6398156,29.323648425887107,4.450041827600583,-2.7214032964653114,-0.006929323965443712,-0.0987729578071489,0.10726155967179445,-0.9892873682861207,0.0083,-0.0025,-0.0067,0.00017,-0.00267,-0.00017
1770803070.695874,29.323648425887107,4.450041827600583,-2.7214032964653114,-0.006929323965443712,-0.0987729578071489,0.10726155967179445,-0.9892873682861207,0.0083,-0.0025,-0.0067,0.00197,-0.00212,-0.00028
1770803070.7407079,29.323648425887107,4.450041827600583,-2.7214032964653114,-0.006929323965443712,-0.0987729578071489,0.10726155967179445,-0.9892873682861207,0.0083,-0.0025,-0.0067,-0.00071,0.00267,6e-05
1770803070.799529,29.323648425887107,4.450041827600583,-2.7214032964653114,-0.006929323965443712,-0.0987729578071489,0.10726155967179445,-0.9892873682861207,0.0083,-0.0025,-0.0067,0.00042,-0.00164,-0.00041
1770803070.8402474,29.323648425887107,4.450041827600583,-2.7214032964653114,-0.006929323965443712,-0.0987729578071489,0.10726155967179445,-0.9892873682861207,0.0083,-0.0025,-0.0067,-0.00182,0.0021,0.00023
1770803070.8909798,29.323648425887107,4.450041827600583,-2.7214032964653114,-0.006929323965443712,-0.0987729578071489,0.10726155967179445,-0.9892873682861207,0.0083,-0.0025,-0.0067,0.00066,-0.00144,-4e-05
1770803070.9400456,29.323648425887107,4.450041827600583,-2.7214032964653114,-0.006929323965443712,-0.0987729578071489,0.10726155967179445,-0.9892873682861207,0.0083,-0.0025,-0.0067,0.00119,0.00047,0.00021
1770803070.9933403,29.323648425887107,4.450041827600583,-2.7214032964653114,-0.006929323965443712,-0.0987729578071489,0.10726155967179445,-0.9892873682861207,0.0083,-0.0025,-0.0067,6e-05,0.0003,-0.00015
1770803071.0424669,29.323648425887107,4.450041827600583,-2.7214032964653114,-0.006929323965443712,-0.0987729578071489,0.10726155967179445,-0.9892873682861207,0.0083,-0.0025,-0.0067,0.0,0.0002,0.00023
1770803071.091178,29.323648425887107,4.450041827600583,-2.7214032964653114,-0.006929323965443712,-0.0987729578071489,0.10726155967179445,-0.9892873682861207,0.0083,-0.0025,-0.0067,0.00033,-0.00072,0.0003
1770803071.1407456,29.323648425887107,4.450041827600583,-2.7214032964653114,-0.006929323965443712,-0.0987729578071489,0.10726155967179445,-0.9892873682861207,0.0083,-0.0025,-0.0067,-3e-05,-0.00452,8e-05
1770803071.1918213,29.323648425887107,4.450041827600583,-2.7214032964653114,-0.006929323965443712,-0.0987729578071489,0.10726155967179445,-0.9892873682861207,0.0083,-0.0025,-0.0067,0.00012,0.00054,0.00056
1770803071.2414093,29.323648425887107,4.450041827600583,-2.7214032964653114,-0.006929323965443712,-0.0987729578071489,0.10726155967179445,-0.9892873682861207,0.0083,-0.0025,-0.0067,0.00074,-0.00412,-0.00012
1770803071.291171,29.323648425887107,4.450041827600583,-2.7214032964653114,-0.006929323965443712,-0.0987729578071489,0.10726155967179445,-0.9892873682861207,0.0083,-0.0025,-0.0067,-5e-05,-0.0003,0.00067
1770803071.3430858,29.323648425887107,4.450041827600583,-2.7214032964653114,-0.006929323965443712,-0.0987729578071489,0.10726155967179445,-0.9892873682861207,0.0083,-0.0025,-0.0067,-0.00022,-0.00151,0.00011
1770803071.3929555,29.323648425887107,4.450041827600583,-2.7214032964653114,-0.006929323965443712,-0.0987729578071489,0.10726155967179445,-0.9892873682861207,0.0083,-0.0025,-0.0067,0.00248,-0.00244,0.00022
1770803071.4400063,29.323648425887107,4.450041827600583,-2.7214032964653114,-0.006929323965443712,-0.0987729578071489,0.10726155967179445,-0.9892873682861207,0.0083,-0.0025,-0.0067,-0.00061,0.00185,0.00063
1770803071.4931653,29.323648425887107,4.450041827600583,-2.7214032964653114,-0.006929323965443712,-0.0987729578071489,0.10726155967179445,-0.9892873682861207,0.0083,-0.0025,-0.0067,0.00146,-0.00314,0.00029
1770803071.5409198,29.323648425887107,4.450041827600583,-2.7214032964653114,-0.006929323965443712,-0.0987729578071489,0.10726155967179445,-0.9892873682861207,0.0083,-0.0025,-0.0067,0.00107,-0.00471,-0.00082
1770803071.5912056,29.323648425887107,4.450041827600583,-2.7214032964653114,-0.006929323965443712,-0.0987729578071489,0.10726155967179445,-0.9892873682861207,0.0083,-0.0025,-0.0067,0.00162,-0.00281,-0.00023
1770803071.641112,29.323648425887107,4.450041827600583,-2.7214032964653114,-0.006929323965443712,-0.0987729578071489,0.10726155967179445,-0.9892873682861207,0.0083,-0.0025,-0.0067,0.00047,-0.00119,-0.00025
1770803071.6973464,29.323648425887107,4.450041827600583,-2.7214032964653114,-0.006929323965443712,-0.0987729578071489,0.10726155967179445,-0.9892873682861207,0.0083,-0.0025,-0.0067,0.00017,0.00075,0.00018
1770803071.74677,29.323648425887107,4.450041827600583,-2.7214032964653114,-0.006929323965443712,-0.0987729578071489,0.10726155967179445,-0.9892873682861207,0.0083,-0.0025,-0.0067,-0.00021,0.00018,0.00043
1770803071.7917645,29.323648425887107,4.450041827600583,-2.7214032964653114,-0.006929323965443712,-0.0987729578071489,0.10726155967179445,-0.9892873682861207,0.0083,-0.0025,-0.0067,-0.00157,0.00344,2e-05
1770803071.8410788,29.323648425887107,4.450041827600583,-2.7214032964653114,-0.006929323965443712,-0.0987729578071489,0.10726155967179445,-0.9892873682861207,0.0083,-0.0025,-0.0067,-0.00103,0.00474,0.00113
1770803071.8918395,29.323648425887107,4.450041827600583,-2.7214032964653114,-0.006929323965443712,-0.0987729578071489,0.10726155967179445,-0.9892873682861207,0.0083,-0.0025,-0.0067,0.00049,0.00062,-0.00016
1770803071.9421957,29.323648425887107,4.450041827600583,-2.7214032964653114,-0.006929323965443712,-0.0987729578071489,0.10726155967179445,-0.9892873682861207,0.0083,-0.0025,-0.0067,0.00025,0.00121,0.00038
1770803071.9931078,29.323648425887107,4.450041827600583,-2.7214032964653114,-0.006929323965443712,-0.0987729578071489,0.10726155967179445,-0.9892873682861207,0.0083,-0.0025,-0.0067,0.00164,-0.00406,-0.00035
1770803072.0411239,29.323648425887107,4.450041827600583,-2.7214032964653114,-0.006929323965443712,-0.0987729578071489,0.10726155967179445,-0.9892873682861207,0.0083,-0.0025,-0.0067,0.00116,-0.00153,-0.00045
1770803072.0915203,29.323648425887107,4.450041827600583,-2.7214032964653114,-0.006929323965443712,-0.0987729578071489,0.10726155967179445,-0.9892873682861207,0.0083,-0.0025,-0.0067,0.0019,-0.00312,-0.00041
1770803072.1409562,29.323648425887107,4.450041827600583,-2.7214032964653114,-0.006929323965443712,-0.0987729578071489,0.10726155967179445,-0.9892873682861207,0.0083,-0.0025,-0.0067,0.00022,0.00098,0.0004
1770803072.1921542,29.323648425887107,4.450041827600583,-2.7214032964653114,-0.006929323965443712,-0.0987729578071489,0.10726155967179445,-0.9892873682861207,0.0083,-0.0025,-0.0067,0.00177,-0.00432,-0.0009
1770803072.2409828,29.323648425887107,4.450041827600583,-2.7214032964653114,-0.006929323965443712,-0.0987729578071489,0.10726155967179445,-0.9892873682861207,0.0083,-0.0025,-0.0067,0.00072,-0.00135,-0.00024
1770803072.290108,29.323648425887107,4.450041827600583,-2.7214032964653114,-0.006929323965443712,-0.0987729578071489,0.10726155967179445,-0.9892873682861207,0.0083,-0.0025,-0.0067,0.00117,-0.00085,0.0002
1770803072.342304,29.323648425887107,4.450041827600583,-2.7214032964653114,-0.006929323965443712,-0.0987729578071489,0.10726155967179445,-0.9892873682861207,0.0083,-0.0025,-0.0067,0.00036,-0.00131,-0.00021
1770803072.3907475,29.323648425887107,4.450041827600583,-2.7214032964653114,-0.006929323965443712,-0.0987729578071489,0.10726155967179445,-0.9892873682861207,0.0083,-0.0025,-0.0067,-0.00156,0.00359,0.0002
1770803072.443122,29.323648425887107,4.450041827600583,-2.7214032964653114,-0.006929323965443712,-0.0987729578071489,0.10726155967179445,-0.9892873682861207,0.0083,-0.0025,-0.0067,-0.00199,0.00135,-0.0002
1770803072.4914732,29.323648425887107,4.450041827600583,-2.7214032964653114,-0.006929323965443712,-0.0987729578071489,0.10726155967179445,-0.9892873682861207,0.0083,-0.0025,-0.0067,-0.00045,0.0005,0.00016
1770803072.5435483,29.323648425887107,4.450041827600583,-2.7214032964653114,-0.006929323965443712,-0.0987729578071489,0.10726155967179445,-0.9892873682861207,0.0083,-0.0025,-0.0067,-0.00173,0.00249,-0.00045
1770803072.591771,29.323648425887107,4.450041827600583,-2.7214032964653114,-0.006929323965443712,-0.0987729578071489,0.10726155967179445,-0.9892873682861207,0.0083,-0.0025,-0.0067,-0.00172,0.00179,0.00029
1770803072.6460729,29.323648425887107,4.450041827600583,-2.7214032964653114,-0.006929323965443712,-0.0987729578071489,0.10726155967179445,-0.9892873682861207,0.0083,-0.0025,-0.0067,-5e-05,-0.00165,-0.00033
1770803072.690825,29.323648425887107,4.450041827600583,-2.7214032964653114,-0.006929323965443712,-0.0987729578071489,0.10726155967179445,-0.9892873682861207,0.0083,-0.0025,-0.0067,-0.00014,-0.00137,-8e-05
1770803072.7445557,29.323648425887107,4.450041827600583,-2.7214032964653114,-0.006929323965443712,-0.0987729578071489,0.10726155967179445,-0.9892873682861207,0.0083,-0.0025,-0.0067,0.00144,-0.00413,-0.00018
1770803072.7909758,29.323648425887107,4.450041827600583,-2.7214032964653114,-0.006929323965443712,-0.0987729578071489,0.10726155967179445,-0.9892873682861207,0.0083,-0.0025,-0.0067,-0.00058,0.00072,0.00025
1770803072.8467467,29.323648425887107,4.450041827600583,-2.7214032964653114,-0.006929323965443712,-0.0987729578071489,0.10726155967179445,-0.9892873682861207,0.0083,-0.0025,-0.0067,0.00039,-0.0012,-0.00043
1770803072.8995056,29.323648425887107,4.450041827600583,-2.7214032964653114,-0.006929323965443712,-0.0987729578071489,0.10726155967179445,-0.9892873682861207,0.0083,-0.0025,-0.0067,0.00213,-0.00334,-9e-05
1770803072.9490821,29.323648425887107,4.450041827600583,-2.7214032964653114,-0.006929323965443712,-0.0987729578071489,0.10726155967179445,-0.9892873682861207,0.0083,-0.0025,-0.0067,0.00056,0.00187,-0.00017
1770803072.991157,29.323648425887107,4.450041827600583,-2.7214032964653114,-0.006929323965443712,-0.0987729578071489,0.10726155967179445,-0.9892873682861207,0.0083,-0.0025,-0.0067,-8e-05,0.00061,-0.0004
1770803073.040882,29.323648425887107,4.450041827600583,-2.7214032964653114,-0.006929323965443712,-0.0987729578071489,0.10726155967179445,-0.9892873682861207,0.0083,-0.0025,-0.0067,-0.00013,0.00219,0.0004
1770803073.091458,29.323648425887107,4.450041827600583,-2.7214032964653114,-0.006929323965443712,-0.0987729578071489,0.10726155967179445,-0.9892873682861207,0.0083,-0.0025,-0.0067,-0.00023,0.00127,0.00022
1770803073.157468,29.323648425887107,4.450041827600583,-2.7214032964653114,-0.006929323965443712,-0.0987729578071489,0.10726155967179445,-0.9892873682861207,0.0083,-0.0025,-0.0067,0.00058,-0.00156,0.00011
1770803073.190619,29.323648425887107,4.450041827600583,-2.7214032964653114,-0.006929323965443712,-0.0987729578071489,0.10726155967179445,-0.9892873682861207,0.0083,-0.0025,-0.0067,0.0006,-0.00047,-0.00014
1770803073.2403514,29.323648425887107,4.450041827600583,-2.7214032964653114,-0.006929323965443712,-0.0987729578071489,0.10726155967179445,-0.9892873682861207,0.0083,-0.0025,-0.0067,0.00052,-0.00026,-4e-05
1770803073.2914076,29.323648425887107,4.450041827600583,-2.7214032964653114,-0.006929323965443712,-0.0987729578071489,0.10726155967179445,-0.9892873682861207,0.0083,-0.0025,-0.0067,-0.00127,0.00211,0.00015
1770803073.3494241,29.323648425887107,4.450041827600583,-2.7214032964653114,-0.006929323965443712,-0.0987729578071489,0.10726155967179445,-0.9892873682861207,0.0083,-0.0025,-0.0067,-0.00038,0.00214,0.00011
1770803073.3918083,29.323648425887107,4.450041827600583,-2.7214032964653114,-0.006929323965443712,-0.0987729578071489,0.10726155967179445,-0.9892873682861207,0.0083,-0.0025,-0.0067,0.0003,0.00042,0.00024
1770803073.4409246,29.323648425887107,4.450041827600583,-2.7214032964653114,-0.006929323965443712,-0.0987729578071489,0.10726155967179445,-0.9892873682861207,0.0083,-0.0025,-0.0067,-0.00043,0.00195,0.0003
1770803073.49156,29.323648425887107,4.450041827600583,-2.7214032964653114,-0.006929323965443712,-0.0987729578071489,0.10726155967179445,-0.9892873682861207,0.0083,-0.0025,-0.0067,-0.00127,0.00273,-5e-05
1770803073.5439925,29.323648425887107,4.450041827600583,-2.7214032964653114,-0.006929323965443712,-0.0987729578071489,0.10726155967179445,-0.9892873682861207,0.0083,-0.0025,-0.0067,-0.0014,0.0012,0.00016
1770803073.5932105,29.323648425887107,4.450041827600583,-2.7214032964653114,-0.006929323965443712,-0.0987729578071489,0.10726155967179445,-0.9892873682861207,0.0083,-0.0025,-0.0067,0.00028,-0.00255,-0.00068
1770803073.6412387,29.323648425887107,4.450041827600583,-2.7214032964653114,-0.006929323965443712,-0.0987729578071489,0.10726155967179445,-0.9892873682861207,0.0083,-0.0025,-0.0067,-0.00033,0.00073,-0.00027
1770803073.6908998,29.323648425887107,4.450041827600583,-2.7214032964653114,-0.006929323965443712,-0.0987729578071489,0.10726155967179445,-0.9892873682861207,0.0083,-0.0025,-0.0067,0.00012,-0.00056,0.00022
1770803073.7412992,29.323648425887107,4.450041827600583,-2.7214032964653114,-0.006929323965443712,-0.0987729578071489,0.10726155967179445,-0.9892873682861207,0.0083,-0.0025,-0.0067,-0.00317,0.00512,0.00012
1770803073.7914917,29.323648425887107,4.450041827600583,-2.7214032964653114,-0.006929323965443712,-0.0987729578071489,0.10726155967179445,-0.9892873682861207,0.0083,-0.0025,-0.0067,0.00052,0.00091,-0.00029
1770803073.8410928,29.323648425887107,4.450041827600583,-2.7214032964653114,-0.006929323965443712,-0.0987729578071489,0.10726155967179445,-0.9892873682861207,0.0083,-0.0025,-0.0067,6e-05,-0.00116,-6e-05
1770803073.8908083,29.323648425887107,4.450041827600583,-2.7214032964653114,-0.006929323965443712,-0.0987729578071489,0.10726155967179445,-0.9892873682861207,0.0083,-0.0025,-0.0067,-0.00191,0.00406,0.00065
1770803073.9408019,29.323648425887107,4.450041827600583,-2.7214032964653114,-0.006929323965443712,-0.0987729578071489,0.10726155967179445,-0.9892873682861207,0.0083,-0.0025,-0.0067,2e-05,0.00113,0.00013
1770803073.9906678,29.323648425887107,4.450041827600583,-2.7214032964653114,-0.006929323965443712,-0.0987729578071489,0.10726155967179445,-0.9892873682861207,0.0083,-0.0025,-0.0067,0.0008,-0.00037,7e-05
1770803074.0436268,29.323648425887107,4.450041827600583,-2.7214032964653114,-0.006929323965443712,-0.0987729578071489,0.10726155967179445,-0.9892873682861207,0.0083,-0.0025,-0.0067,4e-05,0.00035,3e-05
1770803074.0945468,29.323648425887107,4.450041827600583,-2.7214032964653114,-0.006929323965443712,-0.0987729578071489,0.10726155967179445,-0.9892873682861207,0.0083,-0.0025,-0.0067,5e-05,-0.00064,0.00029
1770803074.140719,29.323648425887107,4.450041827600583,-2.7214032964653114,-0.006929323965443712,-0.0987729578071489,0.10726155967179445,-0.9892873682861207,0.0083,-0.0025,-0.0067,0.0017,-0.00356,-0.00027
1770803074.1914601,29.323648425887107,4.450041827600583,-2.7214032964653114,-0.006929323965443712,-0.0987729578071489,0.10726155967179445,-0.9892873682861207,0.0083,-0.0025,-0.0067,0.0014,-0.00434,-0.00035
1770803074.2409575,29.323648425887107,4.450041827600583,-2.7214032964653114,-0.006929323965443712,-0.0987729578071489,0.10726155967179445,-0.9892873682861207,0.0083,-0.0025,-0.0067,-0.00028,0.00152,-7e-05
1770803074.2910933,29.323648425887107,4.450041827600583,-2.7214032964653114,-0.006929323965443712,-0.0987729578071489,0.10726155967179445,-0.9892873682861207,0.0083,-0.0025,-0.0067,-2e-05,-0.00262,-4e-05
1770803074.3423858,29.323648425887107,4.450041827600583,-2.7214032964653114,-0.006929323965443712,-0.0987729578071489,0.10726155967179445,-0.9892873682861207,0.0083,-0.0025,-0.0067,-0.00072,0.00012,-1e-05
1770803074.392083,29.323648425887107,4.450041827600583,-2.7214032964653114,-0.006929323965443712,-0.0987729578071489,0.10726155967179445,-0.9892873682861207,0.0083,-0.0025,-0.0067,-2e-05,-0.00034,-0.00031
1770803074.4416249,29.323648425887107,4.450041827600583,-2.7214032964653114,-0.006929323965443712,-0.0987729578071489,0.10726155967179445,-0.9892873682861207,0.0083,-0.0025,-0.0067,0.00088,-0.00151,-0.00023
1770803074.4902625,29.323648425887107,4.450041827600583,-2.7214032964653114,-0.006929323965443712,-0.0987729578071489,0.10726155967179445,-0.9892873682861207,0.0083,-0.0025,-0.0067,-0.00037,0.00068,0.0004
1770803074.5399132,29.323648425887107,4.450041827600583,-2.7214032964653114,-0.006929323965443712,-0.0987729578071489,0.10726155967179445,-0.9892873682861207,0.0083,-0.0025,-0.0067,-0.00129,-0.00011,0.00018
1770803074.5907266,29.323648425887107,4.450041827600583,-2.7214032964653114,-0.006929323965443712,-0.0987729578071489,0.10726155967179445,-0.9892873682861207,0.0083,-0.0025,-0.0067,-0.00048,0.00137,0.00026
1770803074.6427402,29.323648425887107,4.450041827600583,-2.7214032964653114,-0.006929323965443712,-0.0987729578071489,0.10726155967179445,-0.9892873682861207,0.0083,-0.0025,-0.0067,0.00017,-0.00145,-0.00016
1770803074.6906369,29.323648425887107,4.450041827600583,-2.7214032964653114,-0.006929323965443712,-0.0987729578071489,0.10726155967179445,-0.9892873682861207,0.0083,-0.0025,-0.0067,0.00097,-0.00088,0.00032
1770803074.741907,29.323648425887107,4.450041827600583,-2.7214032964653114,-0.006929323965443712,-0.0987729578071489,0.10726155967179445,-0.9892873682861207,0.0083,-0.0025,-0.0067,-0.00074,0.0015,-9e-05
1770803074.7947617,29.323648425887107,4.450041827600583,-2.7214032964653114,-0.006929323965443712,-0.0987729578071489,0.10726155967179445,-0.9892873682861207,0.0083,-0.0025,-0.0067,-0.00172,0.00096,0.0001
1770803074.8573263,29.323648425887107,4.450041827600583,-2.7214032964653114,-0.006929323965443712,-0.0987729578071489,0.10726155967179445,-0.9892873682861207,0.0083,-0.0025,-0.0067,-0.0001,-0.00105,-0.00013
1770803074.8955076,29.323648425887107,4.450041827600583,-2.7214032964653114,-0.006929323965443712,-0.0987729578071489,0.10726155967179445,-0.9892873682861207,0.0083,-0.0025,-0.0067,-0.00087,0.0028,0.00055
1770803074.9402843,29.323648425887107,4.450041827600583,-2.7214032964653114,-0.006929323965443712,-0.0987729578071489,0.10726155967179445,-0.9892873682861207,0.0083,-0.0025,-0.0067,-6e-05,0.001,-0.00036
1770803074.9998157,29.323648425887107,4.450041827600583,-2.7214032964653114,-0.006929323965443712,-0.0987729578071489,0.10726155967179445,-0.9892873682861207,0.0083,-0.0025,-0.0067,-0.00116,0.00201,-0.00018
1770803075.040857,29.323648425887107,4.450041827600583,-2.7214032964653114,-0.006929323965443712,-0.0987729578071489,0.10726155967179445,-0.9892873682861207,0.0083,-0.0025,-0.0067,0.00031,-0.0012,-0.00054
1770803075.0904787,29.323648425887107,4.450041827600583,-2.7214032964653114,-0.006929323965443712,-0.0987729578071489,0.10726155967179445,-0.9892873682861207,0.0083,-0.0025,-0.0067,0.00128,-0.00219,-0.00018
1770803075.14064,29.323648425887107,4.450041827600583,-2.7214032964653114,-0.006929323965443712,-0.0987729578071489,0.10726155967179445,-0.9892873682861207,0.0083,-0.0025,-0.0067,-0.00067,0.00023,0.00028
1770803075.1920598,29.323648425887107,4.450041827600583,-2.7214032964653114,-0.006929323965443712,-0.0987729578071489,0.10726155967179445,-0.9892873682861207,0.0083,-0.0025,-0.0067,-0.00057,0.00112,-0.00054
1770803075.2416487,29.323648425887107,4.450041827600583,-2.7214032964653114,-0.006929323965443712,-0.0987729578071489,0.10726155967179445,-0.9892873682861207,0.0083,-0.0025,-0.0067,0.00119,-0.00233,-0.00046
1770803075.2947013,29.323648425887107,4.450041827600583,-2.7214032964653114,-0.006929323965443712,-0.0987729578071489,0.10726155967179445,-0.9892873682861207,0.0083,-0.0025,-0.0067,0.00037,0.00045,-0.00016
1770803075.341592,29.323648425887107,4.450041827600583,-2.7214032964653114,-0.006929323965443712,-0.0987729578071489,0.10726155967179445,-0.9892873682861207,0.0083,-0.0025,-0.0067,-0.00226,0.00341,0.0003
1770803075.394267,29.323648425887107,4.450041827600583,-2.7214032964653114,-0.006929323965443712,-0.0987729578071489,0.10726155967179445,-0.9892873682861207,0.0083,-0.0025,-0.0067,0.00065,0.00059,-0.00023
1770803075.4404628,29.323648425887107,4.450041827600583,-2.7214032964653114,-0.006929323965443712,-0.0987729578071489,0.10726155967179445,-0.9892873682861207,0.0083,-0.0025,-0.0067,0.00062,0.00015,-8e-05
1770803075.490887,29.323648425887107,4.450041827600583,-2.7214032964653114,-0.006929323965443712,-0.0987729578071489,0.10726155967179445,-0.9892873682861207,0.0083,-0.0025,-0.0067,-0.00028,0.00209,-0.00013
1770803075.5405838,29.323648425887107,4.450041827600583,-2.7214032964653114,-0.006929323965443712,-0.0987729578071489,0.10726155967179445,-0.9892873682861207,0.0083,-0.0025,-0.0067,0.00027,0.0007,-7e-05
1770803075.592834,29.323648425887107,4.450041827600583,-2.7214032964653114,-0.006929323965443712,-0.0987729578071489,0.10726155967179445,-0.9892873682861207,0.0083,-0.0025,-0.0067,-0.00029,0.00261,0.00053
1770803075.6422586,29.323648425887107,4.450041827600583,-2.7214032964653114,-0.006929323965443712,-0.0987729578071489,0.10726155967179445,-0.9892873682861207,0.0083,-0.0025,-0.0067,-0.00066,0.00341,0.00019
1770803075.6924715,29.323648425887107,4.450041827600583,-2.7214032964653114,-0.006929323965443712,-0.0987729578071489,0.10726155967179445,-0.9892873682861207,0.0083,-0.0025,-0.0067,-0.00053,0.00089,-1e-05
1770803075.7406802,29.323648425887107,4.450041827600583,-2.7214032964653114,-0.006929323965443712,-0.0987729578071489,0.10726155967179445,-0.9892873682861207,0.0083,-0.0025,-0.0067,0.0012,-0.00212,-0.0006
1770803075.793464,29.323648425887107,4.450041827600583,-2.7214032964653114,-0.006929323965443712,-0.0987729578071489,0.10726155967179445,-0.9892873682861207,0.0083,-0.0025,-0.0067,-0.00098,0.00335,0.00023
1770803075.8433623,29.323648425887107,4.450041827600583,-2.7214032964653114,-0.006929323965443712,-0.0987729578071489,0.10726155967179445,-0.9892873682861207,0.0083,-0.0025,-0.0067,0.00052,0.00335,0.00055
1770803075.8907135,29.323648425887107,4.450041827600583,-2.7214032964653114,-0.006929323965443712,-0.0987729578071489,0.10726155967179445,-0.9892873682861207,0.0083,-0.0025,-0.0067,0.00021,0.00207,0.0005
1770803075.9422746,29.323648425887107,4.450041827600583,-2.7214032964653114,-0.006929323965443712,-0.0987729578071489,0.10726155967179445,-0.9892873682861207,0.0083,-0.0025,-0.0067,-0.00086,0.00037,-0.00022
1770803075.992409,29.323648425887107,4.450041827600583,-2.7214032964653114,-0.006929323965443712,-0.0987729578071489,0.10726155967179445,-0.9892873682861207,0.0083,-0.0025,-0.0067,0.00111,-0.00126,8e-05
1770803076.042787,29.323648425887107,4.450041827600583,-2.7214032964653114,-0.006929323965443712,-0.0987729578071489,0.10726155967179445,-0.9892873682861207,0.0083,-0.0025,-0.0067,-0.00073,0.00158,0.00024
1770803076.093205,29.323648425887107,4.450041827600583,-2.7214032964653114,-0.006929323965443712,-0.0987729578071489,0.10726155967179445,-0.9892873682861207,0.0083,-0.0025,-0.0067,-0.00136,0.00333,0.00022
1770803076.1405993,29.323648425887107,4.450041827600583,-2.7214032964653114,-0.006929323965443712,-0.0987729578071489,0.10726155967179445,-0.9892873682861207,0.0083,-0.0025,-0.0067,0.00111,-0.00178,0.00035
1770803076.1923187,29.323648425887107,4.450041827600583,-2.7214032964653114,-0.006929323965443712,-0.0987729578071489,0.10726155967179445,-0.9892873682861207,0.0083,-0.0025,-0.0067,-0.00077,0.00024,-0.00047
1770803076.2418554,29.323648425887107,4.450041827600583,-2.7214032964653114,-0.006929323965443712,-0.0987729578071489,0.10726155967179445,-0.9892873682861207,0.0083,-0.0025,-0.0067,-0.0015,0.00233,6e-05
1770803076.290074,29.323648425887107,4.450041827600583,-2.7214032964653114,-0.006929323965443712,-0.0987729578071489,0.10726155967179445,-0.9892873682861207,0.0083,-0.0025,-0.0067,-0.00028,-0.00062,-0.00053
1770803076.3412342,29.323648425887107,4.450041827600583,-2.7214032964653114,-0.006929323965443712,-0.0987729578071489,0.10726155967179445,-0.9892873682861207,0.0083,-0.0025,-0.0067,0.00199,-0.00149,-0.00045
1770803076.3905318,29.323648425887107,4.450041827600583,-2.7214032964653114,-0.006929323965443712,-0.0987729578071489,0.10726155967179445,-0.9892873682861207,0.0083,-0.0025,-0.0067,0.00019,-0.00156,-0.00031
1770803076.4412172,29.323648425887107,4.450041827600583,-2.7214032964653114,-0.006929323965443712,-0.0987729578071489,0.10726155967179445,-0.9892873682861207,0.0083,-0.0025,-0.0067,0.001,-0.00065,-0.00026
1770803076.4909277,29.323648425887107,4.450041827600583,-2.7214032964653114,-0.006929323965443712,-0.0987729578071489,0.10726155967179445,-0.9892873682861207,0.0083,-0.0025,-0.0067,-0.00119,0.00141,-9e-05
1770803076.5410974,29.323648425887107,4.450041827600583,-2.7214032964653114,-0.006929323965443712,-0.0987729578071489,0.10726155967179445,-0.9892873682861207,0.0083,-0.0025,-0.0067,-0.00083,-0.00044,-0.00032
1770803076.5916588,29.323648425887107,4.450041827600583,-2.7214032964653114,-0.006929323965443712,-0.0987729578071489,0.10726155967179445,-0.9892873682861207,0.0083,-0.0025,-0.0067,0.00051,-0.0013,0.00055
1770803076.6429543,29.323648425887107,4.450041827600583,-2.7214032964653114,-0.006929323965443712,-0.0987729578071489,0.10726155967179445,-0.9892873682861207,0.0083,-0.0025,-0.0067,0.00097,-0.00133,-0.00049
1770803076.6931846,29.323648425887107,4.450041827600583,-2.7214032964653114,-0.006929323965443712,-0.0987729578071489,0.10726155967179445,-0.9892873682861207,0.0083,-0.0025,-0.0067,-0.00038,0.00157,0.00041
1770803076.7431102,29.323648425887107,4.450041827600583,-2.7214032964653114,-0.006929323965443712,-0.0987729578071489,0.10726155967179445,-0.9892873682861207,0.0083,-0.0025,-0.0067,0.00058,-0.00051,-9e-05
1770803076.7907803,29.323648425887107,4.450041827600583,-2.7214032964653114,-0.006929323965443712,-0.0987729578071489,0.10726155967179445,-0.9892873682861207,0.0083,-0.0025,-0.0067,0.00242,-0.00129,-7e-05
1770803076.8413384,29.323648425887107,4.450041827600583,-2.7214032964653114,-0.006929323965443712,-0.0987729578071489,0.10726155967179445,-0.9892873682861207,0.0083,-0.0025,-0.0067,0.00071,0.00073,-5e-05
1770803076.8900495,29.323648425887107,4.450041827600583,-2.7214032964653114,-0.006929323965443712,-0.0987729578071489,0.10726155967179445,-0.9892873682861207,0.0083,-0.0025,-0.0067,0.00025,-0.00138,-0.00012
1770803076.9430766,29.323648425887107,4.450041827600583,-2.7214032964653114,-0.006929323965443712,-0.0987729578071489,0.10726155967179445,-0.9892873682861207,0.0083,-0.0025,-0.0067,-0.00035,-0.00133,-0.00036
1770803076.991294,29.323648425887107,4.450041827600583,-2.7214032964653114,-0.006929323965443712,-0.0987729578071489,0.10726155967179445,-0.9892873682861207,0.0083,-0.0025,-0.0067,0.00217,-0.00309,0.00064
1770803077.0510495,29.323648425887107,4.450041827600583,-2.7214032964653114,-0.006929323965443712,-0.0987729578071489,0.10726155967179445,-0.9892873682861207,0.0083,-0.0025,-0.0067,-0.00078,0.00295,0.00047
1770803077.0907865,29.323648425887107,4.450041827600583,-2.7214032964653114,-0.006929323965443712,-0.0987729578071489,0.10726155967179445,-0.9892873682861207,0.0083,-0.0025,-0.0067,-0.00093,-0.00034,-0.00065
1770803077.1487095,29.323648425887107,4.450041827600583,-2.7214032964653114,-0.006929323965443712,-0.0987729578071489,0.10726155967179445,-0.9892873682861207,0.0083,-0.0025,-0.0067,0.00051,0.00103,0.00017
1770803077.1930525,29.323648425887107,4.450041827600583,-2.7214032964653114,-0.006929323965443712,-0.0987729578071489,0.10726155967179445,-0.9892873682861207,0.0083,-0.0025,-0.0067,0.00052,0.00035,8e-05
1770803077.2416396,29.323648425887107,4.450041827600583,-2.7214032964653114,-0.006929323965443712,-0.0987729578071489,0.10726155967179445,-0.9892873682861207,0.0083,-0.0025,-0.0067,-5e-05,-0.00121,0.0004
1770803077.290578,29.323648425887107,4.450041827600583,-2.7214032964653114,-0.006929323965443712,-0.0987729578071489,0.10726155967179445,-0.9892873682861207,0.0083,-0.0025,-0.0067,0.00023,-0.00147,-7e-05
1770803077.345434,29.323648425887107,4.450041827600583,-2.7214032964653114,-0.006929323965443712,-0.0987729578071489,0.10726155967179445,-0.9892873682861207,0.0083,-0.0025,-0.0067,-4e-05,0.00159,0.00039
1770803077.3943992,29.323648425887107,4.450041827600583,-2.7214032964653114,-0.006929323965443712,-0.0987729578071489,0.10726155967179445,-0.9892873682861207,0.0083,-0.0025,-0.0067,-0.00141,0.00295,0.0002
1770803077.4453743,29.323648425887107,4.450041827600583,-2.7214032964653114,-0.006929323965443712,-0.0987729578071489,0.10726155967179445,-0.9892873682861207,0.0083,-0.0025,-0.0067,0.00016,0.0009,0.00049
1770803077.4903896,29.323648425887107,4.450041827600583,-2.7214032964653114,-0.006929323965443712,-0.0987729578071489,0.10726155967179445,-0.9892873682861207,0.0083,-0.0025,-0.0067,0.00136,-0.00245,-0.00016
1770803077.5468233,29.323648425887107,4.450041827600583,-2.7214032964653114,-0.006929323965443712,-0.0987729578071489,0.10726155967179445,-0.9892873682861207,0.0083,-0.0025,-0.0067,0.00141,-0.00425,-0.00076
1770803077.5916817,29.323648425887107,4.450041827600583,-2.7214032964653114,-0.006929323965443712,-0.0987729578071489,0.10726155967179445,-0.9892873682861207,0.0083,-0.0025,-0.0067,0.00081,-0.00078,-0.00059
1770803077.649641,29.323648425887107,4.450041827600583,-2.7214032964653114,-0.006929323965443712,-0.0987729578071489,0.10726155967179445,-0.9892873682861207,0.0083,-0.0025,-0.0067,-0.00028,-0.00035,-0.00026
1770803077.6926286,29.323648425887107,4.450041827600583,-2.7214032964653114,-0.006929323965443712,-0.0987729578071489,0.10726155967179445,-0.9892873682861207,0.0083,-0.0025,-0.0067,0.00033,0.00042,9e-05
1770803077.7407591,29.323648425887107,4.450041827600583,-2.7214032964653114,-0.006929323965443712,-0.0987729578071489,0.10726155967179445,-0.9892873682861207,0.0083,-0.0025,-0.0067,0.0009,-0.00346,-0.00033
1770803077.7920032,29.323648425887107,4.450041827600583,-2.7214032964653114,-0.006929323965443712,-0.0987729578071489,0.10726155967179445,-0.9892873682861207,0.0083,-0.0025,-0.0067,0.00088,-8e-05,-2e-05
1770803077.8412428,29.323648425887107,4.450041827600583,-2.7214032964653114,-0.006929323965443712,-0.0987729578071489,0.10726155967179445,-0.9892873682861207,0.0083,-0.0025,-0.0067,2e-05,-0.00127,-0.00101
1770803077.8927214,29.323648425887107,4.450041827600583,-2.7214032964653114,-0.006929323965443712,-0.0987729578071489,0.10726155967179445,-0.9892873682861207,0.0083,-0.0025,-0.0067,0.00052,-0.00085,7e-05
1770803077.9414113,29.323648425887107,4.450041827600583,-2.7214032964653114,-0.006929323965443712,-0.0987729578071489,0.10726155967179445,-0.9892873682861207,0.0083,-0.0025,-0.0067,-0.00151,0.00057,-0.00014
1770803077.9909313,29.323648425887107,4.450041827600583,-2.7214032964653114,-0.006929323965443712,-0.0987729578071489,0.10726155967179445,-0.9892873682861207,0.0083,-0.0025,-0.0067,-0.00268,0.00355,0.00035
1770803078.043405,29.323648425887107,4.450041827600583,-2.7214032964653114,-0.006929323965443712,-0.0987729578071489,0.10726155967179445,-0.9892873682861207,0.0083,-0.0025,-0.0067,0.00081,-0.00052,0.00027
1770803078.0918963,29.323648425887107,4.450041827600583,-2.7214032964653114,-0.006929323965443712,-0.0987729578071489,0.10726155967179445,-0.9892873682861207,0.0083,-0.0025,-0.0067,-8e-05,0.00082,0.00036
1770803078.1410375,29.323648425887107,4.450041827600583,-2.7214032964653114,-0.006929323965443712,-0.0987729578071489,0.10726155967179445,-0.9892873682861207,0.0083,-0.0025,-0.0067,0.00038,-0.00058,0.00035
1770803078.1960907,29.323648425887107,4.450041827600583,-2.7214032964653114,-0.006929323965443712,-0.0987729578071489,0.10726155967179445,-0.9892873682861207,0.0083,-0.0025,-0.0067,-0.00039,-0.00122,9e-05
1770803078.2459192,29.323648425887107,4.450041827600583,-2.7214032964653114,-0.006929323965443712,-0.0987729578071489,0.10726155967179445,-0.9892873682861207,0.0083,-0.0025,-0.0067,-0.00033,0.00177,4e-05
1770803078.2969646,29.323648425887107,4.450041827600583,-2.7214032964653114,-0.006929323965443712,-0.0987729578071489,0.10726155967179445,-0.9892873682861207,0.0083,-0.0025,-0.0067,-0.00211,0.00151,-3e-05
1770803078.3413708,29.323648425887107,4.450041827600583,-2.7214032964653114,-0.006929323965443712,-0.0987729578071489,0.10726155967179445,-0.9892873682861207,0.0083,-0.0025,-0.0067,-0.00102,0.00146,0.00049
1770803078.395047,29.323648425887107,4.450041827600583,-2.7214032964653114,-0.006929323965443712,-0.0987729578071489,0.10726155967179445,-0.9892873682861207,0.0083,-0.0025,-0.0067,0.00188,-0.00388,-0.00049
1770803078.4405906,29.323648425887107,4.450041827600583,-2.7214032964653114,-0.006929323965443712,-0.0987729578071489,0.10726155967179445,-0.9892873682861207,0.0083,-0.0025,-0.0067,0.0007,0.00026,0.00017
1770803078.4911206,29.323648425887107,4.450041827600583,-2.7214032964653114,-0.006929323965443712,-0.0987729578071489,0.10726155967179445,-0.9892873682861207,0.0083,-0.0025,-0.0067,0.0001,0.00085,0.00029
1770803078.5435731,29.323648425887107,4.450041827600583,-2.7214032964653114,-0.006929323965443712,-0.0987729578071489,0.10726155967179445,-0.9892873682861207,0.0083,-0.0025,-0.0067,-0.00202,0.00317,0.00043
1770803078.5959227,29.323648425887107,4.450041827600583,-2.7214032964653114,-0.006929323965443712,-0.0987729578071489,0.10726155967179445,-0.9892873682861207,0.0083,-0.0025,-0.0067,-0.00057,-0.00026,-4e-05
1770803078.6427622,29.323648425887107,4.450041827600583,-2.7214032964653114,-0.006929323965443712,-0.0987729578071489,0.10726155967179445,-0.9892873682861207,0.0083,-0.0025,-0.0067,0.00112,-0.00088,-0.0003
1770803078.6944377,29.323648425887107,4.450041827600583,-2.7214032964653114,-0.006929323965443712,-0.0987729578071489,0.10726155967179445,-0.9892873682861207,0.0083,-0.0025,-0.0067,0.00014,-0.00117,6e-05
1770803078.7448518,29.323648425887107,4.450041827600583,-2.7214032964653114,-0.006929323965443712,-0.0987729578071489,0.10726155967179445,-0.9892873682861207,0.0083,-0.0025,-0.0067,-0.00053,0.00222,6e-05
1770803078.7912502,29.323648425887107,4.450041827600583,-2.7214032964653114,-0.006929323965443712,-0.0987729578071489,0.10726155967179445,-0.9892873682861207,0.0083,-0.0025,-0.0067,-0.00069,0.00123,0.00024
1770803078.8417943,29.323648425887107,4.450041827600583,-2.7214032964653114,-0.006929323965443712,-0.0987729578071489,0.10726155967179445,-0.9892873682861207,0.0083,-0.0025,-0.0067,-0.0002,0.00074,0.00026
1770803078.8948736,29.323648425887107,4.450041827600583,-2.7214032964653114,-0.006929323965443712,-0.0987729578071489,0.10726155967179445,-0.9892873682861207,0.0083,-0.0025,-0.0067,0.00083,-0.00282,0.0001
1770803078.94129,29.323648425887107,4.450041827600583,-2.7214032964653114,-0.006929323965443712,-0.0987729578071489,0.10726155967179445,-0.9892873682861207,0.0083,-0.0025,-0.0067,0.00121,-0.00311,-0.00014
1770803078.9922404,29.323648425887107,4.450041827600583,-2.7214032964653114,-0.006929323965443712,-0.0987729578071489,0.10726155967179445,-0.9892873682861207,0.0083,-0.0025,-0.0067,-0.00054,0.00073,-0.0001
1770803079.044702,29.323648425887107,4.450041827600583,-2.7214032964653114,-0.006929323965443712,-0.0987729578071489,0.10726155967179445,-0.9892873682861207,0.0083,-0.0025,-0.0067,0.00065,-0.00068,5e-05
1770803079.0937006,29.323648425887107,4.450041827600583,-2.7214032964653114,-0.006929323965443712,-0.0987729578071489,0.10726155967179445,-0.9892873682861207,0.0083,-0.0025,-0.0067,-0.00321,0.00671,0.00037
1770803079.1425407,29.323648425887107,4.450041827600583,-2.7214032964653114,-0.006929323965443712,-0.0987729578071489,0.10726155967179445,-0.9892873682861207,0.0083,-0.0025,-0.0067,-0.00032,-0.00046,-0.00028
1770803079.1961071,29.323648425887107,4.450041827600583,-2.7214032964653114,-0.006929323965443712,-0.0987729578071489,0.10726155967179445,-0.9892873682861207,0.0083,-0.0025,-0.0067,0.00106,-0.00299,0.00023
1770803079.2432177,29.323648425887107,4.450041827600583,-2.7214032964653114,-0.006929323965443712,-0.0987729578071489,0.10726155967179445,-0.9892873682861207,0.0083,-0.0025,-0.0067,0.00161,-0.00155,-0.00017
1770803079.299565,29.323648425887107,4.450041827600583,-2.7214032964653114,-0.006929323965443712,-0.0987729578071489,0.10726155967179445,-0.9892873682861207,0.0083,-0.0025,-0.0067,-0.00036,0.00016,0.0001
1770803079.3444154,29.323648425887107,4.450041827600583,-2.7214032964653114,-0.006929323965443712,-0.0987729578071489,0.10726155967179445,-0.9892873682861207,0.0083,-0.0025,-0.0067,0.00067,0.00015,0.00039
1770803079.397434,29.323648425887107,4.450041827600583,-2.7214032964653114,-0.006929323965443712,-0.0987729578071489,0.10726155967179445,-0.9892873682861207,0.0083,-0.0025,-0.0067,-0.00044,0.00216,0.00061
1770803079.440316,29.323648425887107,4.450041827600583,-2.7214032964653114,-0.006929323965443712,-0.0987729578071489,0.10726155967179445,-0.9892873682861207,0.0083,-0.0025,-0.0067,0.00101,0.00024,-0.00033
1770803079.4927776,29.323648425887107,4.450041827600583,-2.7214032964653114,-0.006929323965443712,-0.0987729578071489,0.10726155967179445,-0.9892873682861207,0.0083,-0.0025,-0.0067,-0.00153,0.00164,-0.00016
1770803079.540007,29.323648425887107,4.450041827600583,-2.7214032964653114,-0.006929323965443712,-0.0987729578071489,0.10726155967179445,-0.9892873682861207,0.0083,-0.0025,-0.0067,0.00096,-0.00364,-0.00085
1770803079.594343,29.323648425887107,4.450041827600583,-2.7214032964653114,-0.006929323965443712,-0.0987729578071489,0.10726155967179445,-0.9892873682861207,0.0083,-0.0025,-0.0067,0.00123,-0.00209,-0.0
1770803079.6415436,29.323648425887107,4.450041827600583,-2.7214032964653114,-0.006929323965443712,-0.0987729578071489,0.10726155967179445,-0.9892873682861207,0.0083,-0.0025,-0.0067,-0.00043,0.00177,0.00037
1770803079.6925569,29.323648425887107,4.450041827600583,-2.7214032964653114,-0.006929323965443712,-0.0987729578071489,0.10726155967179445,-0.9892873682861207,0.0083,-0.0025,-0.0067,0.00048,-0.0019,0.00039
1770803079.741351,29.323648425887107,4.450041827600583,-2.7214032964653114,-0.006929323965443712,-0.0987729578071489,0.10726155967179445,-0.9892873682861207,0.0083,-0.0025,-0.0067,0.00056,-0.00261,-0.0001
1770803079.7909594,29.323648425887107,4.450041827600583,-2.7214032964653114,-0.006929323965443712,-0.0987729578071489,0.10726155967179445,-0.9892873682861207,0.0083,-0.0025,-0.0067,0.00159,-0.00244,-4e-05
1770803079.8411415,29.323648425887107,4.450041827600583,-2.7214032964653114,-0.006929323965443712,-0.0987729578071489,0.10726155967179445,-0.9892873682861207,0.0083,-0.0025,-0.0067,-0.00081,0.00208,0.00016
1770803079.8912053,29.323648425887107,4.450041827600583,-2.7214032964653114,-0.006929323965443712,-0.0987729578071489,0.10726155967179445,-0.9892873682861207,0.0083,-0.0025,-0.0067,-0.00115,0.00187,0.00043
1770803079.9408333,29.323648425887107,4.450041827600583,-2.7214032964653114,-0.006929323965443712,-0.0987729578071489,0.10726155967179445,-0.9892873682861207,0.0083,-0.0025,-0.0067,-0.0001,-0.00067,-0.00014
1770803079.9915335,29.323648425887107,4.450041827600583,-2.7214032964653114,-0.006929323965443712,-0.0987729578071489,0.10726155967179445,-0.9892873682861207,0.0083,-0.0025,-0.0067,-0.00062,0.00037,0.0002
1770803080.0415006,29.323648425887107,4.450041827600583,-2.7214032964653114,-0.006929323965443712,-0.0987729578071489,0.10726155967179445,-0.9892873682861207,0.0083,-0.0025,-0.0067,0.00099,-0.00081,-6e-05
1770803080.0918322,29.323648425887107,4.450041827600583,-2.7214032964653114,-0.006929323965443712,-0.0987729578071489,0.10726155967179445,-0.9892873682861207,0.0083,-0.0025,-0.0067,0.00098,0.0004,0.00035
1770803080.141412,29.323648425887107,4.450041827600583,-2.7214032964653114,-0.006929323965443712,-0.0987729578071489,0.10726155967179445,-0.9892873682861207,0.0083,-0.0025,-0.0067,0.00063,-0.00251,-0.00067
1770803080.1979938,29.323648425887107,4.450041827600583,-2.7214032964653114,-0.006929323965443712,-0.0987729578071489,0.10726155967179445,-0.9892873682861207,0.0083,-0.0025,-0.0067,-0.0007,0.00073,0.00012
1770803080.2427325,29.323648425887107,4.450041827600583,-2.7214032964653114,-0.006929323965443712,-0.0987729578071489,0.10726155967179445,-0.9892873682861207,0.0083,-0.0025,-0.0067,-0.00063,6e-05,-0.00037
1770803080.2906802,29.323648425887107,4.450041827600583,-2.7214032964653114,-0.006929323965443712,-0.0987729578071489,0.10726155967179445,-0.9892873682861207,0.0083,-0.0025,-0.0067,-0.00071,0.00445,0.00027
1770803080.34205,29.323648425887107,4.450041827600583,-2.7214032964653114,-0.006929323965443712,-0.0987729578071489,0.10726155967179445,-0.9892873682861207,0.0083,-0.0025,-0.0067,0.00079,-0.00049,0.00016
1770803080.3906913,29.323648425887107,4.450041827600583,-2.7214032964653114,-0.006929323965443712,-0.0987729578071489,0.10726155967179445,-0.9892873682861207,0.0083,-0.0025,-0.0067,0.00082,0.00125,7e-05
1770803080.4403274,29.323648425887107,4.450041827600583,-2.7214032964653114,-0.006929323965443712,-0.0987729578071489,0.10726155967179445,-0.9892873682861207,0.0083,-0.0025,-0.0067,-0.00139,0.00406,0.00035
1770803080.4912283,29.323648425887107,4.450041827600583,-2.7214032964653114,-0.006929323965443712,-0.0987729578071489,0.10726155967179445,-0.9892873682861207,0.0083,-0.0025,-0.0067,0.00096,-0.00155,-0.0
1770803080.541625,29.323648425887107,4.450041827600583,-2.7214032964653114,-0.006929323965443712,-0.0987729578071489,0.10726155967179445,-0.9892873682861207,0.0083,-0.0025,-0.0067,-0.00132,0.00208,-0.0003
1770803080.595997,29.323648425887107,4.450041827600583,-2.7214032964653114,-0.006929323965443712,-0.0987729578071489,0.10726155967179445,-0.9892873682861207,0.0083,-0.0025,-0.0067,0.00067,-0.00131,-0.00024
1770803080.6472116,29.323648425887107,4.450041827600583,-2.7214032964653114,-0.006929323965443712,-0.0987729578071489,0.10726155967179445,-0.9892873682861207,0.0083,-0.0025,-0.0067,-0.00017,-0.00174,-0.00025
1770803080.6906989,29.323648425887107,4.450041827600583,-2.7214032964653114,-0.006929323965443712,-0.0987729578071489,0.10726155967179445,-0.9892873682861207,0.0083,-0.0025,-0.0067,-0.00071,0.00084,0.00034
1770803080.7418945,29.323648425887107,4.450041827600583,-2.7214032964653114,-0.006929323965443712,-0.0987729578071489,0.10726155967179445,-0.9892873682861207,0.0083,-0.0025,-0.0067,-0.00109,0.00154,5e-05
1770803080.792413,29.323648425887107,4.450041827600583,-2.7214032964653114,-0.006929323965443712,-0.0987729578071489,0.10726155967179445,-0.9892873682861207,0.0083,-0.0025,-0.0067,-0.00023,0.00066,-0.00023
1770803080.8444204,29.323648425887107,4.450041827600583,-2.7214032964653114,-0.006929323965443712,-0.0987729578071489,0.10726155967179445,-0.9892873682861207,0.0083,-0.0025,-0.0067,0.00106,-0.00207,-0.00042
1770803080.8917153,29.323648425887107,4.450041827600583,-2.7214032964653114,-0.006929323965443712,-0.0987729578071489,0.10726155967179445,-0.9892873682861207,0.0083,-0.0025,-0.0067,-0.00102,0.00173,0.0001
1770803080.9405212,29.323648425887107,4.450041827600583,-2.7214032964653114,-0.006929323965443712,-0.0987729578071489,0.10726155967179445,-0.9892873682861207,0.0083,-0.0025,-0.0067,8e-05,0.00154,-0.00031
1770803080.9924216,29.323648425887107,4.450041827600583,-2.7214032964653114,-0.006929323965443712,-0.0987729578071489,0.10726155967179445,-0.9892873682861207,0.0083,-0.0025,-0.0067,0.00062,-0.00139,-0.00096
1770803081.0489702,29.323648425887107,4.450041827600583,-2.7214032964653114,-0.006929323965443712,-0.0987729578071489,0.10726155967179445,-0.9892873682861207,0.0083,-0.0025,-0.0067,0.00046,0.00255,0.00014
1770803081.09187,29.323648425887107,4.450041827600583,-2.7214032964653114,-0.006929323965443712,-0.0987729578071489,0.10726155967179445,-0.9892873682861207,0.0083,-0.0025,-0.0067,-0.00015,-0.00073,-0.00018
1770803081.144798,29.323648425887107,4.450041827600583,-2.7214032964653114,-0.006929323965443712,-0.0987729578071489,0.10726155967179445,-0.9892873682861207,0.0083,-0.0025,-0.0067,0.00096,-0.00142,-0.00051
1770803081.1914606,29.323648425887107,4.450041827600583,-2.7214032964653114,-0.006929323965443712,-0.0987729578071489,0.10726155967179445,-0.9892873682861207,0.0083,-0.0025,-0.0067,0.00057,-0.00283,-0.00039
1770803081.244303,29.323648425887107,4.450041827600583,-2.7214032964653114,-0.006929323965443712,-0.0987729578071489,0.10726155967179445,-0.9892873682861207,0.0083,-0.0025,-0.0067,0.00131,-0.00097,0.00016
1770803081.2939498,29.323648425887107,4.450041827600583,-2.7214032964653114,-0.006929323965443712,-0.0987729578071489,0.10726155967179445,-0.9892873682861207,0.0083,-0.0025,-0.0067,-0.00148,0.00062,-4e-05
1770803081.3472614,29.323648425887107,4.450041827600583,-2.7214032964653114,-0.006929323965443712,-0.0987729578071489,0.10726155967179445,-0.9892873682861207,0.0083,-0.0025,-0.0067,0.00136,0.00098,0.00054
1770803081.3917162,29.323648425887107,4.450041827600583,-2.7214032964653114,-0.006929323965443712,-0.0987729578071489,0.10726155967179445,-0.9892873682861207,0.0083,-0.0025,-0.0067,0.00121,0.00025,0.00034
1770803081.4498882,29.323648425887107,4.450041827600583,-2.7214032964653114,-0.006929323965443712,-0.0987729578071489,0.10726155967179445,-0.9892873682861207,0.0083,-0.0025,-0.0067,-0.00069,0.00232,0.00032
1770803081.4907277,29.323648425887107,4.450041827600583,-2.7214032964653114,-0.006929323965443712,-0.0987729578071489,0.10726155967179445,-0.9892873682861207,0.0083,-0.0025,-0.0067,0.00041,-0.0017,-0.00081
1770803081.5418406,29.323648425887107,4.450041827600583,-2.7214032964653114,-0.006929323965443712,-0.0987729578071489,0.10726155967179445,-0.9892873682861207,0.0083,-0.0025,-0.0067,0.00019,0.00045,-0.00045
1770803081.5912585,29.323648425887107,4.450041827600583,-2.7214032964653114,-0.006929323965443712,-0.0987729578071489,0.10726155967179445,-0.9892873682861207,0.0083,-0.0025,-0.0067,-0.00011,0.0012,-0.00035
1770803081.643885,29.323648425887107,4.450041827600583,-2.7214032964653114,-0.006929323965443712,-0.0987729578071489,0.10726155967179445,-0.9892873682861207,0.0083,-0.0025,-0.0067,0.00044,-0.00032,0.00013
1770803081.692017,29.323648425887107,4.450041827600583,-2.7214032964653114,-0.006929323965443712,-0.0987729578071489,0.10726155967179445,-0.9892873682861207,0.0083,-0.0025,-0.0067,-0.00096,0.00085,-9e-05
1770803081.7409632,29.323648425887107,4.450041827600583,-2.7214032964653114,-0.006929323965443712,-0.0987729578071489,0.10726155967179445,-0.9892873682861207,0.0083,-0.0025,-0.0067,-0.00029,0.00115,0.00043
1770803081.791971,29.323648425887107,4.450041827600583,-2.7214032964653114,-0.006929323965443712,-0.0987729578071489,0.10726155967179445,-0.9892873682861207,0.0083,-0.0025,-0.0067,0.00074,-0.00018,-0.00029
1770803081.840519,29.323648425887107,4.450041827600583,-2.7214032964653114,-0.006929323965443712,-0.0987729578071489,0.10726155967179445,-0.9892873682861207,0.0083,-0.0025,-0.0067,0.00044,-0.00102,0.00015
1770803081.8934345,29.323648425887107,4.450041827600583,-2.7214032964653114,-0.006929323965443712,-0.0987729578071489,0.10726155967179445,-0.9892873682861207,0.0083,-0.0025,-0.0067,5e-05,-0.00153,0.00012
1770803081.9416184,29.323648425887107,4.450041827600583,-2.7214032964653114,-0.006929323965443712,-0.0987729578071489,0.10726155967179445,-0.9892873682861207,0.0083,-0.0025,-0.0067,-0.0002,-0.00312,-0.00035
1770803081.990796,29.323648425887107,4.450041827600583,-2.7214032964653114,-0.006929323965443712,-0.0987729578071489,0.10726155967179445,-0.9892873682861207,0.0083,-0.0025,-0.0067,-0.00037,-0.00094,5e-05
1770803082.0406349,29.323648425887107,4.450041827600583,-2.7214032964653114,-0.006929323965443712,-0.0987729578071489,0.10726155967179445,-0.9892873682861207,0.0083,-0.0025,-0.0067,0.00151,-0.00342,-0.00047
1770803082.0917294,29.323648425887107,4.450041827600583,-2.7214032964653114,-0.006929323965443712,-0.0987729578071489,0.10726155967179445,-0.9892873682861207,0.0083,-0.0025,-0.0067,0.00128,-0.00389,0.00016
1770803082.1406538,29.323648425887107,4.450041827600583,-2.7214032964653114,-0.006929323965443712,-0.0987729578071489,0.10726155967179445,-0.9892873682861207,0.0083,-0.0025,-0.0067,0.00063,-0.00059,-0.00023
1770803082.1914668,29.323648425887107,4.450041827600583,-2.7214032964653114,-0.006929323965443712,-0.0987729578071489,0.10726155967179445,-0.9892873682861207,0.0083,-0.0025,-0.0067,0.00059,-0.00118,-0.00012
1770803082.240761,29.323648425887107,4.450041827600583,-2.7214032964653114,-0.006929323965443712,-0.0987729578071489,0.10726155967179445,-0.9892873682861207,0.0083,-0.0025,-0.0067,-0.00154,0.00172,-3e-05
1770803082.295551,29.323648425887107,4.450041827600583,-2.7214032964653114,-0.006929323965443712,-0.0987729578071489,0.10726155967179445,-0.9892873682861207,0.0083,-0.0025,-0.0067,0.00067,0.00031,9e-05
1770803082.3431122,29.323648425887107,4.450041827600583,-2.7214032964653114,-0.006929323965443712,-0.0987729578071489,0.10726155967179445,-0.9892873682861207,0.0083,-0.0025,-0.0067,-0.00081,0.00112,-0.00021
1770803082.3923318,29.323648425887107,4.450041827600583,-2.7214032964653114,-0.006929323965443712,-0.0987729578071489,0.10726155967179445,-0.9892873682861207,0.0083,-0.0025,-0.0067,9e-05,-0.00123,0.00021
1770803082.4407215,29.323648425887107,4.450041827600583,-2.7214032964653114,-0.006929323965443712,-0.0987729578071489,0.10726155967179445,-0.9892873682861207,0.0083,-0.0025,-0.0067,-0.00145,0.00054,-0.00022
1770803082.4908483,29.323648425887107,4.450041827600583,-2.7214032964653114,-0.006929323965443712,-0.0987729578071489,0.10726155967179445,-0.9892873682861207,0.0083,-0.0025,-0.0067,-0.00152,0.00293,-1e-05
1770803082.5408106,29.323648425887107,4.450041827600583,-2.7214032964653114,-0.006929323965443712,-0.0987729578071489,0.10726155967179445,-0.9892873682861207,0.0083,-0.0025,-0.0067,-0.00072,0.00384,-0.00016
1770803082.592415,29.323648425887107,4.450041827600583,-2.7214032964653114,-0.006929323965443712,-0.0987729578071489,0.10726155967179445,-0.9892873682861207,0.0083,-0.0025,-0.0067,-0.00189,0.00444,0.00017
1770803082.6409237,29.323648425887107,4.450041827600583,-2.7214032964653114,-0.006929323965443712,-0.0987729578071489,0.10726155967179445,-0.9892873682861207,0.0083,-0.0025,-0.0067,0.00162,-0.00388,-0.00035
1770803082.693,29.323648425887107,4.450041827600583,-2.7214032964653114,-0.006929323965443712,-0.0987729578071489,0.10726155967179445,-0.9892873682861207,0.0083,-0.0025,-0.0067,-0.00052,0.00178,0.00018
1770803082.744343,29.323648425887107,4.450041827600583,-2.7214032964653114,-0.006929323965443712,-0.0987729578071489,0.10726155967179445,-0.9892873682861207,0.0083,-0.0025,-0.0067,0.00022,-0.00046,-1e-05
1770803082.7924337,29.323648425887107,4.450041827600583,-2.7214032964653114,-0.006929323965443712,-0.0987729578071489,0.10726155967179445,-0.9892873682861207,0.0083,-0.0025,-0.0067,0.00071,-0.00086,-7e-05
1770803082.8411562,29.323648425887107,4.450041827600583,-2.7214032964653114,-0.006929323965443712,-0.0987729578071489,0.10726155967179445,-0.9892873682861207,0.0083,-0.0025,-0.0067,3e-05,0.00176,0.00014
1770803082.8923643,29.323648425887107,4.450041827600583,-2.7214032964653114,-0.006929323965443712,-0.0987729578071489,0.10726155967179445,-0.9892873682861207,0.0083,-0.0025,-0.0067,-3e-05,0.0022,0.00015
1770803082.9416208,29.323648425887107,4.450041827600583,-2.7214032964653114,-0.006929323965443712,-0.0987729578071489,0.10726155967179445,-0.9892873682861207,0.0083,-0.0025,-0.0067,-0.00066,0.00352,6e-05
1770803082.9938965,29.323648425887107,4.450041827600583,-2.7214032964653114,-0.006929323965443712,-0.0987729578071489,0.10726155967179445,-0.9892873682861207,0.0083,-0.0025,-0.0067,-0.00181,0.00361,-0.00032
1770803083.0415325,29.323648425887107,4.450041827600583,-2.7214032964653114,-0.006929323965443712,-0.0987729578071489,0.10726155967179445,-0.9892873682861207,0.0083,-0.0025,-0.0067,0.00174,-0.00054,0.00017
1770803083.0914629,29.323648425887107,4.450041827600583,-2.7214032964653114,-0.006929323965443712,-0.0987729578071489,0.10726155967179445,-0.9892873682861207,0.0083,-0.0025,-0.0067,0.00259,-0.00145,-6e-05
1770803083.14139,29.323648425887107,4.450041827600583,-2.7214032964653114,-0.006929323965443712,-0.0987729578071489,0.10726155967179445,-0.9892873682861207,0.0083,-0.0025,-0.0067,-0.00029,0.00281,0.0003
1770803083.1915224,29.323648425887107,4.450041827600583,-2.7214032964653114,-0.006929323965443712,-0.0987729578071489,0.10726155967179445,-0.9892873682861207,0.0083,-0.0025,-0.0067,-0.00096,0.00265,0.00018
1770803083.2423484,29.323648425887107,4.450041827600583,-2.7214032964653114,-0.006929323965443712,-0.0987729578071489,0.10726155967179445,-0.9892873682861207,0.0083,-0.0025,-0.0067,0.00158,-0.00131,-1e-05
1770803083.2929966,29.323648425887107,4.450041827600583,-2.7214032964653114,-0.006929323965443712,-0.0987729578071489,0.10726155967179445,-0.9892873682861207,0.0083,-0.0025,-0.0067,4e-05,-0.00026,-0.00037
1770803083.3410032,29.323648425887107,4.450041827600583,-2.7214032964653114,-0.006929323965443712,-0.0987729578071489,0.10726155967179445,-0.9892873682861207,0.0083,-0.0025,-0.0067,0.00048,0.00121,0.00052
1770803083.3959713,29.323648425887107,4.450041827600583,-2.7214032964653114,-0.006929323965443712,-0.0987729578071489,0.10726155967179445,-0.9892873682861207,0.0083,-0.0025,-0.0067,-6e-05,-0.00176,0.00013
1770803083.444332,29.323648425887107,4.450041827600583,-2.7214032964653114,-0.006929323965443712,-0.0987729578071489,0.10726155967179445,-0.9892873682861207,0.0083,-0.0025,-0.0067,-0.0019,0.00625,0.00027
1770803083.497237,29.323648425887107,4.450041827600583,-2.7214032964653114,-0.006929323965443712,-0.0987729578071489,0.10726155967179445,-0.9892873682861207,0.0083,-0.0025,-0.0067,0.00103,-0.00213,-0.00046
1770803083.541359,29.323648425887107,4.450041827600583,-2.7214032964653114,-0.006929323965443712,-0.0987729578071489,0.10726155967179445,-0.9892873682861207,0.0083,-0.0025,-0.0067,0.00082,-0.00241,-0.00016
1770803083.5901458,29.323648425887107,4.450041827600583,-2.7214032964653114,-0.006929323965443712,-0.0987729578071489,0.10726155967179445,-0.9892873682861207,0.0083,-0.0025,-0.0067,0.0009,-0.00175,-0.00044
1770803083.6412423,29.323648425887107,4.450041827600583,-2.7214032964653114,-0.006929323965443712,-0.0987729578071489,0.10726155967179445,-0.9892873682861207,0.0083,-0.0025,-0.0067,-0.00013,0.00183,0.00017
1770803083.6922145,29.323648425887107,4.450041827600583,-2.7214032964653114,-0.006929323965443712,-0.0987729578071489,0.10726155967179445,-0.9892873682861207,0.0083,-0.0025,-0.0067,0.00076,-0.00112,0.00027
1770803083.7413938,29.323648425887107,4.450041827600583,-2.7214032964653114,-0.006929323965443712,-0.0987729578071489,0.10726155967179445,-0.9892873682861207,0.0083,-0.0025,-0.0067,0.00014,0.00143,0.00035
1770803083.7965684,29.323648425887107,4.450041827600583,-2.7214032964653114,-0.006929323965443712,-0.0987729578071489,0.10726155967179445,-0.9892873682861207,0.0083,-0.0025,-0.0067,0.00063,-0.00233,1e-05
1770803083.8438523,29.323648425887107,4.450041827600583,-2.7214032964653114,-0.006929323965443712,-0.0987729578071489,0.10726155967179445,-0.9892873682861207,0.0083,-0.0025,-0.0067,0.00051,-0.00217,-0.00044
1770803083.8910472,29.323648425887107,4.450041827600583,-2.7214032964653114,-0.006929323965443712,-0.0987729578071489,0.10726155967179445,-0.9892873682861207,0.0083,-0.0025,-0.0067,-4e-05,-0.00049,-0.00012
1770803083.9404628,29.323648425887107,4.450041827600583,-2.7214032964653114,-0.006929323965443712,-0.0987729578071489,0.10726155967179445,-0.9892873682861207,0.0083,-0.0025,-0.0067,0.0007,0.00077,-0.00017
1770803083.9904566,29.323648425887107,4.450041827600583,-2.7214032964653114,-0.006929323965443712,-0.0987729578071489,0.10726155967179445,-0.9892873682861207,0.0083,-0.0025,-0.0067,0.00059,0.00047,-8e-05
1770803084.0425186,29.323648425887107,4.450041827600583,-2.7214032964653114,-0.006929323965443712,-0.0987729578071489,0.10726155967179445,-0.9892873682861207,0.0083,-0.0025,-0.0067,0.00118,-0.00091,0.00047
1770803084.0915844,29.323648425887107,4.450041827600583,-2.7214032964653114,-0.006929323965443712,-0.0987729578071489,0.10726155967179445,-0.9892873682861207,0.0083,-0.0025,-0.0067,0.00035,-0.00143,0.00021
1770803084.1426144,29.323648425887107,4.450041827600583,-2.7214032964653114,-0.006929323965443712,-0.0987729578071489,0.10726155967179445,-0.9892873682861207,0.0083,-0.0025,-0.0067,-0.00027,0.00057,-0.00018
1770803084.1909156,29.323648425887107,4.450041827600583,-2.7214032964653114,-0.006929323965443712,-0.0987729578071489,0.10726155967179445,-0.9892873682861207,0.0083,-0.0025,-0.0067,0.00053,-0.00153,-0.00102
1770803084.2439904,29.323648425887107,4.450041827600583,-2.7214032964653114,-0.006929323965443712,-0.0987729578071489,0.10726155967179445,-0.9892873682861207,0.0083,-0.0025,-0.0067,0.00163,-0.00345,-0.00029
1770803084.291465,29.323648425887107,4.450041827600583,-2.7214032964653114,-0.006929323965443712,-0.0987729578071489,0.10726155967179445,-0.9892873682861207,0.0083,-0.0025,-0.0067,-0.00018,0.00248,-0.00036
1770803084.3409793,29.323648425887107,4.450041827600583,-2.7214032964653114,-0.006929323965443712,-0.0987729578071489,0.10726155967179445,-0.9892873682861207,0.0083,-0.0025,-0.0067,0.00033,2e-05,-0.00019
1770803084.3909159,29.323648425887107,4.450041827600583,-2.7214032964653114,-0.006929323965443712,-0.0987729578071489,0.10726155967179445,-0.9892873682861207,0.0083,-0.0025,-0.0067,-0.00046,0.00046,-0.00015
1770803084.4410155,29.323648425887107,4.450041827600583,-2.7214032964653114,-0.006929323965443712,-0.0987729578071489,0.10726155967179445,-0.9892873682861207,0.0083,-0.0025,-0.0067,-0.00122,0.00171,-6e-05
1770803084.491798,29.323648425887107,4.450041827600583,-2.7214032964653114,-0.006929323965443712,-0.0987729578071489,0.10726155967179445,-0.9892873682861207,0.0083,-0.0025,-0.0067,-0.00055,0.00219,0.00024
1770803084.5424354,29.323648425887107,4.450041827600583,-2.7214032964653114,-0.006929323965443712,-0.0987729578071489,0.10726155967179445,-0.9892873682861207,0.0083,-0.0025,-0.0067,-0.00077,0.00105,0.00018
1770803084.5921404,29.323648425887107,4.450041827600583,-2.7214032964653114,-0.006929323965443712,-0.0987729578071489,0.10726155967179445,-0.9892873682861207,0.0083,-0.0025,-0.0067,0.0016,-0.00225,-0.00056
1770803084.6435807,29.323648425887107,4.450041827600583,-2.7214032964653114,-0.006929323965443712,-0.0987729578071489,0.10726155967179445,-0.9892873682861207,0.0083,-0.0025,-0.0067,-0.00037,-0.00155,-0.00033
1770803084.693314,29.323648425887107,4.450041827600583,-2.7214032964653114,-0.006929323965443712,-0.0987729578071489,0.10726155967179445,-0.9892873682861207,0.0083,-0.0025,-0.0067,0.00065,-3e-05,0.00049
1770803084.7437413,29.323648425887107,4.450041827600583,-2.7214032964653114,-0.006929323965443712,-0.0987729578071489,0.10726155967179445,-0.9892873682861207,0.0083,-0.0025,-0.0067,-0.0008,-0.00085,-0.00048
1770803084.790869,29.323648425887107,4.450041827600583,-2.7214032964653114,-0.006929323965443712,-0.0987729578071489,0.10726155967179445,-0.9892873682861207,0.0083,-0.0025,-0.0067,-0.00092,-0.00187,-0.0012
1770803084.8421006,29.323648425887107,4.450041827600583,-2.7214032964653114,-0.006929323965443712,-0.0987729578071489,0.10726155967179445,-0.9892873682861207,0.0083,-0.0025,-0.0067,0.00076,-0.00151,-0.0004
1770803084.8906863,29.323648425887107,4.450041827600583,-2.7214032964653114,-0.006929323965443712,-0.0987729578071489,0.10726155967179445,-0.9892873682861207,0.0083,-0.0025,-0.0067,-0.00061,0.00033,-1e-05
1770803084.942389,29.323648425887107,4.450041827600583,-2.7214032964653114,-0.006929323965443712,-0.0987729578071489,0.10726155967179445,-0.9892873682861207,0.0083,-0.0025,-0.0067,-0.00188,0.00253,0.00019
1770803084.9915907,29.323648425887107,4.450041827600583,-2.7214032964653114,-0.006929323965443712,-0.0987729578071489,0.10726155967179445,-0.9892873682861207,0.0083,-0.0025,-0.0067,0.00051,0.00055,0.0002
1770803085.0413146,29.323648425887107,4.450041827600583,-2.7214032964653114,-0.006929323965443712,-0.0987729578071489,0.10726155967179445,-0.9892873682861207,0.0083,-0.0025,-0.0067,0.0001,0.00023,0.00052
1770803085.0931873,29.323648425887107,4.450041827600583,-2.7214032964653114,-0.006929323965443712,-0.0987729578071489,0.10726155967179445,-0.9892873682861207,0.0083,-0.0025,-0.0067,0.00142,-0.00258,-0.00046
1770803085.1462643,29.323648425887107,4.450041827600583,-2.7214032964653114,-0.006929323965443712,-0.0987729578071489,0.10726155967179445,-0.9892873682861207,0.0083,-0.0025,-0.0067,0.00093,-0.0016,-0.00049
1770803085.1923318,29.323648425887107,4.450041827600583,-2.7214032964653114,-0.006929323965443712,-0.0987729578071489,0.10726155967179445,-0.9892873682861207,0.0083,-0.0025,-0.0067,-0.00207,0.00034,-0.00075
1770803085.2422268,29.323648425887107,4.450041827600583,-2.7214032964653114,-0.006929323965443712,-0.0987729578071489,0.10726155967179445,-0.9892873682861207,0.0083,-0.0025,-0.0067,8e-05,0.0003,0.00016
1770803085.2921376,29.323648425887107,4.450041827600583,-2.7214032964653114,-0.006929323965443712,-0.0987729578071489,0.10726155967179445,-0.9892873682861207,0.0083,-0.0025,-0.0067,0.00017,-0.00126,2e-05
1770803085.3407838,29.323648425887107,4.450041827600583,-2.7214032964653114,-0.006929323965443712,-0.0987729578071489,0.10726155967179445,-0.9892873682861207,0.0083,-0.0025,-0.0067,0.00032,0.00132,-0.0
1770803085.3912747,29.323648425887107,4.450041827600583,-2.7214032964653114,-0.006929323965443712,-0.0987729578071489,0.10726155967179445,-0.9892873682861207,0.0083,-0.0025,-0.0067,0.0,0.0022,0.00023
1770803085.442459,29.323648425887107,4.450041827600583,-2.7214032964653114,-0.006929323965443712,-0.0987729578071489,0.10726155967179445,-0.9892873682861207,0.0083,-0.0025,-0.0067,-0.00104,0.001,2e-05
1770803085.4920712,29.323648425887107,4.450041827600583,-2.7214032964653114,-0.006929323965443712,-0.0987729578071489,0.10726155967179445,-0.9892873682861207,0.0083,-0.0025,-0.0067,-0.00027,-0.00177,-0.00076
1770803085.5430121,29.323648425887107,4.450041827600583,-2.7214032964653114,-0.006929323965443712,-0.0987729578071489,0.10726155967179445,-0.9892873682861207,0.0083,-0.0025,-0.0067,-0.0007,0.00351,0.00079
1770803085.590699,29.323648425887107,4.450041827600583,-2.7214032964653114,-0.006929323965443712,-0.0987729578071489,0.10726155967179445,-0.9892873682861207,0.0083,-0.0025,-0.0067,0.00238,-0.00138,0.00042
1770803085.6479924,29.323648425887107,4.450041827600583,-2.7214032964653114,-0.006929323965443712,-0.0987729578071489,0.10726155967179445,-0.9892873682861207,0.0083,-0.0025,-0.0067,-3e-05,0.00052,-0.0002
1770803085.6916947,29.323648425887107,4.450041827600583,-2.7214032964653114,-0.006929323965443712,-0.0987729578071489,0.10726155967179445,-0.9892873682861207,0.0083,-0.0025,-0.0067,-0.00065,0.00068,-0.00074
1770803085.7493846,29.323648425887107,4.450041827600583,-2.7214032964653114,-0.006929323965443712,-0.0987729578071489,0.10726155967179445,-0.9892873682861207,0.0083,-0.0025,-0.0067,0.00013,-0.00016,4e-05
1770803085.7928276,29.323648425887107,4.450041827600583,-2.7214032964653114,-0.006929323965443712,-0.0987729578071489,0.10726155967179445,-0.9892873682861207,0.0083,-0.0025,-0.0067,0.00098,0.00064,0.00011
1770803085.8443463,29.323648425887107,4.450041827600583,-2.7214032964653114,-0.006929323965443712,-0.0987729578071489,0.10726155967179445,-0.9892873682861207,0.0083,-0.0025,-0.0067,0.00087,0.00054,-0.00014
1770803085.8914585,29.323648425887107,4.450041827600583,-2.7214032964653114,-0.006929323965443712,-0.0987729578071489,0.10726155967179445,-0.9892873682861207,0.0083,-0.0025,-0.0067,-0.00047,0.00295,0.00029
1770803085.944483,29.323648425887107,4.450041827600583,-2.7214032964653114,-0.006929323965443712,-0.0987729578071489,0.10726155967179445,-0.9892873682861207,0.0083,-0.0025,-0.0067,0.00054,-0.00011,-0.00012
1770803085.992829,29.323648425887107,4.450041827600583,-2.7214032964653114,-0.006929323965443712,-0.0987729578071489,0.10726155967179445,-0.9892873682861207,0.0083,-0.0025,-0.0067,-0.0007,-0.00018,-0.00055
1770803086.0405564,29.323648425887107,4.450041827600583,-2.7214032964653114,-0.006929323965443712,-0.0987729578071489,0.10726155967179445,-0.9892873682861207,0.0083,-0.0025,-0.0067,-0.00134,0.00238,-3e-05
1770803086.0913918,29.323648425887107,4.450041827600583,-2.7214032964653114,-0.006929323965443712,-0.0987729578071489,0.10726155967179445,-0.9892873682861207,0.0083,-0.0025,-0.0067,-1e-05,-0.00058,-0.00042
1770803086.14142,29.323648425887107,4.450041827600583,-2.7214032964653114,-0.006929323965443712,-0.0987729578071489,0.10726155967179445,-0.9892873682861207,0.0083,-0.0025,-0.0067,-0.0001,0.00098,0.00023
1770803086.1912668,29.323648425887107,4.450041827600583,-2.7214032964653114,-0.006929323965443712,-0.0987729578071489,0.10726155967179445,-0.9892873682861207,0.0083,-0.0025,-0.0067,-0.00051,-2e-05,0.0001
1770803086.2414267,29.323648425887107,4.450041827600583,-2.7214032964653114,-0.006929323965443712,-0.0987729578071489,0.10726155967179445,-0.9892873682861207,0.0083,-0.0025,-0.0067,-0.00036,0.00086,0.00034
1770803086.2918816,29.323648425887107,4.450041827600583,-2.7214032964653114,-0.006929323965443712,-0.0987729578071489,0.10726155967179445,-0.9892873682861207,0.0083,-0.0025,-0.0067,9e-05,-0.00166,-0.0002
1770803086.3443696,29.323648425887107,4.450041827600583,-2.7214032964653114,-0.006929323965443712,-0.0987729578071489,0.10726155967179445,-0.9892873682861207,0.0083,-0.0025,-0.0067,-3e-05,0.00187,0.00013
1770803086.3912108,29.323648425887107,4.450041827600583,-2.7214032964653114,-0.006929323965443712,-0.0987729578071489,0.10726155967179445,-0.9892873682861207,0.0083,-0.0025,-0.0067,4e-05,-0.00123,-0.00066
1770803086.4412787,29.323648425887107,4.450041827600583,-2.7214032964653114,-0.006929323965443712,-0.0987729578071489,0.10726155967179445,-0.9892873682861207,0.0083,-0.0025,-0.0067,0.00159,0.00078,-0.00017
1770803086.4918966,29.323648425887107,4.450041827600583,-2.7214032964653114,-0.006929323965443712,-0.0987729578071489,0.10726155967179445,-0.9892873682861207,0.0083,-0.0025,-0.0067,0.00035,0.00024,0.0001
1770803086.5442145,29.323648425887107,4.450041827600583,-2.7214032964653114,-0.006929323965443712,-0.0987729578071489,0.10726155967179445,-0.9892873682861207,0.0083,-0.0025,-0.0067,-0.00116,0.00228,0.00039
1770803086.5912719,29.323648425887107,4.450041827600583,-2.7214032964653114,-0.006929323965443712,-0.0987729578071489,0.10726155967179445,-0.9892873682861207,0.0083,-0.0025,-0.0067,-0.00014,0.00047,-0.00026
1770803086.641248,29.323648425887107,4.450041827600583,-2.7214032964653114,-0.006929323965443712,-0.0987729578071489,0.10726155967179445,-0.9892873682861207,0.0083,-0.0025,-0.0067,0.0011,-0.00146,0.00017
1770803086.6927488,29.323648425887107,4.450041827600583,-2.7214032964653114,-0.006929323965443712,-0.0987729578071489,0.10726155967179445,-0.9892873682861207,0.0083,-0.0025,-0.0067,-0.0014,0.00226,0.00016
1770803086.7430496,29.323648425887107,4.450041827600583,-2.7214032964653114,-0.006929323965443712,-0.0987729578071489,0.10726155967179445,-0.9892873682861207,0.0083,-0.0025,-0.0067,-0.00018,-0.00094,-0.00016
1770803086.792271,29.323648425887107,4.450041827600583,-2.7214032964653114,-0.006929323965443712,-0.0987729578071489,0.10726155967179445,-0.9892873682861207,0.0083,-0.0025,-0.0067,-3e-05,0.00165,-3e-05
1770803086.8420196,29.323648425887107,4.450041827600583,-2.7214032964653114,-0.006929323965443712,-0.0987729578071489,0.10726155967179445,-0.9892873682861207,0.0083,-0.0025,-0.0067,-0.0022,0.00419,0.00035
1770803086.891815,29.323648425887107,4.450041827600583,-2.7214032964653114,-0.006929323965443712,-0.0987729578071489,0.10726155967179445,-0.9892873682861207,0.0083,-0.0025,-0.0067,0.00019,0.00119,0.00019
1770803086.9415505,29.323648425887107,4.450041827600583,-2.7214032964653114,-0.006929323965443712,-0.0987729578071489,0.10726155967179445,-0.9892873682861207,0.0083,-0.0025,-0.0067,-0.00102,0.00231,0.00027
1770803086.9933996,29.323648425887107,4.450041827600583,-2.7214032964653114,-0.006929323965443712,-0.0987729578071489,0.10726155967179445,-0.9892873682861207,0.0083,-0.0025,-0.0067,0.00025,-0.00145,-0.00077
1770803087.0412395,29.323648425887107,4.450041827600583,-2.7214032964653114,-0.006929323965443712,-0.0987729578071489,0.10726155967179445,-0.9892873682861207,0.0083,-0.0025,-0.0067,-0.00047,0.00381,0.00057
1770803087.090433,29.323648425887107,4.450041827600583,-2.7214032964653114,-0.006929323965443712,-0.0987729578071489,0.10726155967179445,-0.9892873682861207,0.0083,-0.0025,-0.0067,0.00101,-0.00334,-0.0001
1770803087.1407335,29.323648425887107,4.450041827600583,-2.7214032964653114,-0.006929323965443712,-0.0987729578071489,0.10726155967179445,-0.9892873682861207,0.0083,-0.0025,-0.0067,-8e-05,-7e-05,-7e-05
1770803087.1919515,29.323648425887107,4.450041827600583,-2.7214032964653114,-0.006929323965443712,-0.0987729578071489,0.10726155967179445,-0.9892873682861207,0.0083,-0.0025,-0.0067,0.00163,-0.0011,0.00032
