Topic:,/fixposition/odometry_enu
time,pos_x,pos_y,pos_z,qx,qy,qz,qw,vel_x,vel_y,vel_z,ang_vel_x,ang_vel_y,ang_vel_z
1770803063.1896052,34.0883,3.2342,-0.9884,0.004307,-0.0025,0.076299,-0.997073,0.0006,-0.0003,-0.0001,-0.00112,0.00211,-0.00026
1770803063.2403147,34.0883,3.2342,-0.9884,0.004307,-0.0025,0.076299,-0.997073,0.0006,-0.0003,-0.0001,-0.00055,0.00249,-3e-05
1770803063.2910686,34.0885,3.2342,-0.9885,0.004283,-0.002379,0.076299,-0.997073,0.0011,-0.0005,-0.0004,0.00164,-0.00201,-0.00027
1770803063.3404994,34.0885,3.2342,-0.9885,0.004283,-0.002379,0.076299,-0.997073,0.0011,-0.0005,-0.0004,-0.00063,0.0033,0.00023
1770803063.3928106,34.0885,3.2342,-0.9885,0.004283,-0.002379,0.076299,-0.997073,0.0011,-0.0005,-0.0004,-0.00181,0.00114,-0.00039
1770803063.448228,34.0885,3.2342,-0.9885,0.004283,-0.002379,0.076299,-0.997073,0.0011,-0.0005,-0.0004,0.00181,-0.00188,-0.00041
1770803063.4893067,34.0885,3.2342,-0.9885,0.004283,-0.002379,0.076299,-0.997073,0.0011,-0.0005,-0.0004,-0.00017,2e-05,-0.00026
1770803063.5407495,34.0885,3.2342,-0.9885,0.004283,-0.002379,0.076299,-0.997073,0.0011,-0.0005,-0.0004,-0.00056,0.00077,-0.00037
1770803063.5911994,34.0885,3.2342,-0.9885,0.004287,-0.00234,0.076309,-0.997072,0.0004,-0.0004,0.0001,0.00163,-0.00447,-9e-05
1770803063.6412907,34.0885,3.2342,-0.9885,0.004287,-0.00234,0.076309,-0.997072,0.0004,-0.0004,0.0001,-0.00028,0.0013,-0.00047
1770803063.6913366,34.0885,3.2342,-0.9885,0.004287,-0.00234,0.076309,-0.997072,0.0004,-0.0004,0.0001,0.00043,7e-05,-0.00067
1770803063.739997,34.0885,3.2342,-0.9885,0.004287,-0.00234,0.076309,-0.997072,0.0004,-0.0004,0.0001,-0.0006,0.0002,0.00017
1770803063.7893558,34.0885,3.2342,-0.9885,0.004287,-0.00234,0.076309,-0.997072,0.0004,-0.0004,0.0001,0.00024,-0.00051,-0.00053
1770803063.839962,34.0885,3.2342,-0.9885,0.004283,-0.002273,0.076337,-0.99707,0.0003,-0.0,-0.0002,-6e-05,-0.00011,-0.00025
1770803063.8903823,34.0885,3.2342,-0.9885,0.004283,-0.002273,0.076337,-0.99707,0.0003,-0.0,-0.0002,-0.00125,0.00292,0.0004
1770803063.9441385,34.0885,3.2342,-0.9885,0.004283,-0.002273,0.076337,-0.99707,0.0003,-0.0,-0.0002,-0.00096,0.00349,0.0003
1770803063.9896407,34.0885,3.2342,-0.9885,0.004283,-0.002273,0.076337,-0.99707,0.0003,-0.0,-0.0002,0.00183,-0.00094,0.00049
1770803064.046667,34.0885,3.2342,-0.9885,0.004283,-0.002273,0.076337,-0.99707,0.0003,-0.0,-0.0002,-0.0006,0.00111,-8e-05
1770803064.0927153,34.0885,3.2342,-0.9885,0.004283,-0.002273,0.076337,-0.99707,0.0003,-0.0,-0.0002,0.00078,-9e-05,0.00012
1770803064.1446838,34.0883,3.2342,-0.9885,0.004324,-0.002296,0.076337,-0.99707,-0.0,-0.0004,0.0,-0.00113,0.00177,-0.00039
1770803064.1896405,34.0883,3.2342,-0.9885,0.004324,-0.002296,0.076337,-0.99707,-0.0,-0.0004,0.0,0.0032,-0.00514,9e-05
1770803064.2443092,34.0883,3.2342,-0.9885,0.004324,-0.002296,0.076337,-0.99707,-0.0,-0.0004,0.0,0.00093,-0.00237,1e-05
1770803064.2900789,34.0883,3.2342,-0.9885,0.004324,-0.002296,0.076337,-0.99707,-0.0,-0.0004,0.0,0.00115,-0.00191,-8e-05
1770803064.3473258,34.0883,3.2342,-0.9885,0.004324,-0.002296,0.076337,-0.99707,-0.0,-0.0004,0.0,-0.00028,-6e-05,5e-05
1770803064.3922024,34.0886,3.2342,-0.9885,0.004278,-0.002248,0.076317,-0.997072,0.0007,-0.0003,-0.0001,0.00045,-0.00233,-0.00023
1770803064.4405584,34.0886,3.2342,-0.9885,0.004278,-0.002248,0.076317,-0.997072,0.0007,-0.0003,-0.0001,0.00273,-0.0039,-0.00012
1770803064.4925542,34.0886,3.2342,-0.9885,0.004278,-0.002248,0.076317,-0.997072,0.0007,-0.0003,-0.0001,9e-05,-0.00198,-0.00017
1770803064.5437415,34.0886,3.2342,-0.9885,0.004278,-0.002248,0.076317,-0.997072,0.0007,-0.0003,-0.0001,-0.00083,0.00104,0.00034
1770803064.5901346,34.0886,3.2342,-0.9885,0.004278,-0.002248,0.076317,-0.997072,0.0007,-0.0003,-0.0001,0.00073,-0.00237,-0.0003
1770803064.6465778,34.0886,3.2342,-0.9885,0.004278,-0.002248,0.076317,-0.997072,0.0007,-0.0003,-0.0001,0.00066,-0.00012,-5e-05
1770803064.691398,34.0886,3.2342,-0.9885,0.004282,-0.002282,0.076318,-0.997072,0.0,-0.0002,0.0001,0.00044,0.00206,0.00017
1770803064.7417963,34.0886,3.2342,-0.9885,0.004282,-0.002282,0.076318,-0.997072,0.0,-0.0002,0.0001,0.00028,0.00216,1e-05
1770803064.7928581,34.0886,3.2342,-0.9885,0.004282,-0.002282,0.076318,-0.997072,0.0,-0.0002,0.0001,0.00093,-0.00359,-0.00071
1770803064.845131,34.0886,3.2342,-0.9885,0.004282,-0.002282,0.076318,-0.997072,0.0,-0.0002,0.0001,0.00042,0.00385,0.00061
1770803064.9199731,34.0886,3.2342,-0.9885,0.004282,-0.002282,0.076318,-0.997072,0.0,-0.0002,0.0001,0.00122,-0.0013,-0.00015
1770803064.943466,34.0887,3.2341,-0.9885,0.004274,-0.00231,0.07631,-0.997072,0.001,-0.0001,-0.0001,-0.0005,0.00105,0.0
1770803064.9902349,34.0887,3.2341,-0.9885,0.004274,-0.00231,0.07631,-0.997072,0.001,-0.0001,-0.0001,-0.00018,-0.00202,-0.00082
1770803065.040427,34.0887,3.2341,-0.9885,0.004274,-0.00231,0.07631,-0.997072,0.001,-0.0001,-0.0001,-0.002,0.00104,-0.0004
1770803065.091443,34.0887,3.2341,-0.9885,0.004274,-0.00231,0.07631,-0.997072,0.001,-0.0001,-0.0001,-0.00076,0.00019,0.00041
1770803065.1443093,34.0887,3.2341,-0.9885,0.004274,-0.00231,0.07631,-0.997072,0.001,-0.0001,-0.0001,0.00088,-0.00066,0.0007
1770803065.1901703,34.0887,3.2341,-0.9885,0.004274,-0.00231,0.07631,-0.997072,0.001,-0.0001,-0.0001,-0.00212,0.00507,0.00085
1770803065.245231,34.0887,3.2341,-0.9885,0.004246,-0.002338,0.076334,-0.997071,0.0007,-0.0004,-0.0001,0.00163,-0.00551,-0.00055
1770803065.2920923,34.0887,3.2341,-0.9885,0.004246,-0.002338,0.076334,-0.997071,0.0007,-0.0004,-0.0001,0.00022,0.00087,0.00016
1770803065.3400888,34.0887,3.2341,-0.9885,0.004246,-0.002338,0.076334,-0.997071,0.0007,-0.0004,-0.0001,0.00129,-0.0013,0.00016
1770803065.3981934,34.0887,3.2341,-0.9885,0.004246,-0.002338,0.076334,-0.997071,0.0007,-0.0004,-0.0001,0.00137,-0.0055,-0.00042
1770803065.4403226,34.0887,3.2341,-0.9885,0.004246,-0.002338,0.076334,-0.997071,0.0007,-0.0004,-0.0001,-0.00096,-0.00107,0.00013
1770803065.4905047,34.0886,3.2342,-0.9885,0.004282,-0.002459,0.076331,-0.99707,0.0006,-0.0005,0.0003,0.00027,0.00057,-0.00031
1770803065.5411832,34.0886,3.2342,-0.9885,0.004282,-0.002459,0.076331,-0.99707,0.0006,-0.0005,0.0003,-5e-05,0.00079,0.00025
1770803065.5935855,34.0886,3.2342,-0.9885,0.004282,-0.002459,0.076331,-0.99707,0.0006,-0.0005,0.0003,0.00111,-0.00264,-0.0003
1770803065.639777,34.0886,3.2342,-0.9885,0.004282,-0.002459,0.076331,-0.99707,0.0006,-0.0005,0.0003,-0.00058,0.00057,-0.00047
1770803065.6913567,34.0886,3.2342,-0.9885,0.004282,-0.002459,0.076331,-0.99707,0.0006,-0.0005,0.0003,0.00026,-2e-05,0.0003
1770803065.7411191,34.0886,3.2342,-0.9885,0.004282,-0.002459,0.076331,-0.99707,0.0006,-0.0005,0.0003,-0.00038,0.0004,-0.00014
1770803065.794368,34.0886,3.2342,-0.9885,0.004245,-0.002425,0.076338,-0.99707,0.0013,-0.0005,-0.0001,0.00055,-0.00241,-0.00062
1770803065.8417149,34.0886,3.2342,-0.9885,0.004245,-0.002425,0.076338,-0.99707,0.0013,-0.0005,-0.0001,-0.00087,0.00203,0.00025
1770803065.8908753,34.0886,3.2342,-0.9885,0.004245,-0.002425,0.076338,-0.99707,0.0013,-0.0005,-0.0001,-0.00067,0.00141,0.00013
1770803065.9411876,34.0886,3.2342,-0.9885,0.004245,-0.002425,0.076338,-0.99707,0.0013,-0.0005,-0.0001,0.00158,-0.00087,5e-05
1770803065.9914021,34.0886,3.2342,-0.9885,0.004245,-0.002425,0.076338,-0.99707,0.0013,-0.0005,-0.0001,-0.00095,0.00194,-0.00014
1770803066.0401878,34.0887,3.2341,-0.9885,0.004257,-0.002486,0.07635,-0.997069,0.0013,-0.0004,-0.0001,0.00062,-0.00201,5e-05
1770803066.0921867,34.0887,3.2341,-0.9885,0.004257,-0.002486,0.07635,-0.997069,0.0013,-0.0004,-0.0001,-0.00045,0.00084,0.00013
1770803066.1439579,34.0887,3.2341,-0.9885,0.004257,-0.002486,0.07635,-0.997069,0.0013,-0.0004,-0.0001,0.00049,-0.00091,0.00023
1770803066.1971068,34.0887,3.2341,-0.9885,0.004257,-0.002486,0.07635,-0.997069,0.0013,-0.0004,-0.0001,0.00034,0.00064,7e-05
1770803066.2398999,34.0887,3.2341,-0.9885,0.004257,-0.002486,0.07635,-0.997069,0.0013,-0.0004,-0.0001,5e-05,0.00026,-0.00067
1770803066.292178,34.0889,3.2341,-0.9885,0.004247,-0.002484,0.076353,-0.997069,0.0012,-0.0004,-0.0002,0.00049,-0.00211,-0.00034
1770803066.339971,34.0889,3.2341,-0.9885,0.004247,-0.002484,0.076353,-0.997069,0.0012,-0.0004,-0.0002,0.00011,0.00067,0.00023
1770803066.3952372,34.0889,3.2341,-0.9885,0.004247,-0.002484,0.076353,-0.997069,0.0012,-0.0004,-0.0002,-0.00089,0.00091,6e-05
1770803066.4401193,34.0889,3.2341,-0.9885,0.004247,-0.002484,0.076353,-0.997069,0.0012,-0.0004,-0.0002,-0.00024,0.00071,0.00018
1770803066.4993057,34.0889,3.2341,-0.9885,0.004247,-0.002484,0.076353,-0.997069,0.0012,-0.0004,-0.0002,-0.00095,0.00119,-0.00034
1770803066.5497677,34.0887,3.2341,-0.9885,0.004219,-0.002441,0.076376,-0.997067,0.0005,-0.0007,-0.0001,-0.00108,0.00172,0.00032
1770803066.5903342,34.0887,3.2341,-0.9885,0.004219,-0.002441,0.076376,-0.997067,0.0005,-0.0007,-0.0001,-0.00074,0.00144,0.00024
1770803066.6401782,34.0887,3.2341,-0.9885,0.004219,-0.002441,0.076376,-0.997067,0.0005,-0.0007,-0.0001,-0.00052,3e-05,-0.0001
1770803066.6948223,34.0887,3.2341,-0.9885,0.004219,-0.002441,0.076376,-0.997067,0.0005,-0.0007,-0.0001,-0.00078,0.00304,0.00022
1770803066.7412353,34.0887,3.2341,-0.9885,0.004219,-0.002441,0.076376,-0.997067,0.0005,-0.0007,-0.0001,-0.00095,0.00151,-0.00047
1770803066.7975614,34.0887,3.2341,-0.9885,0.004219,-0.002441,0.076376,-0.997067,0.0005,-0.0007,-0.0001,0.00187,-0.00285,-0.0005
1770803066.8433437,34.0888,3.2341,-0.9885,0.004243,-0.002449,0.076384,-0.997066,0.001,-0.0002,-0.0001,5e-05,-0.00147,-9e-05
1770803066.892608,34.0888,3.2341,-0.9885,0.004243,-0.002449,0.076384,-0.997066,0.001,-0.0002,-0.0001,0.0003,-0.00176,-0.00022
1770803066.9409473,34.0888,3.2341,-0.9885,0.004243,-0.002449,0.076384,-0.997066,0.001,-0.0002,-0.0001,0.00022,0.00071,0.00024
1770803066.9902878,34.0888,3.2341,-0.9885,0.004243,-0.002449,0.076384,-0.997066,0.001,-0.0002,-0.0001,-0.00044,0.00149,-0.00014
1770803067.0424087,34.0888,3.2341,-0.9885,0.004243,-0.002449,0.076384,-0.997066,0.001,-0.0002,-0.0001,-0.00046,7e-05,0.00019
1770803067.090128,34.0888,3.2341,-0.9885,0.004243,-0.002449,0.076384,-0.997066,0.001,-0.0002,-0.0001,-0.00079,0.00147,-0.00046
1770803067.1440408,34.0888,3.2341,-0.9885,0.00425,-0.002412,0.076393,-0.997066,0.0008,-0.0003,0.0001,0.00176,-0.00178,-0.0003
1770803067.1931484,34.0888,3.2341,-0.9885,0.00425,-0.002412,0.076393,-0.997066,0.0008,-0.0003,0.0001,-0.00115,0.00299,-0.0002
1770803067.2414103,34.0888,3.2341,-0.9885,0.00425,-0.002412,0.076393,-0.997066,0.0008,-0.0003,0.0001,-0.00091,0.00223,-3e-05
1770803067.291444,34.0888,3.2341,-0.9885,0.00425,-0.002412,0.076393,-0.997066,0.0008,-0.0003,0.0001,0.00038,0.00011,-0.00013
1770803067.3402731,34.0888,3.2341,-0.9885,0.00425,-0.002412,0.076393,-0.997066,0.0008,-0.0003,0.0001,-0.0008,0.0024,0.00015
1770803067.3901184,34.0885,3.2342,-0.9885,0.004273,-0.002444,0.076388,-0.997066,-0.0011,-0.0006,0.0004,0.00206,-0.00281,5e-05
1770803067.4408488,34.0885,3.2342,-0.9885,0.004273,-0.002444,0.076388,-0.997066,-0.0011,-0.0006,0.0004,0.00063,-0.00072,0.00034
1770803067.4903255,34.0885,3.2342,-0.9885,0.004273,-0.002444,0.076388,-0.997066,-0.0011,-0.0006,0.0004,0.00176,-0.00249,-0.0005
1770803067.5397391,34.0885,3.2342,-0.9885,0.004273,-0.002444,0.076388,-0.997066,-0.0011,-0.0006,0.0004,-0.00127,0.00216,0.00066
1770803067.5903416,34.0885,3.2342,-0.9885,0.004273,-0.002444,0.076388,-0.997066,-0.0011,-0.0006,0.0004,-0.00085,0.00087,-0.00032
1770803067.6427975,34.0884,3.2342,-0.9884,0.004302,-0.00246,0.076391,-0.997066,0.0006,-0.0001,0.0001,0.00084,0.00052,-1e-05
1770803067.6900895,34.0884,3.2342,-0.9884,0.004302,-0.00246,0.076391,-0.997066,0.0006,-0.0001,0.0001,-0.00119,-0.00058,0.00019
1770803067.740296,34.0884,3.2342,-0.9884,0.004302,-0.00246,0.076391,-0.997066,0.0006,-0.0001,0.0001,0.00074,0.00234,0.00073
1770803067.7899904,34.0884,3.2342,-0.9884,0.004302,-0.00246,0.076391,-0.997066,0.0006,-0.0001,0.0001,0.00101,-0.00154,0.00013
1770803067.84174,34.0884,3.2342,-0.9884,0.004302,-0.00246,0.076391,-0.997066,0.0006,-0.0001,0.0001,-1e-05,-0.00034,4e-05
1770803067.892342,34.0884,3.2342,-0.9884,0.004329,-0.002442,0.076385,-0.997066,0.0008,-0.0006,-0.0001,0.0018,-0.00317,-0.00051
1770803067.9402084,34.0884,3.2342,-0.9884,0.004329,-0.002442,0.076385,-0.997066,0.0008,-0.0006,-0.0001,0.0012,-0.00246,-0.00019
1770803067.990506,34.0884,3.2342,-0.9884,0.004329,-0.002442,0.076385,-0.997066,0.0008,-0.0006,-0.0001,-0.00031,0.0021,0.00059
1770803068.0422082,34.0884,3.2342,-0.9884,0.004329,-0.002442,0.076385,-0.997066,0.0008,-0.0006,-0.0001,-0.0006,-0.00164,-5e-05
1770803068.0917006,34.0884,3.2342,-0.9884,0.004329,-0.002442,0.076385,-0.997066,0.0008,-0.0006,-0.0001,4e-05,-0.00083,0.00017
1770803068.1400945,34.0884,3.2342,-0.9884,0.004329,-0.002442,0.076385,-0.997066,0.0008,-0.0006,-0.0001,0.00096,-0.00202,-0.00031
1770803068.1904447,34.0888,3.2341,-0.9885,0.00428,-0.002366,0.076364,-0.997068,0.0017,-0.0003,-0.0003,-0.00015,0.00193,-0.0002
1770803068.2403882,34.0888,3.2341,-0.9885,0.00428,-0.002366,0.076364,-0.997068,0.0017,-0.0003,-0.0003,-0.00184,0.00419,0.00059
1770803068.2893724,34.0888,3.2341,-0.9885,0.00428,-0.002366,0.076364,-0.997068,0.0017,-0.0003,-0.0003,0.0,-0.00014,9e-05
1770803068.3404694,34.0888,3.2341,-0.9885,0.00428,-0.002366,0.076364,-0.997068,0.0017,-0.0003,-0.0003,-9e-05,0.00164,0.00052
1770803068.3904722,34.0888,3.2341,-0.9885,0.00428,-0.002366,0.076364,-0.997068,0.0017,-0.0003,-0.0003,-0.00068,0.001,0.00024
1770803068.442855,34.0889,3.2341,-0.9885,0.004258,-0.002331,0.07635,-0.997069,0.0001,-0.0005,0.0,-0.00142,0.00247,-6e-05
1770803068.4898646,34.0889,3.2341,-0.9885,0.004258,-0.002331,0.07635,-0.997069,0.0001,-0.0005,0.0,0.00057,-0.00059,-0.00021
1770803068.5472848,34.0889,3.2341,-0.9885,0.004258,-0.002331,0.07635,-0.997069,0.0001,-0.0005,0.0,0.00087,-0.00075,5e-05
1770803068.5930557,34.0889,3.2341,-0.9885,0.004258,-0.002331,0.07635,-0.997069,0.0001,-0.0005,0.0,0.00087,-0.00052,6e-05
1770803068.6400204,34.0889,3.2341,-0.9885,0.004258,-0.002331,0.07635,-0.997069,0.0001,-0.0005,0.0,0.00124,-0.00206,-0.00015
1770803068.6903512,34.0888,3.2341,-0.9885,0.004253,-0.002367,0.076342,-0.99707,0.0004,-0.0003,0.0002,-0.00073,-0.0001,-0.0004
1770803068.7506762,34.0888,3.2341,-0.9885,0.004253,-0.002367,0.076342,-0.99707,0.0004,-0.0003,0.0002,-0.00157,0.00392,0.0002
1770803068.790672,34.0888,3.2341,-0.9885,0.004253,-0.002367,0.076342,-0.99707,0.0004,-0.0003,0.0002,0.00049,-0.0003,0.00019
1770803068.8433816,34.0888,3.2341,-0.9885,0.004253,-0.002367,0.076342,-0.99707,0.0004,-0.0003,0.0002,0.00122,-0.00197,-0.00015
1770803068.8906174,34.0888,3.2341,-0.9885,0.004253,-0.002367,0.076342,-0.99707,0.0004,-0.0003,0.0002,0.00107,-0.00066,1e-05
1770803068.9420617,34.0888,3.2341,-0.9885,0.004253,-0.002367,0.076342,-0.99707,0.0004,-0.0003,0.0002,-0.00099,0.00279,0.00021
1770803068.9909155,34.0886,3.2341,-0.9885,0.004251,-0.002312,0.076348,-0.99707,0.0,-0.0003,0.0001,-0.00033,-0.00146,-0.00045
1770803069.0430672,34.0886,3.2341,-0.9885,0.004251,-0.002312,0.076348,-0.99707,0.0,-0.0003,0.0001,0.00229,-0.00462,3e-05
1770803069.0900419,34.0886,3.2341,-0.9885,0.004251,-0.002312,0.076348,-0.99707,0.0,-0.0003,0.0001,-0.00118,0.00164,9e-05
1770803069.1408408,34.0886,3.2341,-0.9885,0.004251,-0.002312,0.076348,-0.99707,0.0,-0.0003,0.0001,-0.00051,3e-05,0.00039
1770803069.191203,34.0886,3.2341,-0.9885,0.004251,-0.002312,0.076348,-0.99707,0.0,-0.0003,0.0001,-0.00026,-0.00134,0.0
1770803069.2399356,34.0888,3.2341,-0.9885,0.004245,-0.002351,0.076344,-0.99707,0.0004,-0.0005,0.0003,0.0008,-0.00346,-0.00027
1770803069.2917469,34.0888,3.2341,-0.9885,0.004245,-0.002351,0.076344,-0.99707,0.0004,-0.0005,0.0003,-5e-05,0.00021,0.00016
1770803069.3398528,34.0888,3.2341,-0.9885,0.004245,-0.002351,0.076344,-0.99707,0.0004,-0.0005,0.0003,0.00245,-0.00212,-0.00025
1770803069.3918548,34.0888,3.2341,-0.9885,0.004245,-0.002351,0.076344,-0.99707,0.0004,-0.0005,0.0003,0.00052,0.00092,-0.00016
1770803069.441003,34.0888,3.2341,-0.9885,0.004245,-0.002351,0.076344,-0.99707,0.0004,-0.0005,0.0003,-0.00096,0.00475,0.00048
1770803069.4955394,34.0888,3.2341,-0.9885,0.004245,-0.002351,0.076344,-0.99707,0.0004,-0.0005,0.0003,-8e-05,-0.00023,-0.00066
1770803069.5441847,34.0886,3.2341,-0.9885,0.004235,-0.002323,0.076335,-0.997071,-0.0012,-0.0005,0.0003,-0.00046,0.00328,-0.00013
1770803069.5902596,34.0886,3.2341,-0.9885,0.004235,-0.002323,0.076335,-0.997071,-0.0012,-0.0005,0.0003,-0.00177,0.00548,0.00087
1770803069.6402128,34.0886,3.2341,-0.9885,0.004235,-0.002323,0.076335,-0.997071,-0.0012,-0.0005,0.0003,0.0004,0.00019,0.00024
1770803069.6901221,34.0886,3.2341,-0.9885,0.004235,-0.002323,0.076335,-0.997071,-0.0012,-0.0005,0.0003,0.00037,0.00173,0.00038
1770803069.7421763,34.0886,3.2341,-0.9885,0.004235,-0.002323,0.076335,-0.997071,-0.0012,-0.0005,0.0003,0.00036,0.00054,-0.00026
1770803069.7926016,34.0884,3.2342,-0.9884,0.004252,-0.002445,0.076332,-0.99707,-0.0003,-0.0004,0.0002,0.00036,0.00118,-6e-05
1770803069.8435216,34.0884,3.2342,-0.9884,0.004252,-0.002445,0.076332,-0.99707,-0.0003,-0.0004,0.0002,8e-05,-0.00186,-0.00031
1770803069.8903205,34.0884,3.2342,-0.9884,0.004252,-0.002445,0.076332,-0.99707,-0.0003,-0.0004,0.0002,0.00106,-0.00278,-0.00047
1770803069.9400642,34.0884,3.2342,-0.9884,0.004252,-0.002445,0.076332,-0.99707,-0.0003,-0.0004,0.0002,-0.0023,0.00241,0.00024
1770803069.991115,34.0884,3.2342,-0.9884,0.004252,-0.002445,0.076332,-0.99707,-0.0003,-0.0004,0.0002,0.00031,-0.00039,0.0002
1770803070.039773,34.0884,3.2342,-0.9884,0.004252,-0.002445,0.076332,-0.99707,-0.0003,-0.0004,0.0002,-0.00185,0.0076,0.0008
1770803070.0909798,34.0886,3.2341,-0.9885,0.004268,-0.002483,0.076329,-0.99707,0.001,-0.0003,-0.0,-0.00012,-2e-05,3e-05
1770803070.1408093,34.0886,3.2341,-0.9885,0.004268,-0.002483,0.076329,-0.99707,0.001,-0.0003,-0.0,5e-05,-0.00056,-0.00033
1770803070.1924896,34.0886,3.2341,-0.9885,0.004268,-0.002483,0.076329,-0.99707,0.001,-0.0003,-0.0,0.00044,-0.00177,-3e-05
1770803070.2407095,34.0886,3.2341,-0.9885,0.004268,-0.002483,0.076329,-0.99707,0.001,-0.0003,-0.0,-0.00101,0.00248,0.00014
1770803070.2903469,34.0886,3.2341,-0.9885,0.004268,-0.002483,0.076329,-0.99707,0.001,-0.0003,-0.0,0.0,-0.00237,-0.00056
1770803070.341153,34.0884,3.2342,-0.9884,0.004287,-0.002498,0.076324,-0.997071,0.0001,-0.0004,0.0001,-0.00024,0.00012,-0.00024
1770803070.3917203,34.0884,3.2342,-0.9884,0.004287,-0.002498,0.076324,-0.997071,0.0001,-0.0004,0.0001,-0.00106,-0.0001,-0.00066
1770803070.4414783,34.0884,3.2342,-0.9884,0.004287,-0.002498,0.076324,-0.997071,0.0001,-0.0004,0.0001,0.00011,-0.00266,-4e-05
1770803070.490412,34.0884,3.2342,-0.9884,0.004287,-0.002498,0.076324,-0.997071,0.0001,-0.0004,0.0001,-0.00052,-0.002,-0.00048
1770803070.5400298,34.0884,3.2342,-0.9884,0.004287,-0.002498,0.076324,-0.997071,0.0001,-0.0004,0.0001,0.00034,-0.00171,0.00015
1770803070.5950668,34.0884,3.2342,-0.9884,0.004287,-0.002498,0.076324,-0.997071,0.0001,-0.0004,0.0001,0.00106,-0.0017,0.00014
1770803070.6403582,34.0883,3.2342,-0.9884,0.004291,-0.00243,0.076349,-0.997069,0.0007,-0.0004,-0.0,0.00017,-0.00267,-0.00017
1770803070.695713,34.0883,3.2342,-0.9884,0.004291,-0.00243,0.076349,-0.997069,0.0007,-0.0004,-0.0,0.00197,-0.00212,-0.00028
1770803070.7397673,34.0883,3.2342,-0.9884,0.004291,-0.00243,0.076349,-0.997069,0.0007,-0.0004,-0.0,-0.00071,0.00267,6e-05
1770803070.797914,34.0883,3.2342,-0.9884,0.004291,-0.00243,0.076349,-0.997069,0.0007,-0.0004,-0.0,0.00042,-0.00164,-0.00041
1770803070.8405406,34.0883,3.2342,-0.9884,0.004291,-0.00243,0.076349,-0.997069,0.0007,-0.0004,-0.0,-0.00182,0.0021,0.00023
1770803070.890694,34.0884,3.2342,-0.9885,0.004286,-0.002345,0.076371,-0.997068,0.0002,-0.0003,0.0002,0.00066,-0.00144,-4e-05
1770803070.9405706,34.0884,3.2342,-0.9885,0.004286,-0.002345,0.076371,-0.997068,0.0002,-0.0003,0.0002,0.00119,0.00047,0.00021
1770803070.992702,34.0884,3.2342,-0.9885,0.004286,-0.002345,0.076371,-0.997068,0.0002,-0.0003,0.0002,6e-05,0.0003,-0.00015
1770803071.0433247,34.0884,3.2342,-0.9885,0.004286,-0.002345,0.076371,-0.997068,0.0002,-0.0003,0.0002,0.0,0.0002,0.00023
1770803071.090622,34.0884,3.2342,-0.9885,0.004286,-0.002345,0.076371,-0.997068,0.0002,-0.0003,0.0002,0.00033,-0.00072,0.0003
1770803071.140607,34.0883,3.2342,-0.9884,0.004251,-0.002325,0.076386,-0.997067,-0.0002,-0.0006,-0.0001,-3e-05,-0.00452,8e-05
1770803071.1922898,34.0883,3.2342,-0.9884,0.004251,-0.002325,0.076386,-0.997067,-0.0002,-0.0006,-0.0001,0.00012,0.00054,0.00056
1770803071.2417264,34.0883,3.2342,-0.9884,0.004251,-0.002325,0.076386,-0.997067,-0.0002,-0.0006,-0.0001,0.00074,-0.00412,-0.00012
1770803071.2907958,34.0883,3.2342,-0.9884,0.004251,-0.002325,0.076386,-0.997067,-0.0002,-0.0006,-0.0001,-5e-05,-0.0003,0.00067
1770803071.3436797,34.0883,3.2342,-0.9884,0.004251,-0.002325,0.076386,-0.997067,-0.0002,-0.0006,-0.0001,-0.00022,-0.00151,0.00011
1770803071.3932817,34.0883,3.2342,-0.9884,0.004251,-0.002325,0.076386,-0.997067,-0.0002,-0.0006,-0.0001,0.00248,-0.00244,0.00022
1770803071.4397242,34.0885,3.2342,-0.9885,0.004234,-0.002318,0.076398,-0.997066,0.0004,-0.0006,0.0,-0.00061,0.00185,0.00063
1770803071.4903185,34.0885,3.2342,-0.9885,0.004234,-0.002318,0.076398,-0.997066,0.0004,-0.0006,0.0,0.00146,-0.00314,0.00029
1770803071.5405772,34.0885,3.2342,-0.9885,0.004234,-0.002318,0.076398,-0.997066,0.0004,-0.0006,0.0,0.00107,-0.00471,-0.00082
1770803071.5904183,34.0885,3.2342,-0.9885,0.004234,-0.002318,0.076398,-0.997066,0.0004,-0.0006,0.0,0.00162,-0.00281,-0.00023
1770803071.642339,34.0885,3.2342,-0.9885,0.004234,-0.002318,0.076398,-0.997066,0.0004,-0.0006,0.0,0.00047,-0.00119,-0.00025
1770803071.697669,34.0885,3.2342,-0.9885,0.004234,-0.002318,0.076398,-0.997066,0.0004,-0.0006,0.0,0.00017,0.00075,0.00018
1770803071.7466555,34.0886,3.2341,-0.9885,0.004225,-0.00227,0.076385,-0.997067,0.0003,-0.0003,-0.0002,-0.00021,0.00018,0.00043
1770803071.7913802,34.0886,3.2341,-0.9885,0.004225,-0.00227,0.076385,-0.997067,0.0003,-0.0003,-0.0002,-0.00157,0.00344,2e-05
1770803071.8403971,34.0886,3.2341,-0.9885,0.004225,-0.00227,0.076385,-0.997067,0.0003,-0.0003,-0.0002,-0.00103,0.00474,0.00113
1770803071.8903944,34.0886,3.2341,-0.9885,0.004225,-0.00227,0.076385,-0.997067,0.0003,-0.0003,-0.0002,0.00049,0.00062,-0.00016
1770803071.9416826,34.0886,3.2341,-0.9885,0.004225,-0.00227,0.076385,-0.997067,0.0003,-0.0003,-0.0002,0.00025,0.00121,0.00038
1770803071.9928858,34.0888,3.2341,-0.9885,0.004217,-0.002325,0.076367,-0.997068,0.0003,-0.0004,-0.0,0.00164,-0.00406,-0.00035
1770803072.0405834,34.0888,3.2341,-0.9885,0.004217,-0.002325,0.076367,-0.997068,0.0003,-0.0004,-0.0,0.00116,-0.00153,-0.00045
1770803072.092049,34.0888,3.2341,-0.9885,0.004217,-0.002325,0.076367,-0.997068,0.0003,-0.0004,-0.0,0.0019,-0.00312,-0.00041
1770803072.1414425,34.0888,3.2341,-0.9885,0.004217,-0.002325,0.076367,-0.997068,0.0003,-0.0004,-0.0,0.00022,0.00098,0.0004
1770803072.1916103,34.0888,3.2341,-0.9885,0.004217,-0.002325,0.076367,-0.997068,0.0003,-0.0004,-0.0,0.00177,-0.00432,-0.0009
1770803072.2399,34.0887,3.2341,-0.9885,0.004184,-0.002228,0.076382,-0.997067,0.0001,-0.0005,0.0001,0.00072,-0.00135,-0.00024
1770803072.2903793,34.0887,3.2341,-0.9885,0.004184,-0.002228,0.076382,-0.997067,0.0001,-0.0005,0.0001,0.00117,-0.00085,0.0002
1770803072.341603,34.0887,3.2341,-0.9885,0.004184,-0.002228,0.076382,-0.997067,0.0001,-0.0005,0.0001,0.00036,-0.00131,-0.00021
1770803072.390224,34.0887,3.2341,-0.9885,0.004184,-0.002228,0.076382,-0.997067,0.0001,-0.0005,0.0001,-0.00156,0.00359,0.0002
1770803072.4436917,34.0887,3.2341,-0.9885,0.004184,-0.002228,0.076382,-0.997067,0.0001,-0.0005,0.0001,-0.00199,0.00135,-0.0002
1770803072.4916618,34.0885,3.2341,-0.9885,0.00415,-0.002217,0.076398,-0.997066,-0.0003,-0.0006,0.0,-0.00045,0.0005,0.00016
1770803072.5411963,34.0885,3.2341,-0.9885,0.00415,-0.002217,0.076398,-0.997066,-0.0003,-0.0006,0.0,-0.00173,0.00249,-0.00045
1770803072.591494,34.0885,3.2341,-0.9885,0.00415,-0.002217,0.076398,-0.997066,-0.0003,-0.0006,0.0,-0.00172,0.00179,0.00029
1770803072.6457782,34.0885,3.2341,-0.9885,0.00415,-0.002217,0.076398,-0.997066,-0.0003,-0.0006,0.0,-5e-05,-0.00165,-0.00033
1770803072.6906273,34.0885,3.2341,-0.9885,0.00415,-0.002217,0.076398,-0.997066,-0.0003,-0.0006,0.0,-0.00014,-0.00137,-8e-05
1770803072.7440903,34.0884,3.2342,-0.9884,0.004275,-0.002337,0.076391,-0.997066,-0.0001,-0.0002,-0.0001,0.00144,-0.00413,-0.00018
1770803072.7904768,34.0884,3.2342,-0.9884,0.004275,-0.002337,0.076391,-0.997066,-0.0001,-0.0002,-0.0001,-0.00058,0.00072,0.00025
1770803072.8466957,34.0884,3.2342,-0.9884,0.004275,-0.002337,0.076391,-0.997066,-0.0001,-0.0002,-0.0001,0.00039,-0.0012,-0.00043
1770803072.8992946,34.0884,3.2342,-0.9884,0.004275,-0.002337,0.076391,-0.997066,-0.0001,-0.0002,-0.0001,0.00213,-0.00334,-9e-05
1770803072.9495263,34.0884,3.2342,-0.9884,0.004275,-0.002337,0.076391,-0.997066,-0.0001,-0.0002,-0.0001,0.00056,0.00187,-0.00017
1770803072.9905992,34.0884,3.2342,-0.9884,0.004275,-0.002337,0.076391,-0.997066,-0.0001,-0.0002,-0.0001,-8e-05,0.00061,-0.0004
1770803073.0412939,34.0883,3.2342,-0.9884,0.004307,-0.002264,0.076417,-0.997064,0.0002,-0.0005,-0.0001,-0.00013,0.00219,0.0004
1770803073.0912445,34.0883,3.2342,-0.9884,0.004307,-0.002264,0.076417,-0.997064,0.0002,-0.0005,-0.0001,-0.00023,0.00127,0.00022
1770803073.1548734,34.0883,3.2342,-0.9884,0.004307,-0.002264,0.076417,-0.997064,0.0002,-0.0005,-0.0001,0.00058,-0.00156,0.00011
1770803073.1899598,34.0883,3.2342,-0.9884,0.004307,-0.002264,0.076417,-0.997064,0.0002,-0.0005,-0.0001,0.0006,-0.00047,-0.00014
1770803073.2399812,34.0883,3.2342,-0.9884,0.004307,-0.002264,0.076417,-0.997064,0.0002,-0.0005,-0.0001,0.00052,-0.00026,-4e-05
1770803073.2912402,34.0883,3.2342,-0.9884,0.004323,-0.002343,0.076409,-0.997064,0.0002,-0.0005,0.0,-0.00127,0.00211,0.00015
1770803073.3484612,34.0883,3.2342,-0.9884,0.004323,-0.002343,0.076409,-0.997064,0.0002,-0.0005,0.0,-0.00038,0.00214,0.00011
1770803073.3906677,34.0883,3.2342,-0.9884,0.004323,-0.002343,0.076409,-0.997064,0.0002,-0.0005,0.0,0.0003,0.00042,0.00024
1770803073.4414165,34.0883,3.2342,-0.9884,0.004323,-0.002343,0.076409,-0.997064,0.0002,-0.0005,0.0,-0.00043,0.00195,0.0003
1770803073.4908493,34.0883,3.2342,-0.9884,0.004323,-0.002343,0.076409,-0.997064,0.0002,-0.0005,0.0,-0.00127,0.00273,-5e-05
1770803073.5433204,34.0883,3.2342,-0.9884,0.004323,-0.002343,0.076409,-0.997064,0.0002,-0.0005,0.0,-0.0014,0.0012,0.00016
1770803073.593136,34.0835,3.2348,-0.988,0.004408,-0.002401,0.076719,-0.99704,0.0101,-0.0003,-0.0011,0.00028,-0.00255,-0.00068
1770803073.6409607,34.0835,3.2348,-0.988,0.004408,-0.002401,0.076719,-0.99704,0.0101,-0.0003,-0.0011,-0.00033,0.00073,-0.00027
1770803073.689813,34.0835,3.2348,-0.988,0.004408,-0.002401,0.076719,-0.99704,0.0101,-0.0003,-0.0011,0.00012,-0.00056,0.00022
1770803073.7422469,34.0835,3.2348,-0.988,0.004408,-0.002401,0.076719,-0.99704,0.0101,-0.0003,-0.0011,-0.00317,0.00512,0.00012
1770803073.7903104,34.0835,3.2348,-0.988,0.004408,-0.002401,0.076719,-0.99704,0.0101,-0.0003,-0.0011,0.00052,0.00091,-0.00029
1770803073.841253,34.0844,3.2347,-0.9881,0.004429,-0.002508,0.076861,-0.997029,0.006,-0.0004,-0.0006,6e-05,-0.00116,-6e-05
1770803073.8907344,34.0844,3.2347,-0.9881,0.004429,-0.002508,0.076861,-0.997029,0.006,-0.0004,-0.0006,-0.00191,0.00406,0.00065
1770803073.9399633,34.0844,3.2347,-0.9881,0.004429,-0.002508,0.076861,-0.997029,0.006,-0.0004,-0.0006,2e-05,0.00113,0.00013
1770803073.9900308,34.0844,3.2347,-0.9881,0.004429,-0.002508,0.076861,-0.997029,0.006,-0.0004,-0.0006,0.0008,-0.00037,7e-05
1770803074.0448346,34.0844,3.2347,-0.9881,0.004429,-0.002508,0.076861,-0.997029,0.006,-0.0004,-0.0006,4e-05,0.00035,3e-05
1770803074.0938323,34.0849,3.2346,-0.9881,0.004491,-0.002568,0.076799,-0.997033,0.0044,-0.0002,-0.0003,5e-05,-0.00064,0.00029
1770803074.139815,34.0849,3.2346,-0.9881,0.004491,-0.002568,0.076799,-0.997033,0.0044,-0.0002,-0.0003,0.0017,-0.00356,-0.00027
1770803074.1903915,34.0849,3.2346,-0.9881,0.004491,-0.002568,0.076799,-0.997033,0.0044,-0.0002,-0.0003,0.0014,-0.00434,-0.00035
1770803074.2396288,34.0849,3.2346,-0.9881,0.004491,-0.002568,0.076799,-0.997033,0.0044,-0.0002,-0.0003,-0.00028,0.00152,-7e-05
1770803074.2899365,34.0849,3.2346,-0.9881,0.004491,-0.002568,0.076799,-0.997033,0.0044,-0.0002,-0.0003,-2e-05,-0.00262,-4e-05
1770803074.3412333,34.0849,3.2346,-0.9881,0.004491,-0.002568,0.076799,-0.997033,0.0044,-0.0002,-0.0003,-0.00072,0.00012,-1e-05
1770803074.3919852,34.0854,3.2345,-0.9882,0.004448,-0.002477,0.076858,-0.997029,0.0032,-0.0002,-0.0003,-2e-05,-0.00034,-0.00031
1770803074.4398928,34.0854,3.2345,-0.9882,0.004448,-0.002477,0.076858,-0.997029,0.0032,-0.0002,-0.0003,0.00088,-0.00151,-0.00023
1770803074.4898396,34.0854,3.2345,-0.9882,0.004448,-0.002477,0.076858,-0.997029,0.0032,-0.0002,-0.0003,-0.00037,0.00068,0.0004
1770803074.5410058,34.0854,3.2345,-0.9882,0.004448,-0.002477,0.076858,-0.997029,0.0032,-0.0002,-0.0003,-0.00129,-0.00011,0.00018
1770803074.5911872,34.0854,3.2345,-0.9882,0.004448,-0.002477,0.076858,-0.997029,0.0032,-0.0002,-0.0003,-0.00048,0.00137,0.00026
1770803074.6438937,34.0857,3.2345,-0.9882,0.004451,-0.002569,0.076834,-0.997031,0.0022,-0.0003,0.0001,0.00017,-0.00145,-0.00016
1770803074.6904485,34.0857,3.2345,-0.9882,0.004451,-0.002569,0.076834,-0.997031,0.0022,-0.0003,0.0001,0.00097,-0.00088,0.00032
1770803074.7423954,34.0857,3.2345,-0.9882,0.004451,-0.002569,0.076834,-0.997031,0.0022,-0.0003,0.0001,-0.00074,0.0015,-9e-05
1770803074.7955558,34.0857,3.2345,-0.9882,0.004451,-0.002569,0.076834,-0.997031,0.0022,-0.0003,0.0001,-0.00172,0.00096,0.0001
1770803074.855844,34.0857,3.2345,-0.9882,0.004451,-0.002569,0.076834,-0.997031,0.0022,-0.0003,0.0001,-0.0001,-0.00105,-0.00013
1770803074.8962967,34.0855,3.2345,-0.9882,0.004438,-0.002513,0.076828,-0.997031,0.001,-0.0002,0.0001,-0.00087,0.0028,0.00055
1770803074.940038,34.0855,3.2345,-0.9882,0.004438,-0.002513,0.076828,-0.997031,0.001,-0.0002,0.0001,-6e-05,0.001,-0.00036
1770803074.9996238,34.0855,3.2345,-0.9882,0.004438,-0.002513,0.076828,-0.997031,0.001,-0.0002,0.0001,-0.00116,0.00201,-0.00018
1770803075.0401871,34.0855,3.2345,-0.9882,0.004438,-0.002513,0.076828,-0.997031,0.001,-0.0002,0.0001,0.00031,-0.0012,-0.00054
1770803075.0903141,34.0855,3.2345,-0.9882,0.004438,-0.002513,0.076828,-0.997031,0.001,-0.0002,0.0001,0.00128,-0.00219,-0.00018
1770803075.1405628,34.0855,3.2345,-0.9882,0.004438,-0.002513,0.076828,-0.997031,0.001,-0.0002,0.0001,-0.00067,0.00023,0.00028
1770803075.1915193,34.085,3.2345,-0.9882,0.004447,-0.002437,0.076801,-0.997034,-0.0002,-0.0003,0.0001,-0.00057,0.00112,-0.00054
1770803075.2414205,34.085,3.2345,-0.9882,0.004447,-0.002437,0.076801,-0.997034,-0.0002,-0.0003,0.0001,0.00119,-0.00233,-0.00046
1770803075.2949455,34.085,3.2345,-0.9882,0.004447,-0.002437,0.076801,-0.997034,-0.0002,-0.0003,0.0001,0.00037,0.00045,-0.00016
1770803075.3417497,34.085,3.2345,-0.9882,0.004447,-0.002437,0.076801,-0.997034,-0.0002,-0.0003,0.0001,-0.00226,0.00341,0.0003
1770803075.3940463,34.085,3.2345,-0.9882,0.004447,-0.002437,0.076801,-0.997034,-0.0002,-0.0003,0.0001,0.00065,0.00059,-0.00023
1770803075.4405386,34.0838,3.2347,-0.9881,0.004457,-0.002493,0.076874,-0.997028,-0.0013,-0.0001,0.0004,0.00062,0.00015,-8e-05
1770803075.491165,34.0838,3.2347,-0.9881,0.004457,-0.002493,0.076874,-0.997028,-0.0013,-0.0001,0.0004,-0.00028,0.00209,-0.00013
1770803075.5411534,34.0838,3.2347,-0.9881,0.004457,-0.002493,0.076874,-0.997028,-0.0013,-0.0001,0.0004,0.00027,0.0007,-7e-05
1770803075.592655,34.0838,3.2347,-0.9881,0.004457,-0.002493,0.076874,-0.997028,-0.0013,-0.0001,0.0004,-0.00029,0.00261,0.00053
1770803075.6420224,34.0838,3.2347,-0.9881,0.004457,-0.002493,0.076874,-0.997028,-0.0013,-0.0001,0.0004,-0.00066,0.00341,0.00019
1770803075.6928172,34.0838,3.2347,-0.9881,0.004457,-0.002493,0.076874,-0.997028,-0.0013,-0.0001,0.0004,-0.00053,0.00089,-1e-05
1770803075.7417395,34.0829,3.2348,-0.988,0.004464,-0.002404,0.076925,-0.997024,-0.0006,-0.0001,-0.0001,0.0012,-0.00212,-0.0006
1770803075.7939405,34.0829,3.2348,-0.988,0.004464,-0.002404,0.076925,-0.997024,-0.0006,-0.0001,-0.0001,-0.00098,0.00335,0.00023
1770803075.8428874,34.0829,3.2348,-0.988,0.004464,-0.002404,0.076925,-0.997024,-0.0006,-0.0001,-0.0001,0.00052,0.00335,0.00055
1770803075.890978,34.0829,3.2348,-0.988,0.004464,-0.002404,0.076925,-0.997024,-0.0006,-0.0001,-0.0001,0.00021,0.00207,0.0005
1770803075.9430707,34.0829,3.2348,-0.988,0.004464,-0.002404,0.076925,-0.997024,-0.0006,-0.0001,-0.0001,-0.00086,0.00037,-0.00022
1770803075.9925592,34.0827,3.2349,-0.9879,0.00446,-0.002534,0.076857,-0.997029,0.0006,-0.0005,0.0001,0.00111,-0.00126,8e-05
1770803076.0422013,34.0827,3.2349,-0.9879,0.00446,-0.002534,0.076857,-0.997029,0.0006,-0.0005,0.0001,-0.00073,0.00158,0.00024
1770803076.0930476,34.0827,3.2349,-0.9879,0.00446,-0.002534,0.076857,-0.997029,0.0006,-0.0005,0.0001,-0.00136,0.00333,0.00022
1770803076.1403139,34.0827,3.2349,-0.9879,0.00446,-0.002534,0.076857,-0.997029,0.0006,-0.0005,0.0001,0.00111,-0.00178,0.00035
1770803076.1927333,34.0827,3.2349,-0.9879,0.00446,-0.002534,0.076857,-0.997029,0.0006,-0.0005,0.0001,-0.00077,0.00024,-0.00047
1770803076.2408724,34.0827,3.2349,-0.9879,0.00446,-0.002534,0.076857,-0.997029,0.0006,-0.0005,0.0001,-0.0015,0.00233,6e-05
1770803076.2908359,34.0832,3.2348,-0.988,0.004468,-0.002566,0.07682,-0.997032,0.002,-0.0002,-0.0002,-0.00028,-0.00062,-0.00053
1770803076.3399522,34.0832,3.2348,-0.988,0.004468,-0.002566,0.07682,-0.997032,0.002,-0.0002,-0.0002,0.00199,-0.00149,-0.00045
1770803076.392665,34.0832,3.2348,-0.988,0.004468,-0.002566,0.07682,-0.997032,0.002,-0.0002,-0.0002,0.00019,-0.00156,-0.00031
1770803076.4403737,34.0832,3.2348,-0.988,0.004468,-0.002566,0.07682,-0.997032,0.002,-0.0002,-0.0002,0.001,-0.00065,-0.00026
1770803076.490689,34.0832,3.2348,-0.988,0.004468,-0.002566,0.07682,-0.997032,0.002,-0.0002,-0.0002,-0.00119,0.00141,-9e-05
1770803076.5405962,34.0837,3.2347,-0.9881,0.00442,-0.002576,0.076805,-0.997033,0.0022,-0.0002,-0.0002,-0.00083,-0.00044,-0.00032
1770803076.5915077,34.0837,3.2347,-0.9881,0.00442,-0.002576,0.076805,-0.997033,0.0022,-0.0002,-0.0002,0.00051,-0.0013,0.00055
1770803076.6433537,34.0837,3.2347,-0.9881,0.00442,-0.002576,0.076805,-0.997033,0.0022,-0.0002,-0.0002,0.00097,-0.00133,-0.00049
1770803076.693593,34.0837,3.2347,-0.9881,0.00442,-0.002576,0.076805,-0.997033,0.0022,-0.0002,-0.0002,-0.00038,0.00157,0.00041
1770803076.742978,34.0837,3.2347,-0.9881,0.00442,-0.002576,0.076805,-0.997033,0.0022,-0.0002,-0.0002,0.00058,-0.00051,-9e-05
1770803076.7912138,34.0839,3.2346,-0.9881,0.004426,-0.002585,0.07682,-0.997032,0.0019,-0.0002,-0.0004,0.00242,-0.00129,-7e-05
1770803076.8415432,34.0839,3.2346,-0.9881,0.004426,-0.002585,0.07682,-0.997032,0.0019,-0.0002,-0.0004,0.00071,0.00073,-5e-05
1770803076.8902473,34.0839,3.2346,-0.9881,0.004426,-0.002585,0.07682,-0.997032,0.0019,-0.0002,-0.0004,0.00025,-0.00138,-0.00012
1770803076.9428117,34.0839,3.2346,-0.9881,0.004426,-0.002585,0.07682,-0.997032,0.0019,-0.0002,-0.0004,-0.00035,-0.00133,-0.00036
1770803076.9919093,34.0839,3.2346,-0.9881,0.004426,-0.002585,0.07682,-0.997032,0.0019,-0.0002,-0.0004,0.00217,-0.00309,0.00064
1770803077.0508142,34.0839,3.2346,-0.9881,0.004426,-0.002585,0.07682,-0.997032,0.0019,-0.0002,-0.0004,-0.00078,0.00295,0.00047
1770803077.0921588,34.0841,3.2346,-0.9881,0.004373,-0.002519,0.076812,-0.997033,0.0015,-0.0003,0.0,-0.00093,-0.00034,-0.00065
1770803077.14792,34.0841,3.2346,-0.9881,0.004373,-0.002519,0.076812,-0.997033,0.0015,-0.0003,0.0,0.00051,0.00103,0.00017
1770803077.1928144,34.0841,3.2346,-0.9881,0.004373,-0.002519,0.076812,-0.997033,0.0015,-0.0003,0.0,0.00052,0.00035,8e-05
1770803077.240917,34.0841,3.2346,-0.9881,0.004373,-0.002519,0.076812,-0.997033,0.0015,-0.0003,0.0,-5e-05,-0.00121,0.0004
1770803077.2919137,34.0841,3.2346,-0.9881,0.004373,-0.002519,0.076812,-0.997033,0.0015,-0.0003,0.0,0.00023,-0.00147,-7e-05
1770803077.3452203,34.0843,3.2346,-0.9882,0.004385,-0.002556,0.076791,-0.997034,0.0016,-0.0003,-0.0001,-4e-05,0.00159,0.00039
1770803077.395856,34.0843,3.2346,-0.9882,0.004385,-0.002556,0.076791,-0.997034,0.0016,-0.0003,-0.0001,-0.00141,0.00295,0.0002
1770803077.4457517,34.0843,3.2346,-0.9882,0.004385,-0.002556,0.076791,-0.997034,0.0016,-0.0003,-0.0001,0.00016,0.0009,0.00049
1770803077.491043,34.0843,3.2346,-0.9882,0.004385,-0.002556,0.076791,-0.997034,0.0016,-0.0003,-0.0001,0.00136,-0.00245,-0.00016
1770803077.5439403,34.0843,3.2346,-0.9882,0.004385,-0.002556,0.076791,-0.997034,0.0016,-0.0003,-0.0001,0.00141,-0.00425,-0.00076
1770803077.5914454,34.0844,3.2346,-0.9882,0.004406,-0.002597,0.076751,-0.997037,0.0016,-0.0004,-0.0001,0.00081,-0.00078,-0.00059
1770803077.6499507,34.0844,3.2346,-0.9882,0.004406,-0.002597,0.076751,-0.997037,0.0016,-0.0004,-0.0001,-0.00028,-0.00035,-0.00026
1770803077.6922832,34.0844,3.2346,-0.9882,0.004406,-0.002597,0.076751,-0.997037,0.0016,-0.0004,-0.0001,0.00033,0.00042,9e-05
1770803077.7406323,34.0844,3.2346,-0.9882,0.004406,-0.002597,0.076751,-0.997037,0.0016,-0.0004,-0.0001,0.0009,-0.00346,-0.00033
1770803077.7912085,34.0844,3.2346,-0.9882,0.004406,-0.002597,0.076751,-0.997037,0.0016,-0.0004,-0.0001,0.00088,-8e-05,-2e-05
1770803077.8403451,34.0844,3.2346,-0.9882,0.004406,-0.002597,0.076751,-0.997037,0.0016,-0.0004,-0.0001,2e-05,-0.00127,-0.00101
1770803077.89224,34.0845,3.2346,-0.9882,0.004366,-0.002508,0.076782,-0.997035,0.0015,-0.0004,-0.0004,0.00052,-0.00085,7e-05
1770803077.9406157,34.0845,3.2346,-0.9882,0.004366,-0.002508,0.076782,-0.997035,0.0015,-0.0004,-0.0004,-0.00151,0.00057,-0.00014
1770803077.9913085,34.0845,3.2346,-0.9882,0.004366,-0.002508,0.076782,-0.997035,0.0015,-0.0004,-0.0004,-0.00268,0.00355,0.00035
1770803078.040624,34.0845,3.2346,-0.9882,0.004366,-0.002508,0.076782,-0.997035,0.0015,-0.0004,-0.0004,0.00081,-0.00052,0.00027
1770803078.0899146,34.0845,3.2346,-0.9882,0.004366,-0.002508,0.076782,-0.997035,0.0015,-0.0004,-0.0004,-8e-05,0.00082,0.00036
1770803078.1409543,34.0842,3.2346,-0.9882,0.00439,-0.002495,0.076798,-0.997034,0.0011,-0.0003,-0.0001,0.00038,-0.00058,0.00035
1770803078.197689,34.0842,3.2346,-0.9882,0.00439,-0.002495,0.076798,-0.997034,0.0011,-0.0003,-0.0001,-0.00039,-0.00122,9e-05
1770803078.2463145,34.0842,3.2346,-0.9882,0.00439,-0.002495,0.076798,-0.997034,0.0011,-0.0003,-0.0001,-0.00033,0.00177,4e-05
1770803078.2964048,34.0842,3.2346,-0.9882,0.00439,-0.002495,0.076798,-0.997034,0.0011,-0.0003,-0.0001,-0.00211,0.00151,-3e-05
1770803078.3407974,34.0842,3.2346,-0.9882,0.00439,-0.002495,0.076798,-0.997034,0.0011,-0.0003,-0.0001,-0.00102,0.00146,0.00049
1770803078.3956847,34.0842,3.2346,-0.9882,0.00439,-0.002495,0.076798,-0.997034,0.0011,-0.0003,-0.0001,0.00188,-0.00388,-0.00049
1770803078.4402454,34.084,3.2346,-0.9881,0.004376,-0.002466,0.076769,-0.997036,0.0014,-0.0005,-0.0002,0.0007,0.00026,0.00017
1770803078.4906776,34.084,3.2346,-0.9881,0.004376,-0.002466,0.076769,-0.997036,0.0014,-0.0005,-0.0002,0.0001,0.00085,0.00029
1770803078.5432918,34.084,3.2346,-0.9881,0.004376,-0.002466,0.076769,-0.997036,0.0014,-0.0005,-0.0002,-0.00202,0.00317,0.00043
1770803078.5942602,34.084,3.2346,-0.9881,0.004376,-0.002466,0.076769,-0.997036,0.0014,-0.0005,-0.0002,-0.00057,-0.00026,-4e-05
1770803078.6434996,34.084,3.2346,-0.9881,0.004376,-0.002466,0.076769,-0.997036,0.0014,-0.0005,-0.0002,0.00112,-0.00088,-0.0003
1770803078.6941295,34.0839,3.2346,-0.9881,0.00437,-0.002511,0.07675,-0.997038,0.0014,-0.0005,0.0001,0.00014,-0.00117,6e-05
1770803078.7443337,34.0839,3.2346,-0.9881,0.00437,-0.002511,0.07675,-0.997038,0.0014,-0.0005,0.0001,-0.00053,0.00222,6e-05
1770803078.7913868,34.0839,3.2346,-0.9881,0.00437,-0.002511,0.07675,-0.997038,0.0014,-0.0005,0.0001,-0.00069,0.00123,0.00024
1770803078.8413699,34.0839,3.2346,-0.9881,0.00437,-0.002511,0.07675,-0.997038,0.0014,-0.0005,0.0001,-0.0002,0.00074,0.00026
1770803078.8931787,34.0839,3.2346,-0.9881,0.00437,-0.002511,0.07675,-0.997038,0.0014,-0.0005,0.0001,0.00083,-0.00282,0.0001
1770803078.9403973,34.0837,3.2347,-0.9881,0.004366,-0.002512,0.07676,-0.997037,0.0013,-0.0001,0.0001,0.00121,-0.00311,-0.00014
1770803078.9917183,34.0837,3.2347,-0.9881,0.004366,-0.002512,0.07676,-0.997037,0.0013,-0.0001,0.0001,-0.00054,0.00073,-0.0001
1770803079.0437152,34.0837,3.2347,-0.9881,0.004366,-0.002512,0.07676,-0.997037,0.0013,-0.0001,0.0001,0.00065,-0.00068,5e-05
1770803079.0930657,34.0837,3.2347,-0.9881,0.004366,-0.002512,0.07676,-0.997037,0.0013,-0.0001,0.0001,-0.00321,0.00671,0.00037
1770803079.1423988,34.0837,3.2347,-0.9881,0.004366,-0.002512,0.07676,-0.997037,0.0013,-0.0001,0.0001,-0.00032,-0.00046,-0.00028
1770803079.195732,34.0834,3.2347,-0.9881,0.004344,-0.002459,0.076755,-0.997037,0.0004,-0.0005,0.0001,0.00106,-0.00299,0.00023
1770803079.242643,34.0834,3.2347,-0.9881,0.004344,-0.002459,0.076755,-0.997037,0.0004,-0.0005,0.0001,0.00161,-0.00155,-0.00017
1770803079.2996597,34.0834,3.2347,-0.9881,0.004344,-0.002459,0.076755,-0.997037,0.0004,-0.0005,0.0001,-0.00036,0.00016,0.0001
1770803079.3437726,34.0834,3.2347,-0.9881,0.004344,-0.002459,0.076755,-0.997037,0.0004,-0.0005,0.0001,0.00067,0.00015,0.00039
1770803079.3971229,34.0834,3.2347,-0.9881,0.004344,-0.002459,0.076755,-0.997037,0.0004,-0.0005,0.0001,-0.00044,0.00216,0.00061
1770803079.440483,34.0834,3.2347,-0.9881,0.004344,-0.002459,0.076755,-0.997037,0.0004,-0.0005,0.0001,0.00101,0.00024,-0.00033
1770803079.4922657,34.0833,3.2347,-0.9881,0.004315,-0.002444,0.076771,-0.997036,0.0006,-0.0005,0.0,-0.00153,0.00164,-0.00016
1770803079.5403652,34.0833,3.2347,-0.9881,0.004315,-0.002444,0.076771,-0.997036,0.0006,-0.0005,0.0,0.00096,-0.00364,-0.00085
1770803079.5915856,34.0833,3.2347,-0.9881,0.004315,-0.002444,0.076771,-0.997036,0.0006,-0.0005,0.0,0.00123,-0.00209,-0.0
1770803079.6413593,34.0833,3.2347,-0.9881,0.004315,-0.002444,0.076771,-0.997036,0.0006,-0.0005,0.0,-0.00043,0.00177,0.00037
1770803079.6929302,34.0833,3.2347,-0.9881,0.004315,-0.002444,0.076771,-0.997036,0.0006,-0.0005,0.0,0.00048,-0.0019,0.00039
1770803079.7417192,34.0833,3.2347,-0.9881,0.004315,-0.002444,0.076771,-0.997036,0.0006,-0.0005,0.0,0.00056,-0.00261,-0.0001
1770803079.7916732,34.0833,3.2347,-0.9881,0.004316,-0.002422,0.076789,-0.997035,0.001,-0.0005,0.0001,0.00159,-0.00244,-4e-05
1770803079.8427284,34.0833,3.2347,-0.9881,0.004316,-0.002422,0.076789,-0.997035,0.001,-0.0005,0.0001,-0.00081,0.00208,0.00016
1770803079.8914478,34.0833,3.2347,-0.9881,0.004316,-0.002422,0.076789,-0.997035,0.001,-0.0005,0.0001,-0.00115,0.00187,0.00043
1770803079.9418037,34.0833,3.2347,-0.9881,0.004316,-0.002422,0.076789,-0.997035,0.001,-0.0005,0.0001,-0.0001,-0.00067,-0.00014
1770803079.9912388,34.0833,3.2347,-0.9881,0.004316,-0.002422,0.076789,-0.997035,0.001,-0.0005,0.0001,-0.00062,0.00037,0.0002
1770803080.041124,34.0835,3.2347,-0.9881,0.004329,-0.002463,0.076775,-0.997036,0.0012,-0.0005,0.0,0.00099,-0.00081,-6e-05
1770803080.0911202,34.0835,3.2347,-0.9881,0.004329,-0.002463,0.076775,-0.997036,0.0012,-0.0005,0.0,0.00098,0.0004,0.00035
1770803080.1415248,34.0835,3.2347,-0.9881,0.004329,-0.002463,0.076775,-0.997036,0.0012,-0.0005,0.0,0.00063,-0.00251,-0.00067
1770803080.1964092,34.0835,3.2347,-0.9881,0.004329,-0.002463,0.076775,-0.997036,0.0012,-0.0005,0.0,-0.0007,0.00073,0.00012
1770803080.241344,34.0835,3.2347,-0.9881,0.004329,-0.002463,0.076775,-0.997036,0.0012,-0.0005,0.0,-0.00063,6e-05,-0.00037
1770803080.290503,34.0837,3.2347,-0.9881,0.004317,-0.002522,0.076775,-0.997036,0.0013,-0.0005,-0.0001,-0.00071,0.00445,0.00027
1770803080.3425462,34.0837,3.2347,-0.9881,0.004317,-0.002522,0.076775,-0.997036,0.0013,-0.0005,-0.0001,0.00079,-0.00049,0.00016
1770803080.3904407,34.0837,3.2347,-0.9881,0.004317,-0.002522,0.076775,-0.997036,0.0013,-0.0005,-0.0001,0.00082,0.00125,7e-05
1770803080.4401538,34.0837,3.2347,-0.9881,0.004317,-0.002522,0.076775,-0.997036,0.0013,-0.0005,-0.0001,-0.00139,0.00406,0.00035
1770803080.49102,34.0837,3.2347,-0.9881,0.004317,-0.002522,0.076775,-0.997036,0.0013,-0.0005,-0.0001,0.00096,-0.00155,-0.0
1770803080.5400233,34.0837,3.2347,-0.9881,0.004317,-0.002522,0.076775,-0.997036,0.0013,-0.0005,-0.0001,-0.00132,0.00208,-0.0003
1770803080.5958564,34.0837,3.2347,-0.9881,0.004344,-0.002623,0.076766,-0.997036,0.0012,-0.0003,0.0002,0.00067,-0.00131,-0.00024
1770803080.6462424,34.0837,3.2347,-0.9881,0.004344,-0.002623,0.076766,-0.997036,0.0012,-0.0003,0.0002,-0.00017,-0.00174,-0.00025
1770803080.6915092,34.0837,3.2347,-0.9881,0.004344,-0.002623,0.076766,-0.997036,0.0012,-0.0003,0.0002,-0.00071,0.00084,0.00034
1770803080.7424202,34.0837,3.2347,-0.9881,0.004344,-0.002623,0.076766,-0.997036,0.0012,-0.0003,0.0002,-0.00109,0.00154,5e-05
1770803080.7908943,34.0837,3.2347,-0.9881,0.004344,-0.002623,0.076766,-0.997036,0.0012,-0.0003,0.0002,-0.00023,0.00066,-0.00023
1770803080.8442333,34.0838,3.2346,-0.9881,0.004353,-0.002542,0.076797,-0.997034,0.002,-0.0003,-0.0001,0.00106,-0.00207,-0.00042
1770803080.8915837,34.0838,3.2346,-0.9881,0.004353,-0.002542,0.076797,-0.997034,0.002,-0.0003,-0.0001,-0.00102,0.00173,0.0001
1770803080.9403596,34.0838,3.2346,-0.9881,0.004353,-0.002542,0.076797,-0.997034,0.002,-0.0003,-0.0001,8e-05,0.00154,-0.00031
1770803080.9940429,34.0838,3.2346,-0.9881,0.004353,-0.002542,0.076797,-0.997034,0.002,-0.0003,-0.0001,0.00062,-0.00139,-0.00096
1770803081.050642,34.0838,3.2346,-0.9881,0.004353,-0.002542,0.076797,-0.997034,0.002,-0.0003,-0.0001,0.00046,0.00255,0.00014
1770803081.0917456,34.0838,3.2346,-0.9881,0.004353,-0.002542,0.076797,-0.997034,0.002,-0.0003,-0.0001,-0.00015,-0.00073,-0.00018
1770803081.1415913,34.0838,3.2346,-0.9881,0.004393,-0.002551,0.076823,-0.997032,0.0017,-0.0002,-0.0001,0.00096,-0.00142,-0.00051
1770803081.190837,34.0838,3.2346,-0.9881,0.004393,-0.002551,0.076823,-0.997032,0.0017,-0.0002,-0.0001,0.00057,-0.00283,-0.00039
1770803081.2453651,34.0838,3.2346,-0.9881,0.004393,-0.002551,0.076823,-0.997032,0.0017,-0.0002,-0.0001,0.00131,-0.00097,0.00016
1770803081.291892,34.0838,3.2346,-0.9881,0.004393,-0.002551,0.076823,-0.997032,0.0017,-0.0002,-0.0001,-0.00148,0.00062,-4e-05
1770803081.3488822,34.0838,3.2346,-0.9881,0.004393,-0.002551,0.076823,-0.997032,0.0017,-0.0002,-0.0001,0.00136,0.00098,0.00054
1770803081.3924363,34.084,3.2346,-0.9881,0.004365,-0.002504,0.076813,-0.997033,0.0021,-0.0006,0.0001,0.00121,0.00025,0.00034
1770803081.4490619,34.084,3.2346,-0.9881,0.004365,-0.002504,0.076813,-0.997033,0.0021,-0.0006,0.0001,-0.00069,0.00232,0.00032
1770803081.4915614,34.084,3.2346,-0.9881,0.004365,-0.002504,0.076813,-0.997033,0.0021,-0.0006,0.0001,0.00041,-0.0017,-0.00081
1770803081.5421183,34.084,3.2346,-0.9881,0.004365,-0.002504,0.076813,-0.997033,0.0021,-0.0006,0.0001,0.00019,0.00045,-0.00045
1770803081.5917146,34.084,3.2346,-0.9881,0.004365,-0.002504,0.076813,-0.997033,0.0021,-0.0006,0.0001,-0.00011,0.0012,-0.00035
1770803081.6434584,34.0842,3.2346,-0.9882,0.004342,-0.002498,0.076794,-0.997034,0.0015,-0.0007,-0.0001,0.00044,-0.00032,0.00013
1770803081.692913,34.0842,3.2346,-0.9882,0.004342,-0.002498,0.076794,-0.997034,0.0015,-0.0007,-0.0001,-0.00096,0.00085,-9e-05
1770803081.7405357,34.0842,3.2346,-0.9882,0.004342,-0.002498,0.076794,-0.997034,0.0015,-0.0007,-0.0001,-0.00029,0.00115,0.00043
1770803081.7916512,34.0842,3.2346,-0.9882,0.004342,-0.002498,0.076794,-0.997034,0.0015,-0.0007,-0.0001,0.00074,-0.00018,-0.00029
1770803081.84009,34.0842,3.2346,-0.9882,0.004342,-0.002498,0.076794,-0.997034,0.0015,-0.0007,-0.0001,0.00044,-0.00102,0.00015
1770803081.8920043,34.0842,3.2346,-0.9882,0.004342,-0.002498,0.076794,-0.997034,0.0015,-0.0007,-0.0001,5e-05,-0.00153,0.00012
1770803081.9400184,34.0842,3.2346,-0.9882,0.004323,-0.002505,0.07677,-0.997036,0.0009,-0.0007,0.0001,-0.0002,-0.00312,-0.00035
1770803081.9906094,34.0842,3.2346,-0.9882,0.004323,-0.002505,0.07677,-0.997036,0.0009,-0.0007,0.0001,-0.00037,-0.00094,5e-05
1770803082.0407403,34.0842,3.2346,-0.9882,0.004323,-0.002505,0.07677,-0.997036,0.0009,-0.0007,0.0001,0.00151,-0.00342,-0.00047
1770803082.0910168,34.0842,3.2346,-0.9882,0.004323,-0.002505,0.07677,-0.997036,0.0009,-0.0007,0.0001,0.00128,-0.00389,0.00016
1770803082.1407545,34.0842,3.2346,-0.9882,0.004323,-0.002505,0.07677,-0.997036,0.0009,-0.0007,0.0001,0.00063,-0.00059,-0.00023
1770803082.1908448,34.0841,3.2346,-0.9881,0.004316,-0.002466,0.07677,-0.997036,0.0018,-0.0002,-0.0001,0.00059,-0.00118,-0.00012
1770803082.2409794,34.0841,3.2346,-0.9881,0.004316,-0.002466,0.07677,-0.997036,0.0018,-0.0002,-0.0001,-0.00154,0.00172,-3e-05
1770803082.2947543,34.0841,3.2346,-0.9881,0.004316,-0.002466,0.07677,-0.997036,0.0018,-0.0002,-0.0001,0.00067,0.00031,9e-05
1770803082.34299,34.0841,3.2346,-0.9881,0.004316,-0.002466,0.07677,-0.997036,0.0018,-0.0002,-0.0001,-0.00081,0.00112,-0.00021
1770803082.3928423,34.0841,3.2346,-0.9881,0.004316,-0.002466,0.07677,-0.997036,0.0018,-0.0002,-0.0001,9e-05,-0.00123,0.00021
1770803082.4409325,34.084,3.2346,-0.9881,0.004278,-0.002362,0.076762,-0.997038,0.0012,-0.0004,-0.0,-0.00145,0.00054,-0.00022
1770803082.490728,34.084,3.2346,-0.9881,0.004278,-0.002362,0.076762,-0.997038,0.0012,-0.0004,-0.0,-0.00152,0.00293,-1e-05
1770803082.5412147,34.084,3.2346,-0.9881,0.004278,-0.002362,0.076762,-0.997038,0.0012,-0.0004,-0.0,-0.00072,0.00384,-0.00016
1770803082.5912247,34.084,3.2346,-0.9881,0.004278,-0.002362,0.076762,-0.997038,0.0012,-0.0004,-0.0,-0.00189,0.00444,0.00017
1770803082.640808,34.084,3.2346,-0.9881,0.004278,-0.002362,0.076762,-0.997038,0.0012,-0.0004,-0.0,0.00162,-0.00388,-0.00035
1770803082.69169,34.084,3.2346,-0.9881,0.004278,-0.002362,0.076762,-0.997038,0.0012,-0.0004,-0.0,-0.00052,0.00178,0.00018
1770803082.7442777,34.084,3.2346,-0.9881,0.004278,-0.002362,0.076762,-0.997038,0.0012,-0.0004,-0.0,0.00022,-0.00046,-1e-05
1770803082.7921965,34.084,3.2346,-0.9881,0.004278,-0.002362,0.076762,-0.997038,0.0012,-0.0004,-0.0,0.00071,-0.00086,-7e-05
1770803082.8407843,34.0841,3.2346,-0.9882,0.004381,-0.00248,0.07677,-0.997036,0.0015,-0.0005,0.0,3e-05,0.00176,0.00014
1770803082.8913255,34.0841,3.2346,-0.9882,0.004381,-0.00248,0.07677,-0.997036,0.0015,-0.0005,0.0,-3e-05,0.0022,0.00015
1770803082.9411862,34.0841,3.2346,-0.9882,0.004381,-0.00248,0.07677,-0.997036,0.0015,-0.0005,0.0,-0.00066,0.00352,6e-05
1770803082.9926608,34.084,3.2346,-0.9881,0.004382,-0.002418,0.076789,-0.997035,0.0007,-0.0003,-0.0003,-0.00181,0.00361,-0.00032
1770803083.0407085,34.084,3.2346,-0.9881,0.004382,-0.002418,0.076789,-0.997035,0.0007,-0.0003,-0.0003,0.00174,-0.00054,0.00017
1770803083.0903506,34.084,3.2346,-0.9881,0.004382,-0.002418,0.076789,-0.997035,0.0007,-0.0003,-0.0003,0.00259,-0.00145,-6e-05
1770803083.1413116,34.084,3.2346,-0.9881,0.004382,-0.002418,0.076789,-0.997035,0.0007,-0.0003,-0.0003,-0.00029,0.00281,0.0003
1770803083.1918693,34.084,3.2346,-0.9881,0.004382,-0.002418,0.076789,-0.997035,0.0007,-0.0003,-0.0003,-0.00096,0.00265,0.00018
1770803083.2416482,34.084,3.2346,-0.9881,0.004382,-0.002418,0.076789,-0.997035,0.0007,-0.0003,-0.0003,0.00158,-0.00131,-1e-05
1770803083.2921152,34.084,3.2346,-0.9881,0.00435,-0.002613,0.076773,-0.997036,0.0013,-0.0004,0.0001,4e-05,-0.00026,-0.00037
1770803083.3408525,34.084,3.2346,-0.9881,0.00435,-0.002613,0.076773,-0.997036,0.0013,-0.0004,0.0001,0.00048,0.00121,0.00052
1770803083.395276,34.084,3.2346,-0.9881,0.00435,-0.002613,0.076773,-0.997036,0.0013,-0.0004,0.0001,-6e-05,-0.00176,0.00013
1770803083.4430518,34.084,3.2346,-0.9881,0.00435,-0.002613,0.076773,-0.997036,0.0013,-0.0004,0.0001,-0.0019,0.00625,0.00027
1770803083.497014,34.084,3.2346,-0.9881,0.00435,-0.002613,0.076773,-0.997036,0.0013,-0.0004,0.0001,0.00103,-0.00213,-0.00046
1770803083.5400763,34.084,3.2346,-0.9881,0.004365,-0.002675,0.076783,-0.997035,0.0014,-0.0001,0.0,0.00082,-0.00241,-0.00016
1770803083.5907419,34.084,3.2346,-0.9881,0.004365,-0.002675,0.076783,-0.997035,0.0014,-0.0001,0.0,0.0009,-0.00175,-0.00044
1770803083.6400888,34.084,3.2346,-0.9881,0.004365,-0.002675,0.076783,-0.997035,0.0014,-0.0001,0.0,-0.00013,0.00183,0.00017
1770803083.691896,34.084,3.2346,-0.9881,0.004365,-0.002675,0.076783,-0.997035,0.0014,-0.0001,0.0,0.00076,-0.00112,0.00027
1770803083.7418416,34.084,3.2346,-0.9881,0.004365,-0.002675,0.076783,-0.997035,0.0014,-0.0001,0.0,0.00014,0.00143,0.00035
1770803083.794901,34.084,3.2346,-0.9881,0.004365,-0.002675,0.076783,-0.997035,0.0014,-0.0001,0.0,0.00063,-0.00233,1e-05
1770803083.845564,34.0843,3.2345,-0.9882,0.004376,-0.002646,0.076778,-0.997035,0.0021,-0.0002,-0.0,0.00051,-0.00217,-0.00044
1770803083.8916643,34.0843,3.2345,-0.9882,0.004376,-0.002646,0.076778,-0.997035,0.0021,-0.0002,-0.0,-4e-05,-0.00049,-0.00012
1770803083.9407444,34.0843,3.2345,-0.9882,0.004376,-0.002646,0.076778,-0.997035,0.0021,-0.0002,-0.0,0.0007,0.00077,-0.00017
1770803083.9908476,34.0843,3.2345,-0.9882,0.004376,-0.002646,0.076778,-0.997035,0.0021,-0.0002,-0.0,0.00059,0.00047,-8e-05
1770803084.0409694,34.0843,3.2345,-0.9882,0.004376,-0.002646,0.076778,-0.997035,0.0021,-0.0002,-0.0,0.00118,-0.00091,0.00047
1770803084.0914364,34.0845,3.2345,-0.9882,0.004364,-0.002492,0.076779,-0.997035,0.0012,-0.0002,-0.0003,0.00035,-0.00143,0.00021
1770803084.1421347,34.0845,3.2345,-0.9882,0.004364,-0.002492,0.076779,-0.997035,0.0012,-0.0002,-0.0003,-0.00027,0.00057,-0.00018
1770803084.1908565,34.0845,3.2345,-0.9882,0.004364,-0.002492,0.076779,-0.997035,0.0012,-0.0002,-0.0003,0.00053,-0.00153,-0.00102
1770803084.2435436,34.0845,3.2345,-0.9882,0.004364,-0.002492,0.076779,-0.997035,0.0012,-0.0002,-0.0003,0.00163,-0.00345,-0.00029
1770803084.292275,34.0845,3.2345,-0.9882,0.004364,-0.002492,0.076779,-0.997035,0.0012,-0.0002,-0.0003,-0.00018,0.00248,-0.00036
1770803084.3407001,34.0846,3.2345,-0.9882,0.004357,-0.00244,0.076764,-0.997037,0.0007,-0.0001,0.0001,0.00033,2e-05,-0.00019
1770803084.3913236,34.0846,3.2345,-0.9882,0.004357,-0.00244,0.076764,-0.997037,0.0007,-0.0001,0.0001,-0.00046,0.00046,-0.00015
1770803084.4404268,34.0846,3.2345,-0.9882,0.004357,-0.00244,0.076764,-0.997037,0.0007,-0.0001,0.0001,-0.00122,0.00171,-6e-05
1770803084.4913208,34.0846,3.2345,-0.9882,0.004357,-0.00244,0.076764,-0.997037,0.0007,-0.0001,0.0001,-0.00055,0.00219,0.00024
1770803084.540517,34.0846,3.2345,-0.9882,0.004357,-0.00244,0.076764,-0.997037,0.0007,-0.0001,0.0001,-0.00077,0.00105,0.00018
1770803084.5924652,34.0846,3.2345,-0.9882,0.004357,-0.00244,0.076764,-0.997037,0.0007,-0.0001,0.0001,0.0016,-0.00225,-0.00056
1770803084.6399329,34.0845,3.2345,-0.9882,0.004338,-0.002356,0.076776,-0.997036,0.0007,-0.0006,-0.0002,-0.00037,-0.00155,-0.00033
1770803084.6910672,34.0845,3.2345,-0.9882,0.004338,-0.002356,0.076776,-0.997036,0.0007,-0.0006,-0.0002,0.00065,-3e-05,0.00049
1770803084.7435079,34.0845,3.2345,-0.9882,0.004338,-0.002356,0.076776,-0.997036,0.0007,-0.0006,-0.0002,-0.0008,-0.00085,-0.00048
1770803084.7906835,34.0845,3.2345,-0.9882,0.004338,-0.002356,0.076776,-0.997036,0.0007,-0.0006,-0.0002,-0.00092,-0.00187,-0.0012
1770803084.8419106,34.0845,3.2345,-0.9882,0.004338,-0.002356,0.076776,-0.997036,0.0007,-0.0006,-0.0002,0.00076,-0.00151,-0.0004
1770803084.890212,34.0843,3.2345,-0.9882,0.004377,-0.002384,0.076774,-0.997036,0.0007,-0.0005,-0.0002,-0.00061,0.00033,-1e-05
1770803084.9429061,34.0843,3.2345,-0.9882,0.004377,-0.002384,0.076774,-0.997036,0.0007,-0.0005,-0.0002,-0.00188,0.00253,0.00019
1770803084.9914737,34.0843,3.2345,-0.9882,0.004377,-0.002384,0.076774,-0.997036,0.0007,-0.0005,-0.0002,0.00051,0.00055,0.0002
1770803085.0412135,34.0843,3.2345,-0.9882,0.004377,-0.002384,0.076774,-0.997036,0.0007,-0.0005,-0.0002,0.0001,0.00023,0.00052
1770803085.093083,34.0843,3.2345,-0.9882,0.004377,-0.002384,0.076774,-0.997036,0.0007,-0.0005,-0.0002,0.00142,-0.00258,-0.00046
1770803085.1445096,34.0842,3.2345,-0.9882,0.004359,-0.002382,0.076784,-0.997035,0.001,-0.0003,-0.0002,0.00093,-0.0016,-0.00049
1770803085.1931655,34.0842,3.2345,-0.9882,0.004359,-0.002382,0.076784,-0.997035,0.001,-0.0003,-0.0002,-0.00207,0.00034,-0.00075
1770803085.240516,34.0842,3.2345,-0.9882,0.004359,-0.002382,0.076784,-0.997035,0.001,-0.0003,-0.0002,8e-05,0.0003,0.00016
1770803085.2903855,34.0842,3.2345,-0.9882,0.004359,-0.002382,0.076784,-0.997035,0.001,-0.0003,-0.0002,0.00017,-0.00126,2e-05
1770803085.3409703,34.0842,3.2345,-0.9882,0.004359,-0.002382,0.076784,-0.997035,0.001,-0.0003,-0.0002,0.00032,0.00132,-0.0
1770803085.3904223,34.0842,3.2345,-0.9882,0.004359,-0.002382,0.076784,-0.997035,0.001,-0.0003,-0.0002,0.0,0.0022,0.00023
1770803085.4428442,34.0842,3.2346,-0.9882,0.004332,-0.002266,0.076799,-0.997035,0.0001,-0.0004,-0.0,-0.00104,0.001,2e-05
1770803085.4917817,34.0842,3.2346,-0.9882,0.004332,-0.002266,0.076799,-0.997035,0.0001,-0.0004,-0.0,-0.00027,-0.00177,-0.00076
1770803085.54283,34.0842,3.2346,-0.9882,0.004332,-0.002266,0.076799,-0.997035,0.0001,-0.0004,-0.0,-0.0007,0.00351,0.00079
1770803085.590091,34.0842,3.2346,-0.9882,0.004332,-0.002266,0.076799,-0.997035,0.0001,-0.0004,-0.0,0.00238,-0.00138,0.00042
1770803085.647841,34.0842,3.2346,-0.9882,0.004332,-0.002266,0.076799,-0.997035,0.0001,-0.0004,-0.0,-3e-05,0.00052,-0.0002
1770803085.6917558,34.084,3.2346,-0.9881,0.00437,-0.002337,0.076805,-0.997034,0.0002,-0.0002,0.0001,-0.00065,0.00068,-0.00074
1770803085.7414136,34.084,3.2346,-0.9881,0.00437,-0.002337,0.076805,-0.997034,0.0002,-0.0002,0.0001,0.00013,-0.00016,4e-05
1770803085.7931721,34.084,3.2346,-0.9881,0.00437,-0.002337,0.076805,-0.997034,0.0002,-0.0002,0.0001,0.00098,0.00064,0.00011
1770803085.8442318,34.084,3.2346,-0.9881,0.00437,-0.002337,0.076805,-0.997034,0.0002,-0.0002,0.0001,0.00087,0.00054,-0.00014
1770803085.8910382,34.084,3.2346,-0.9881,0.00437,-0.002337,0.076805,-0.997034,0.0002,-0.0002,0.0001,-0.00047,0.00295,0.00029
1770803085.944152,34.084,3.2346,-0.9881,0.00437,-0.002337,0.076805,-0.997034,0.0002,-0.0002,0.0001,0.00054,-0.00011,-0.00012
1770803085.9921384,34.0838,3.2346,-0.9881,0.004361,-0.002323,0.076807,-0.997034,-0.0007,-0.0004,0.0003,-0.0007,-0.00018,-0.00055
1770803086.0406163,34.0838,3.2346,-0.9881,0.004361,-0.002323,0.076807,-0.997034,-0.0007,-0.0004,0.0003,-0.00134,0.00238,-3e-05
1770803086.0919175,34.0838,3.2346,-0.9881,0.004361,-0.002323,0.076807,-0.997034,-0.0007,-0.0004,0.0003,-1e-05,-0.00058,-0.00042
1770803086.140674,34.0838,3.2346,-0.9881,0.004361,-0.002323,0.076807,-0.997034,-0.0007,-0.0004,0.0003,-0.0001,0.00098,0.00023
1770803086.1910725,34.0838,3.2346,-0.9881,0.004361,-0.002323,0.076807,-0.997034,-0.0007,-0.0004,0.0003,-0.00051,-2e-05,0.0001
1770803086.2410448,34.0837,3.2346,-0.9881,0.004357,-0.002442,0.076782,-0.997035,-0.0001,-0.0003,-0.0,-0.00036,0.00086,0.00034
1770803086.291096,34.0837,3.2346,-0.9881,0.004357,-0.002442,0.076782,-0.997035,-0.0001,-0.0003,-0.0,9e-05,-0.00166,-0.0002
1770803086.343904,34.0837,3.2346,-0.9881,0.004357,-0.002442,0.076782,-0.997035,-0.0001,-0.0003,-0.0,-3e-05,0.00187,0.00013
1770803086.3902714,34.0837,3.2346,-0.9881,0.004357,-0.002442,0.076782,-0.997035,-0.0001,-0.0003,-0.0,4e-05,-0.00123,-0.00066
1770803086.440992,34.0837,3.2346,-0.9881,0.004357,-0.002442,0.076782,-0.997035,-0.0001,-0.0003,-0.0,0.00159,0.00078,-0.00017
1770803086.4910386,34.0838,3.2346,-0.9881,0.004406,-0.00259,0.076754,-0.997037,0.0013,-0.0003,0.0002,0.00035,0.00024,0.0001
1770803086.5446086,34.0838,3.2346,-0.9881,0.004406,-0.00259,0.076754,-0.997037,0.0013,-0.0003,0.0002,-0.00116,0.00228,0.00039
1770803086.5902247,34.0838,3.2346,-0.9881,0.004406,-0.00259,0.076754,-0.997037,0.0013,-0.0003,0.0002,-0.00014,0.00047,-0.00026
1770803086.6408355,34.0838,3.2346,-0.9881,0.004406,-0.00259,0.076754,-0.997037,0.0013,-0.0003,0.0002,0.0011,-0.00146,0.00017
1770803086.6929617,34.0838,3.2346,-0.9881,0.004406,-0.00259,0.076754,-0.997037,0.0013,-0.0003,0.0002,-0.0014,0.00226,0.00016
1770803086.742239,34.0838,3.2346,-0.9881,0.004406,-0.00259,0.076754,-0.997037,0.0013,-0.0003,0.0002,-0.00018,-0.00094,-0.00016
1770803086.7917483,34.084,3.2346,-0.9881,0.00433,-0.002535,0.076771,-0.997036,0.0009,-0.0004,0.0001,-3e-05,0.00165,-3e-05
1770803086.841904,34.084,3.2346,-0.9881,0.00433,-0.002535,0.076771,-0.997036,0.0009,-0.0004,0.0001,-0.0022,0.00419,0.00035
1770803086.8913462,34.084,3.2346,-0.9881,0.00433,-0.002535,0.076771,-0.997036,0.0009,-0.0004,0.0001,0.00019,0.00119,0.00019
1770803086.9405508,34.084,3.2346,-0.9881,0.00433,-0.002535,0.076771,-0.997036,0.0009,-0.0004,0.0001,-0.00102,0.00231,0.00027
1770803086.9932628,34.084,3.2346,-0.9881,0.00433,-0.002535,0.076771,-0.997036,0.0009,-0.0004,0.0001,0.00025,-0.00145,-0.00077
1770803087.0405354,34.0838,3.2346,-0.9881,0.004355,-0.002601,0.076759,-0.997037,0.0008,-0.0007,0.0003,-0.00047,0.00381,0.00057
1770803087.090361,34.0838,3.2346,-0.9881,0.004355,-0.002601,0.076759,-0.997037,0.0008,-0.0007,0.0003,0.00101,-0.00334,-0.0001
1770803087.1401365,34.0838,3.2346,-0.9881,0.004355,-0.002601,0.076759,-0.997037,0.0008,-0.0007,0.0003,-8e-05,-7e-05,-7e-05
1770803087.1917083,34.0838,3.2346,-0.9881,0.004355,-0.002601,0.076759,-0.997037,0.0008,-0.0007,0.0003,0.00163,-0.0011,0.00032
