Topic:,/fixposition/fpa/odomenu
time,pos_x,pos_y,pos_z,qx,qy,qz,qw,vel_x,vel_y,vel_z,ang_vel_x,ang_vel_y,ang_vel_z,acc_x,acc_y,acc_z,fusion_status,imu_bias_status,gnss1_status,gnss2_status,wheelspeed_status
1770803063.1895502,34.0883,3.2342,-0.9884,0.004307,-0.0025,0.076299,-0.997073,0.0006,-0.0003,-0.0001,-0.00112,0.00211,-0.00026,-0.0161,-0.0897,9.8219,4,1,1,1,-1
1770803063.239645,34.0883,3.2342,-0.9884,0.004307,-0.0025,0.076299,-0.997073,0.0006,-0.0003,-0.0001,-0.00055,0.00249,-3e-05,-0.0234,-0.0846,9.8113,4,1,1,1,-1
1770803063.2914934,34.0885,3.2342,-0.9885,0.004283,-0.002379,0.076299,-0.997073,0.0011,-0.0005,-0.0004,0.00164,-0.00201,-0.00027,-0.0261,-0.0904,9.8046,4,1,1,1,-1
1770803063.3403447,34.0885,3.2342,-0.9885,0.004283,-0.002379,0.076299,-0.997073,0.0011,-0.0005,-0.0004,-0.00063,0.0033,0.00023,-0.0318,-0.0904,9.8065,4,1,1,1,-1
1770803063.3919625,34.0885,3.2342,-0.9885,0.004283,-0.002379,0.076299,-0.997073,0.0011,-0.0005,-0.0004,-0.00181,0.00114,-0.00039,-0.0343,-0.0871,9.8163,4,1,1,1,-1
1770803063.4480991,34.0885,3.2342,-0.9885,0.004283,-0.002379,0.076299,-0.997073,0.0011,-0.0005,-0.0004,0.00181,-0.00188,-0.00041,-0.0268,-0.089,9.8058,4,1,1,1,-1
1770803063.489391,34.0885,3.2342,-0.9885,0.004283,-0.002379,0.076299,-0.997073,0.0011,-0.0005,-0.0004,-0.00017,2e-05,-0.00026,-0.024,-0.0926,9.8049,4,1,1,1,-1
1770803063.5411165,34.0885,3.2342,-0.9885,0.004283,-0.002379,0.076299,-0.997073,0.0011,-0.0005,-0.0004,-0.00056,0.00077,-0.00037,-0.0276,-0.0888,9.8177,4,1,1,1,-1
1770803063.5911202,34.0885,3.2342,-0.9885,0.004287,-0.00234,0.076309,-0.997072,0.0004,-0.0004,0.0001,0.00163,-0.00447,-9e-05,-0.033,-0.0946,9.799,4,1,1,1,-1
1770803063.6413765,34.0885,3.2342,-0.9885,0.004287,-0.00234,0.076309,-0.997072,0.0004,-0.0004,0.0001,-0.00028,0.0013,-0.00047,-0.0287,-0.0838,9.8132,4,1,1,1,-1
1770803063.6924322,34.0885,3.2342,-0.9885,0.004287,-0.00234,0.076309,-0.997072,0.0004,-0.0004,0.0001,0.00043,7e-05,-0.00067,-0.0254,-0.0972,9.8007,4,1,1,1,-1
1770803063.7401,34.0885,3.2342,-0.9885,0.004287,-0.00234,0.076309,-0.997072,0.0004,-0.0004,0.0001,-0.0006,0.0002,0.00017,-0.0082,-0.0939,9.817,4,1,1,1,-1
1770803063.7891402,34.0885,3.2342,-0.9885,0.004287,-0.00234,0.076309,-0.997072,0.0004,-0.0004,0.0001,0.00024,-0.00051,-0.00053,-0.0178,-0.0963,9.809,4,1,1,1,-1
1770803063.8402233,34.0885,3.2342,-0.9885,0.004283,-0.002273,0.076337,-0.99707,0.0003,-0.0,-0.0002,-6e-05,-0.00011,-0.00025,-0.0196,-0.1002,9.8123,4,1,1,1,-1
1770803063.8911886,34.0885,3.2342,-0.9885,0.004283,-0.002273,0.076337,-0.99707,0.0003,-0.0,-0.0002,-0.00125,0.00292,0.0004,-0.0363,-0.0915,9.8095,4,1,1,1,-1
1770803063.944522,34.0885,3.2342,-0.9885,0.004283,-0.002273,0.076337,-0.99707,0.0003,-0.0,-0.0002,-0.00096,0.00349,0.0003,-0.0096,-0.093,9.7929,4,1,1,1,-1
1770803063.9893305,34.0885,3.2342,-0.9885,0.004283,-0.002273,0.076337,-0.99707,0.0003,-0.0,-0.0002,0.00183,-0.00094,0.00049,-0.0055,-0.0924,9.8147,4,1,1,1,-1
1770803064.0456197,34.0885,3.2342,-0.9885,0.004283,-0.002273,0.076337,-0.99707,0.0003,-0.0,-0.0002,-0.0006,0.00111,-8e-05,-0.0425,-0.0983,9.8132,4,1,1,1,-1
1770803064.093315,34.0885,3.2342,-0.9885,0.004283,-0.002273,0.076337,-0.99707,0.0003,-0.0,-0.0002,0.00078,-9e-05,0.00012,-0.0296,-0.1013,9.815,4,1,1,1,-1
1770803064.145518,34.0883,3.2342,-0.9885,0.004324,-0.002296,0.076337,-0.99707,-0.0,-0.0004,0.0,-0.00113,0.00177,-0.00039,-0.0313,-0.0917,9.8067,4,1,1,1,-1
1770803064.1897817,34.0883,3.2342,-0.9885,0.004324,-0.002296,0.076337,-0.99707,-0.0,-0.0004,0.0,0.0032,-0.00514,9e-05,-0.0454,-0.0909,9.8129,4,1,1,1,-1
1770803064.2454638,34.0883,3.2342,-0.9885,0.004324,-0.002296,0.076337,-0.99707,-0.0,-0.0004,0.0,0.00093,-0.00237,1e-05,-0.0367,-0.096,9.8096,4,1,1,1,-1
1770803064.290304,34.0883,3.2342,-0.9885,0.004324,-0.002296,0.076337,-0.99707,-0.0,-0.0004,0.0,0.00115,-0.00191,-8e-05,-0.0503,-0.0887,9.8057,4,1,1,1,-1
1770803064.3474166,34.0883,3.2342,-0.9885,0.004324,-0.002296,0.076337,-0.99707,-0.0,-0.0004,0.0,-0.00028,-6e-05,5e-05,-0.046,-0.0945,9.8074,4,1,1,1,-1
1770803064.393174,34.0886,3.2342,-0.9885,0.004278,-0.002248,0.076317,-0.997072,0.0007,-0.0003,-0.0001,0.00045,-0.00233,-0.00023,-0.0498,-0.089,9.8083,4,1,1,1,-1
1770803064.4404433,34.0886,3.2342,-0.9885,0.004278,-0.002248,0.076317,-0.997072,0.0007,-0.0003,-0.0001,0.00273,-0.0039,-0.00012,-0.0552,-0.0898,9.8143,4,1,1,1,-1
1770803064.492485,34.0886,3.2342,-0.9885,0.004278,-0.002248,0.076317,-0.997072,0.0007,-0.0003,-0.0001,9e-05,-0.00198,-0.00017,-0.0457,-0.0912,9.8114,4,1,1,1,-1
1770803064.5439425,34.0886,3.2342,-0.9885,0.004278,-0.002248,0.076317,-0.997072,0.0007,-0.0003,-0.0001,-0.00083,0.00104,0.00034,-0.0708,-0.0985,9.8022,4,1,1,1,-1
1770803064.5915031,34.0886,3.2342,-0.9885,0.004278,-0.002248,0.076317,-0.997072,0.0007,-0.0003,-0.0001,0.00073,-0.00237,-0.0003,-0.071,-0.0893,9.8181,4,1,1,1,-1
1770803064.6440241,34.0886,3.2342,-0.9885,0.004278,-0.002248,0.076317,-0.997072,0.0007,-0.0003,-0.0001,0.00066,-0.00012,-5e-05,-0.0544,-0.0938,9.8133,4,1,1,1,-1
1770803064.6912792,34.0886,3.2342,-0.9885,0.004282,-0.002282,0.076318,-0.997072,0.0,-0.0002,0.0001,0.00044,0.00206,0.00017,-0.0056,-0.0884,9.804,4,1,1,1,-1
1770803064.7413054,34.0886,3.2342,-0.9885,0.004282,-0.002282,0.076318,-0.997072,0.0,-0.0002,0.0001,0.00028,0.00216,1e-05,-0.0014,-0.0813,9.8132,4,1,1,1,-1
1770803064.792941,34.0886,3.2342,-0.9885,0.004282,-0.002282,0.076318,-0.997072,0.0,-0.0002,0.0001,0.00093,-0.00359,-0.00071,-0.0242,-0.0883,9.8001,4,1,1,1,-1
1770803064.8436098,34.0886,3.2342,-0.9885,0.004282,-0.002282,0.076318,-0.997072,0.0,-0.0002,0.0001,0.00042,0.00385,0.00061,-0.03,-0.0915,9.8268,4,1,1,1,-1
1770803064.9201527,34.0886,3.2342,-0.9885,0.004282,-0.002282,0.076318,-0.997072,0.0,-0.0002,0.0001,0.00122,-0.0013,-0.00015,-0.0427,-0.098,9.8064,4,1,1,1,-1
1770803064.9442773,34.0887,3.2341,-0.9885,0.004274,-0.00231,0.07631,-0.997072,0.001,-0.0001,-0.0001,-0.0005,0.00105,0.0,-0.0437,-0.0985,9.8051,4,1,1,1,-1
1770803064.9906795,34.0887,3.2341,-0.9885,0.004274,-0.00231,0.07631,-0.997072,0.001,-0.0001,-0.0001,-0.00018,-0.00202,-0.00082,-0.0527,-0.0937,9.8203,4,1,1,1,-1
1770803065.0403543,34.0887,3.2341,-0.9885,0.004274,-0.00231,0.07631,-0.997072,0.001,-0.0001,-0.0001,-0.002,0.00104,-0.0004,-0.0563,-0.0872,9.8078,4,1,1,1,-1
1770803065.0913022,34.0887,3.2341,-0.9885,0.004274,-0.00231,0.07631,-0.997072,0.001,-0.0001,-0.0001,-0.00076,0.00019,0.00041,-0.062,-0.0983,9.8182,4,1,1,1,-1
1770803065.1428816,34.0887,3.2341,-0.9885,0.004274,-0.00231,0.07631,-0.997072,0.001,-0.0001,-0.0001,0.00088,-0.00066,0.0007,-0.0516,-0.0899,9.7983,4,1,1,1,-1
1770803065.1904166,34.0887,3.2341,-0.9885,0.004274,-0.00231,0.07631,-0.997072,0.001,-0.0001,-0.0001,-0.00212,0.00507,0.00085,-0.0522,-0.0909,9.8166,4,1,1,1,-1
1770803065.2457728,34.0887,3.2341,-0.9885,0.004246,-0.002338,0.076334,-0.997071,0.0007,-0.0004,-0.0001,0.00163,-0.00551,-0.00055,-0.043,-0.0947,9.8029,4,1,1,1,-1
1770803065.2919462,34.0887,3.2341,-0.9885,0.004246,-0.002338,0.076334,-0.997071,0.0007,-0.0004,-0.0001,0.00022,0.00087,0.00016,-0.0416,-0.0857,9.8213,4,1,1,1,-1
1770803065.3404093,34.0887,3.2341,-0.9885,0.004246,-0.002338,0.076334,-0.997071,0.0007,-0.0004,-0.0001,0.00129,-0.0013,0.00016,-0.0387,-0.0954,9.8024,4,1,1,1,-1
1770803065.3988361,34.0887,3.2341,-0.9885,0.004246,-0.002338,0.076334,-0.997071,0.0007,-0.0004,-0.0001,0.00137,-0.0055,-0.00042,-0.0513,-0.1079,9.8237,4,1,1,1,-1
1770803065.439829,34.0887,3.2341,-0.9885,0.004246,-0.002338,0.076334,-0.997071,0.0007,-0.0004,-0.0001,-0.00096,-0.00107,0.00013,-0.0562,-0.0982,9.8062,4,1,1,1,-1
1770803065.4912949,34.0886,3.2342,-0.9885,0.004282,-0.002459,0.076331,-0.99707,0.0006,-0.0005,0.0003,0.00027,0.00057,-0.00031,-0.0494,-0.0893,9.8159,4,1,1,1,-1
1770803065.5416577,34.0886,3.2342,-0.9885,0.004282,-0.002459,0.076331,-0.99707,0.0006,-0.0005,0.0003,-5e-05,0.00079,0.00025,-0.0445,-0.0928,9.8066,4,1,1,1,-1
1770803065.5926723,34.0886,3.2342,-0.9885,0.004282,-0.002459,0.076331,-0.99707,0.0006,-0.0005,0.0003,0.00111,-0.00264,-0.0003,-0.0321,-0.0998,9.8074,4,1,1,1,-1
1770803065.6412187,34.0886,3.2342,-0.9885,0.004282,-0.002459,0.076331,-0.99707,0.0006,-0.0005,0.0003,-0.00058,0.00057,-0.00047,-0.0391,-0.0958,9.8236,4,1,1,1,-1
1770803065.6907706,34.0886,3.2342,-0.9885,0.004282,-0.002459,0.076331,-0.99707,0.0006,-0.0005,0.0003,0.00026,-2e-05,0.0003,-0.0318,-0.0887,9.8006,4,1,1,1,-1
1770803065.7413955,34.0886,3.2342,-0.9885,0.004282,-0.002459,0.076331,-0.99707,0.0006,-0.0005,0.0003,-0.00038,0.0004,-0.00014,-0.0442,-0.0865,9.8088,4,1,1,1,-1
1770803065.7901008,34.0886,3.2342,-0.9885,0.004245,-0.002425,0.076338,-0.99707,0.0013,-0.0005,-0.0001,0.00055,-0.00241,-0.00062,-0.0349,-0.0961,9.8032,4,1,1,1,-1
1770803065.841829,34.0886,3.2342,-0.9885,0.004245,-0.002425,0.076338,-0.99707,0.0013,-0.0005,-0.0001,-0.00087,0.00203,0.00025,-0.0452,-0.0967,9.809,4,1,1,1,-1
1770803065.8913307,34.0886,3.2342,-0.9885,0.004245,-0.002425,0.076338,-0.99707,0.0013,-0.0005,-0.0001,-0.00067,0.00141,0.00013,-0.0412,-0.0886,9.8074,4,1,1,1,-1
1770803065.9427147,34.0886,3.2342,-0.9885,0.004245,-0.002425,0.076338,-0.99707,0.0013,-0.0005,-0.0001,0.00158,-0.00087,5e-05,-0.0344,-0.0918,9.8131,4,1,1,1,-1
1770803065.9897547,34.0886,3.2342,-0.9885,0.004245,-0.002425,0.076338,-0.99707,0.0013,-0.0005,-0.0001,-0.00095,0.00194,-0.00014,-0.0465,-0.0933,9.8076,4,1,1,1,-1
1770803066.0401254,34.0887,3.2341,-0.9885,0.004257,-0.002486,0.07635,-0.997069,0.0013,-0.0004,-0.0001,0.00062,-0.00201,5e-05,-0.0324,-0.0939,9.8155,4,1,1,1,-1
1770803066.0920641,34.0887,3.2341,-0.9885,0.004257,-0.002486,0.07635,-0.997069,0.0013,-0.0004,-0.0001,-0.00045,0.00084,0.00013,-0.0442,-0.0911,9.8106,4,1,1,1,-1
1770803066.142962,34.0887,3.2341,-0.9885,0.004257,-0.002486,0.07635,-0.997069,0.0013,-0.0004,-0.0001,0.00049,-0.00091,0.00023,-0.0438,-0.0958,9.8002,4,1,1,1,-1
1770803066.198158,34.0887,3.2341,-0.9885,0.004257,-0.002486,0.07635,-0.997069,0.0013,-0.0004,-0.0001,0.00034,0.00064,7e-05,-0.0298,-0.0742,9.8317,4,1,1,1,-1
1770803066.240309,34.0887,3.2341,-0.9885,0.004257,-0.002486,0.07635,-0.997069,0.0013,-0.0004,-0.0001,5e-05,0.00026,-0.00067,-0.0353,-0.099,9.8053,4,1,1,1,-1
1770803066.2933269,34.0889,3.2341,-0.9885,0.004247,-0.002484,0.076353,-0.997069,0.0012,-0.0004,-0.0002,0.00049,-0.00211,-0.00034,-0.0381,-0.0914,9.8163,4,1,1,1,-1
1770803066.3414052,34.0889,3.2341,-0.9885,0.004247,-0.002484,0.076353,-0.997069,0.0012,-0.0004,-0.0002,0.00011,0.00067,0.00023,-0.0404,-0.0883,9.8016,4,1,1,1,-1
1770803066.3974779,34.0889,3.2341,-0.9885,0.004247,-0.002484,0.076353,-0.997069,0.0012,-0.0004,-0.0002,-0.00089,0.00091,6e-05,-0.0312,-0.0931,9.8116,4,1,1,1,-1
1770803066.4407856,34.0889,3.2341,-0.9885,0.004247,-0.002484,0.076353,-0.997069,0.0012,-0.0004,-0.0002,-0.00024,0.00071,0.00018,-0.0332,-0.0884,9.8043,4,1,1,1,-1
1770803066.497433,34.0889,3.2341,-0.9885,0.004247,-0.002484,0.076353,-0.997069,0.0012,-0.0004,-0.0002,-0.00095,0.00119,-0.00034,-0.0404,-0.0927,9.8161,4,1,1,1,-1
1770803066.5495617,34.0887,3.2341,-0.9885,0.004219,-0.002441,0.076376,-0.997067,0.0005,-0.0007,-0.0001,-0.00108,0.00172,0.00032,-0.044,-0.0912,9.8115,4,1,1,1,-1
1770803066.5901954,34.0887,3.2341,-0.9885,0.004219,-0.002441,0.076376,-0.997067,0.0005,-0.0007,-0.0001,-0.00074,0.00144,0.00024,-0.0387,-0.0874,9.8126,4,1,1,1,-1
1770803066.6413035,34.0887,3.2341,-0.9885,0.004219,-0.002441,0.076376,-0.997067,0.0005,-0.0007,-0.0001,-0.00052,3e-05,-0.0001,-0.043,-0.0821,9.8076,4,1,1,1,-1
1770803066.693559,34.0887,3.2341,-0.9885,0.004219,-0.002441,0.076376,-0.997067,0.0005,-0.0007,-0.0001,-0.00078,0.00304,0.00022,-0.0392,-0.0896,9.8058,4,1,1,1,-1
1770803066.741079,34.0887,3.2341,-0.9885,0.004219,-0.002441,0.076376,-0.997067,0.0005,-0.0007,-0.0001,-0.00095,0.00151,-0.00047,-0.0392,-0.093,9.8169,4,1,1,1,-1
1770803066.7972522,34.0887,3.2341,-0.9885,0.004219,-0.002441,0.076376,-0.997067,0.0005,-0.0007,-0.0001,0.00187,-0.00285,-0.0005,-0.0403,-0.0945,9.803,4,1,1,1,-1
1770803066.8426332,34.0888,3.2341,-0.9885,0.004243,-0.002449,0.076384,-0.997066,0.001,-0.0002,-0.0001,5e-05,-0.00147,-9e-05,-0.0409,-0.0938,9.8156,4,1,1,1,-1
1770803066.8928006,34.0888,3.2341,-0.9885,0.004243,-0.002449,0.076384,-0.997066,0.001,-0.0002,-0.0001,0.0003,-0.00176,-0.00022,-0.041,-0.0909,9.8138,4,1,1,1,-1
1770803066.9420075,34.0888,3.2341,-0.9885,0.004243,-0.002449,0.076384,-0.997066,0.001,-0.0002,-0.0001,0.00022,0.00071,0.00024,-0.041,-0.0889,9.8074,4,1,1,1,-1
1770803066.990545,34.0888,3.2341,-0.9885,0.004243,-0.002449,0.076384,-0.997066,0.001,-0.0002,-0.0001,-0.00044,0.00149,-0.00014,-0.0424,-0.0794,9.8044,4,1,1,1,-1
1770803067.0429442,34.0888,3.2341,-0.9885,0.004243,-0.002449,0.076384,-0.997066,0.001,-0.0002,-0.0001,-0.00046,7e-05,0.00019,-0.03,-0.0911,9.8137,4,1,1,1,-1
1770803067.0902717,34.0888,3.2341,-0.9885,0.004243,-0.002449,0.076384,-0.997066,0.001,-0.0002,-0.0001,-0.00079,0.00147,-0.00046,-0.0434,-0.098,9.8087,4,1,1,1,-1
1770803067.1427014,34.0888,3.2341,-0.9885,0.00425,-0.002412,0.076393,-0.997066,0.0008,-0.0003,0.0001,0.00176,-0.00178,-0.0003,-0.0367,-0.0876,9.8021,4,1,1,1,-1
1770803067.193718,34.0888,3.2341,-0.9885,0.00425,-0.002412,0.076393,-0.997066,0.0008,-0.0003,0.0001,-0.00115,0.00299,-0.0002,-0.0222,-0.0867,9.8074,4,1,1,1,-1
1770803067.2407322,34.0888,3.2341,-0.9885,0.00425,-0.002412,0.076393,-0.997066,0.0008,-0.0003,0.0001,-0.00091,0.00223,-3e-05,-0.0112,-0.087,9.7949,4,1,1,1,-1
1770803067.2905803,34.0888,3.2341,-0.9885,0.00425,-0.002412,0.076393,-0.997066,0.0008,-0.0003,0.0001,0.00038,0.00011,-0.00013,-0.0156,-0.0828,9.8138,4,1,1,1,-1
1770803067.3400605,34.0888,3.2341,-0.9885,0.00425,-0.002412,0.076393,-0.997066,0.0008,-0.0003,0.0001,-0.0008,0.0024,0.00015,-0.0329,-0.0934,9.8024,4,1,1,1,-1
1770803067.3904085,34.0885,3.2342,-0.9885,0.004273,-0.002444,0.076388,-0.997066,-0.0011,-0.0006,0.0004,0.00206,-0.00281,5e-05,-0.034,-0.0812,9.82,4,1,1,1,-1
1770803067.4403791,34.0885,3.2342,-0.9885,0.004273,-0.002444,0.076388,-0.997066,-0.0011,-0.0006,0.0004,0.00063,-0.00072,0.00034,-0.0503,-0.0996,9.8065,4,1,1,1,-1
1770803067.490261,34.0885,3.2342,-0.9885,0.004273,-0.002444,0.076388,-0.997066,-0.0011,-0.0006,0.0004,0.00176,-0.00249,-0.0005,-0.0386,-0.0854,9.8179,4,1,1,1,-1
1770803067.5403945,34.0885,3.2342,-0.9885,0.004273,-0.002444,0.076388,-0.997066,-0.0011,-0.0006,0.0004,-0.00127,0.00216,0.00066,-0.0516,-0.0953,9.8168,4,1,1,1,-1
1770803067.5907161,34.0885,3.2342,-0.9885,0.004273,-0.002444,0.076388,-0.997066,-0.0011,-0.0006,0.0004,-0.00085,0.00087,-0.00032,-0.0438,-0.0934,9.8074,4,1,1,1,-1
1770803067.642629,34.0884,3.2342,-0.9884,0.004302,-0.00246,0.076391,-0.997066,0.0006,-0.0001,0.0001,0.00084,0.00052,-1e-05,-0.0439,-0.0996,9.8133,4,1,1,1,-1
1770803067.6904569,34.0884,3.2342,-0.9884,0.004302,-0.00246,0.076391,-0.997066,0.0006,-0.0001,0.0001,-0.00119,-0.00058,0.00019,-0.0368,-0.0939,9.8067,4,1,1,1,-1
1770803067.7404146,34.0884,3.2342,-0.9884,0.004302,-0.00246,0.076391,-0.997066,0.0006,-0.0001,0.0001,0.00074,0.00234,0.00073,-0.0339,-0.0897,9.8122,4,1,1,1,-1
1770803067.7902915,34.0884,3.2342,-0.9884,0.004302,-0.00246,0.076391,-0.997066,0.0006,-0.0001,0.0001,0.00101,-0.00154,0.00013,-0.0342,-0.0835,9.8081,4,1,1,1,-1
1770803067.84053,34.0884,3.2342,-0.9884,0.004302,-0.00246,0.076391,-0.997066,0.0006,-0.0001,0.0001,-1e-05,-0.00034,4e-05,-0.04,-0.0891,9.8091,4,1,1,1,-1
1770803067.8915644,34.0884,3.2342,-0.9884,0.004329,-0.002442,0.076385,-0.997066,0.0008,-0.0006,-0.0001,0.0018,-0.00317,-0.00051,-0.0513,-0.0803,9.7999,4,1,1,1,-1
1770803067.9412897,34.0884,3.2342,-0.9884,0.004329,-0.002442,0.076385,-0.997066,0.0008,-0.0006,-0.0001,0.0012,-0.00246,-0.00019,-0.0511,-0.0902,9.8198,4,1,1,1,-1
1770803067.9914565,34.0884,3.2342,-0.9884,0.004329,-0.002442,0.076385,-0.997066,0.0008,-0.0006,-0.0001,-0.00031,0.0021,0.00059,-0.0441,-0.0925,9.8129,4,1,1,1,-1
1770803068.041328,34.0884,3.2342,-0.9884,0.004329,-0.002442,0.076385,-0.997066,0.0008,-0.0006,-0.0001,-0.0006,-0.00164,-5e-05,-0.0442,-0.0882,9.8086,4,1,1,1,-1
1770803068.0925252,34.0884,3.2342,-0.9884,0.004329,-0.002442,0.076385,-0.997066,0.0008,-0.0006,-0.0001,4e-05,-0.00083,0.00017,-0.0504,-0.0872,9.8088,4,1,1,1,-1
1770803068.1399395,34.0884,3.2342,-0.9884,0.004329,-0.002442,0.076385,-0.997066,0.0008,-0.0006,-0.0001,0.00096,-0.00202,-0.00031,-0.0485,-0.0947,9.8065,4,1,1,1,-1
1770803068.1899772,34.0888,3.2341,-0.9885,0.00428,-0.002366,0.076364,-0.997068,0.0017,-0.0003,-0.0003,-0.00015,0.00193,-0.0002,-0.0412,-0.0913,9.8104,4,1,1,1,-1
1770803068.240315,34.0888,3.2341,-0.9885,0.00428,-0.002366,0.076364,-0.997068,0.0017,-0.0003,-0.0003,-0.00184,0.00419,0.00059,-0.0294,-0.0877,9.8068,4,1,1,1,-1
1770803068.2895226,34.0888,3.2341,-0.9885,0.00428,-0.002366,0.076364,-0.997068,0.0017,-0.0003,-0.0003,0.0,-0.00014,9e-05,-0.0356,-0.0932,9.8132,4,1,1,1,-1
1770803068.340534,34.0888,3.2341,-0.9885,0.00428,-0.002366,0.076364,-0.997068,0.0017,-0.0003,-0.0003,-9e-05,0.00164,0.00052,-0.0372,-0.0975,9.8072,4,1,1,1,-1
1770803068.3906822,34.0888,3.2341,-0.9885,0.00428,-0.002366,0.076364,-0.997068,0.0017,-0.0003,-0.0003,-0.00068,0.001,0.00024,-0.0416,-0.0966,9.8102,4,1,1,1,-1
1770803068.4426413,34.0889,3.2341,-0.9885,0.004258,-0.002331,0.07635,-0.997069,0.0001,-0.0005,0.0,-0.00142,0.00247,-6e-05,-0.0369,-0.0938,9.8072,4,1,1,1,-1
1770803068.490726,34.0889,3.2341,-0.9885,0.004258,-0.002331,0.07635,-0.997069,0.0001,-0.0005,0.0,0.00057,-0.00059,-0.00021,-0.0367,-0.0924,9.8182,4,1,1,1,-1
1770803068.5469995,34.0889,3.2341,-0.9885,0.004258,-0.002331,0.07635,-0.997069,0.0001,-0.0005,0.0,0.00087,-0.00075,5e-05,-0.0377,-0.0994,9.8042,4,1,1,1,-1
1770803068.5926979,34.0889,3.2341,-0.9885,0.004258,-0.002331,0.07635,-0.997069,0.0001,-0.0005,0.0,0.00087,-0.00052,6e-05,-0.0315,-0.0913,9.8145,4,1,1,1,-1
1770803068.6408632,34.0889,3.2341,-0.9885,0.004258,-0.002331,0.07635,-0.997069,0.0001,-0.0005,0.0,0.00124,-0.00206,-0.00015,-0.0351,-0.0901,9.8098,4,1,1,1,-1
1770803068.6909459,34.0888,3.2341,-0.9885,0.004253,-0.002367,0.076342,-0.99707,0.0004,-0.0003,0.0002,-0.00073,-0.0001,-0.0004,-0.0423,-0.0883,9.806,4,1,1,1,-1
1770803068.75057,34.0888,3.2341,-0.9885,0.004253,-0.002367,0.076342,-0.99707,0.0004,-0.0003,0.0002,-0.00157,0.00392,0.0002,-0.0531,-0.0847,9.8109,4,1,1,1,-1
1770803068.7913876,34.0888,3.2341,-0.9885,0.004253,-0.002367,0.076342,-0.99707,0.0004,-0.0003,0.0002,0.00049,-0.0003,0.00019,-0.0331,-0.0859,9.805,4,1,1,1,-1
1770803068.8444872,34.0888,3.2341,-0.9885,0.004253,-0.002367,0.076342,-0.99707,0.0004,-0.0003,0.0002,0.00122,-0.00197,-0.00015,-0.0402,-0.0896,9.8131,4,1,1,1,-1
1770803068.8918836,34.0888,3.2341,-0.9885,0.004253,-0.002367,0.076342,-0.99707,0.0004,-0.0003,0.0002,0.00107,-0.00066,1e-05,-0.0339,-0.0883,9.8054,4,1,1,1,-1
1770803068.9416063,34.0888,3.2341,-0.9885,0.004253,-0.002367,0.076342,-0.99707,0.0004,-0.0003,0.0002,-0.00099,0.00279,0.00021,-0.0378,-0.0961,9.8166,4,1,1,1,-1
1770803068.9924052,34.0886,3.2341,-0.9885,0.004251,-0.002312,0.076348,-0.99707,0.0,-0.0003,0.0001,-0.00033,-0.00146,-0.00045,-0.0415,-0.0853,9.8089,4,1,1,1,-1
1770803069.0424516,34.0886,3.2341,-0.9885,0.004251,-0.002312,0.076348,-0.99707,0.0,-0.0003,0.0001,0.00229,-0.00462,3e-05,-0.0417,-0.0901,9.8162,4,1,1,1,-1
1770803069.0893965,34.0886,3.2341,-0.9885,0.004251,-0.002312,0.076348,-0.99707,0.0,-0.0003,0.0001,-0.00118,0.00164,9e-05,-0.0489,-0.0983,9.8046,4,1,1,1,-1
1770803069.1399038,34.0886,3.2341,-0.9885,0.004251,-0.002312,0.076348,-0.99707,0.0,-0.0003,0.0001,-0.00051,3e-05,0.00039,-0.0564,-0.094,9.8096,4,1,1,1,-1
1770803069.1903346,34.0886,3.2341,-0.9885,0.004251,-0.002312,0.076348,-0.99707,0.0,-0.0003,0.0001,-0.00026,-0.00134,0.0,-0.0539,-0.0853,9.8136,4,1,1,1,-1
1770803069.24007,34.0888,3.2341,-0.9885,0.004245,-0.002351,0.076344,-0.99707,0.0004,-0.0005,0.0003,0.0008,-0.00346,-0.00027,-0.0506,-0.0894,9.8124,4,1,1,1,-1
1770803069.2921922,34.0888,3.2341,-0.9885,0.004245,-0.002351,0.076344,-0.99707,0.0004,-0.0005,0.0003,-5e-05,0.00021,0.00016,-0.0427,-0.0942,9.8095,4,1,1,1,-1
1770803069.3401146,34.0888,3.2341,-0.9885,0.004245,-0.002351,0.076344,-0.99707,0.0004,-0.0005,0.0003,0.00245,-0.00212,-0.00025,-0.0458,-0.0947,9.8142,4,1,1,1,-1
1770803069.391511,34.0888,3.2341,-0.9885,0.004245,-0.002351,0.076344,-0.99707,0.0004,-0.0005,0.0003,0.00052,0.00092,-0.00016,-0.0417,-0.0907,9.8124,4,1,1,1,-1
1770803069.4405396,34.0888,3.2341,-0.9885,0.004245,-0.002351,0.076344,-0.99707,0.0004,-0.0005,0.0003,-0.00096,0.00475,0.00048,-0.0373,-0.097,9.803,4,1,1,1,-1
1770803069.4964528,34.0888,3.2341,-0.9885,0.004245,-0.002351,0.076344,-0.99707,0.0004,-0.0005,0.0003,-8e-05,-0.00023,-0.00066,-0.0383,-0.0887,9.8187,4,1,1,1,-1
1770803069.5436254,34.0886,3.2341,-0.9885,0.004235,-0.002323,0.076335,-0.997071,-0.0012,-0.0005,0.0003,-0.00046,0.00328,-0.00013,-0.0319,-0.0917,9.8058,4,1,1,1,-1
1770803069.5896647,34.0886,3.2341,-0.9885,0.004235,-0.002323,0.076335,-0.997071,-0.0012,-0.0005,0.0003,-0.00177,0.00548,0.00087,-0.0318,-0.0943,9.8203,4,1,1,1,-1
1770803069.6398935,34.0886,3.2341,-0.9885,0.004235,-0.002323,0.076335,-0.997071,-0.0012,-0.0005,0.0003,0.0004,0.00019,0.00024,-0.0207,-0.0973,9.8039,4,1,1,1,-1
1770803069.6899915,34.0886,3.2341,-0.9885,0.004235,-0.002323,0.076335,-0.997071,-0.0012,-0.0005,0.0003,0.00037,0.00173,0.00038,-0.0172,-0.0883,9.8086,4,1,1,1,-1
1770803069.7413902,34.0886,3.2341,-0.9885,0.004235,-0.002323,0.076335,-0.997071,-0.0012,-0.0005,0.0003,0.00036,0.00054,-0.00026,-0.0246,-0.0904,9.8014,4,1,1,1,-1
1770803069.7925098,34.0884,3.2342,-0.9884,0.004252,-0.002445,0.076332,-0.99707,-0.0003,-0.0004,0.0002,0.00036,0.00118,-6e-05,-0.0361,-0.0931,9.8187,4,1,1,1,-1
1770803069.843647,34.0884,3.2342,-0.9884,0.004252,-0.002445,0.076332,-0.99707,-0.0003,-0.0004,0.0002,8e-05,-0.00186,-0.00031,-0.0427,-0.0939,9.8144,4,1,1,1,-1
1770803069.8905637,34.0884,3.2342,-0.9884,0.004252,-0.002445,0.076332,-0.99707,-0.0003,-0.0004,0.0002,0.00106,-0.00278,-0.00047,-0.0367,-0.0847,9.8018,4,1,1,1,-1
1770803069.9405842,34.0884,3.2342,-0.9884,0.004252,-0.002445,0.076332,-0.99707,-0.0003,-0.0004,0.0002,-0.0023,0.00241,0.00024,-0.036,-0.0915,9.8118,4,1,1,1,-1
1770803069.991255,34.0884,3.2342,-0.9884,0.004252,-0.002445,0.076332,-0.99707,-0.0003,-0.0004,0.0002,0.00031,-0.00039,0.0002,-0.0444,-0.0935,9.7957,4,1,1,1,-1
1770803070.0401568,34.0884,3.2342,-0.9884,0.004252,-0.002445,0.076332,-0.99707,-0.0003,-0.0004,0.0002,-0.00185,0.0076,0.0008,-0.0335,-0.1023,9.816,4,1,1,1,-1
1770803070.0911818,34.0886,3.2341,-0.9885,0.004268,-0.002483,0.076329,-0.99707,0.001,-0.0003,-0.0,-0.00012,-2e-05,3e-05,-0.0433,-0.0959,9.8129,4,1,1,1,-1
1770803070.1401293,34.0886,3.2341,-0.9885,0.004268,-0.002483,0.076329,-0.99707,0.001,-0.0003,-0.0,5e-05,-0.00056,-0.00033,-0.0552,-0.0872,9.8177,4,1,1,1,-1
1770803070.1923966,34.0886,3.2341,-0.9885,0.004268,-0.002483,0.076329,-0.99707,0.001,-0.0003,-0.0,0.00044,-0.00177,-3e-05,-0.0431,-0.0903,9.808,4,1,1,1,-1
1770803070.240932,34.0886,3.2341,-0.9885,0.004268,-0.002483,0.076329,-0.99707,0.001,-0.0003,-0.0,-0.00101,0.00248,0.00014,-0.0508,-0.0942,9.8144,4,1,1,1,-1
1770803070.2905314,34.0886,3.2341,-0.9885,0.004268,-0.002483,0.076329,-0.99707,0.001,-0.0003,-0.0,0.0,-0.00237,-0.00056,-0.0428,-0.0908,9.8112,4,1,1,1,-1
1770803070.341624,34.0884,3.2342,-0.9884,0.004287,-0.002498,0.076324,-0.997071,0.0001,-0.0004,0.0001,-0.00024,0.00012,-0.00024,-0.0458,-0.0936,9.8111,4,1,1,1,-1
1770803070.3916218,34.0884,3.2342,-0.9884,0.004287,-0.002498,0.076324,-0.997071,0.0001,-0.0004,0.0001,-0.00106,-0.0001,-0.00066,-0.0435,-0.0917,9.8108,4,1,1,1,-1
1770803070.4413583,34.0884,3.2342,-0.9884,0.004287,-0.002498,0.076324,-0.997071,0.0001,-0.0004,0.0001,0.00011,-0.00266,-4e-05,-0.0443,-0.0903,9.8146,4,1,1,1,-1
1770803070.4910705,34.0884,3.2342,-0.9884,0.004287,-0.002498,0.076324,-0.997071,0.0001,-0.0004,0.0001,-0.00052,-0.002,-0.00048,-0.056,-0.0977,9.812,4,1,1,1,-1
1770803070.5401824,34.0884,3.2342,-0.9884,0.004287,-0.002498,0.076324,-0.997071,0.0001,-0.0004,0.0001,0.00034,-0.00171,0.00015,-0.0567,-0.0909,9.8059,4,1,1,1,-1
1770803070.5949297,34.0884,3.2342,-0.9884,0.004287,-0.002498,0.076324,-0.997071,0.0001,-0.0004,0.0001,0.00106,-0.0017,0.00014,-0.0599,-0.0984,9.8176,4,1,1,1,-1
1770803070.639553,34.0883,3.2342,-0.9884,0.004291,-0.00243,0.076349,-0.997069,0.0007,-0.0004,-0.0,0.00017,-0.00267,-0.00017,-0.049,-0.1015,9.8088,4,1,1,1,-1
1770803070.6959946,34.0883,3.2342,-0.9884,0.004291,-0.00243,0.076349,-0.997069,0.0007,-0.0004,-0.0,0.00197,-0.00212,-0.00028,-0.0595,-0.0988,9.8211,4,1,1,1,-1
1770803070.7400684,34.0883,3.2342,-0.9884,0.004291,-0.00243,0.076349,-0.997069,0.0007,-0.0004,-0.0,-0.00071,0.00267,6e-05,-0.0339,-0.0897,9.8029,4,1,1,1,-1
1770803070.7979991,34.0883,3.2342,-0.9884,0.004291,-0.00243,0.076349,-0.997069,0.0007,-0.0004,-0.0,0.00042,-0.00164,-0.00041,-0.0362,-0.0884,9.8082,4,1,1,1,-1
1770803070.8400948,34.0883,3.2342,-0.9884,0.004291,-0.00243,0.076349,-0.997069,0.0007,-0.0004,-0.0,-0.00182,0.0021,0.00023,-0.0382,-0.0918,9.8057,4,1,1,1,-1
1770803070.8909304,34.0884,3.2342,-0.9885,0.004286,-0.002345,0.076371,-0.997068,0.0002,-0.0003,0.0002,0.00066,-0.00144,-4e-05,-0.0499,-0.0899,9.8078,4,1,1,1,-1
1770803070.9402099,34.0884,3.2342,-0.9885,0.004286,-0.002345,0.076371,-0.997068,0.0002,-0.0003,0.0002,0.00119,0.00047,0.00021,-0.0422,-0.0915,9.8057,4,1,1,1,-1
1770803070.9944592,34.0884,3.2342,-0.9885,0.004286,-0.002345,0.076371,-0.997068,0.0002,-0.0003,0.0002,6e-05,0.0003,-0.00015,-0.0436,-0.0921,9.8064,4,1,1,1,-1
1770803071.0413792,34.0884,3.2342,-0.9885,0.004286,-0.002345,0.076371,-0.997068,0.0002,-0.0003,0.0002,0.0,0.0002,0.00023,-0.0191,-0.0771,9.8186,4,1,1,1,-1
1770803071.0914001,34.0884,3.2342,-0.9885,0.004286,-0.002345,0.076371,-0.997068,0.0002,-0.0003,0.0002,0.00033,-0.00072,0.0003,-0.0373,-0.0865,9.8064,4,1,1,1,-1
1770803071.1398387,34.0883,3.2342,-0.9884,0.004251,-0.002325,0.076386,-0.997067,-0.0002,-0.0006,-0.0001,-3e-05,-0.00452,8e-05,-0.0446,-0.0972,9.8154,4,1,1,1,-1
1770803071.1921687,34.0883,3.2342,-0.9884,0.004251,-0.002325,0.076386,-0.997067,-0.0002,-0.0006,-0.0001,0.00012,0.00054,0.00056,-0.0612,-0.0959,9.8125,4,1,1,1,-1
1770803071.2405443,34.0883,3.2342,-0.9884,0.004251,-0.002325,0.076386,-0.997067,-0.0002,-0.0006,-0.0001,0.00074,-0.00412,-0.00012,-0.0636,-0.086,9.819,4,1,1,1,-1
1770803071.293218,34.0883,3.2342,-0.9884,0.004251,-0.002325,0.076386,-0.997067,-0.0002,-0.0006,-0.0001,-5e-05,-0.0003,0.00067,-0.0644,-0.0978,9.8074,4,1,1,1,-1
1770803071.3427317,34.0883,3.2342,-0.9884,0.004251,-0.002325,0.076386,-0.997067,-0.0002,-0.0006,-0.0001,-0.00022,-0.00151,0.00011,-0.0635,-0.1006,9.8209,4,1,1,1,-1
1770803071.393218,34.0883,3.2342,-0.9884,0.004251,-0.002325,0.076386,-0.997067,-0.0002,-0.0006,-0.0001,0.00248,-0.00244,0.00022,-0.0545,-0.0909,9.8078,4,1,1,1,-1
1770803071.439891,34.0885,3.2342,-0.9885,0.004234,-0.002318,0.076398,-0.997066,0.0004,-0.0006,0.0,-0.00061,0.00185,0.00063,-0.0496,-0.0928,9.8164,4,1,1,1,-1
1770803071.4910824,34.0885,3.2342,-0.9885,0.004234,-0.002318,0.076398,-0.997066,0.0004,-0.0006,0.0,0.00146,-0.00314,0.00029,-0.0465,-0.0965,9.8085,4,1,1,1,-1
1770803071.5404932,34.0885,3.2342,-0.9885,0.004234,-0.002318,0.076398,-0.997066,0.0004,-0.0006,0.0,0.00107,-0.00471,-0.00082,-0.0552,-0.0977,9.8124,4,1,1,1,-1
1770803071.5903647,34.0885,3.2342,-0.9885,0.004234,-0.002318,0.076398,-0.997066,0.0004,-0.0006,0.0,0.00162,-0.00281,-0.00023,-0.0476,-0.0938,9.8177,4,1,1,1,-1
1770803071.6410465,34.0885,3.2342,-0.9885,0.004234,-0.002318,0.076398,-0.997066,0.0004,-0.0006,0.0,0.00047,-0.00119,-0.00025,-0.0486,-0.0921,9.8023,4,1,1,1,-1
1770803071.6972582,34.0885,3.2342,-0.9885,0.004234,-0.002318,0.076398,-0.997066,0.0004,-0.0006,0.0,0.00017,0.00075,0.00018,-0.0439,-0.0934,9.8243,4,1,1,1,-1
1770803071.7457502,34.0886,3.2341,-0.9885,0.004225,-0.00227,0.076385,-0.997067,0.0003,-0.0003,-0.0002,-0.00021,0.00018,0.00043,-0.0355,-0.092,9.801,4,1,1,1,-1
1770803071.7910933,34.0886,3.2341,-0.9885,0.004225,-0.00227,0.076385,-0.997067,0.0003,-0.0003,-0.0002,-0.00157,0.00344,2e-05,-0.0393,-0.0958,9.8151,4,1,1,1,-1
1770803071.8406134,34.0886,3.2341,-0.9885,0.004225,-0.00227,0.076385,-0.997067,0.0003,-0.0003,-0.0002,-0.00103,0.00474,0.00113,-0.0233,-0.0882,9.8075,4,1,1,1,-1
1770803071.89082,34.0886,3.2341,-0.9885,0.004225,-0.00227,0.076385,-0.997067,0.0003,-0.0003,-0.0002,0.00049,0.00062,-0.00016,-0.0141,-0.0969,9.8155,4,1,1,1,-1
1770803071.940989,34.0886,3.2341,-0.9885,0.004225,-0.00227,0.076385,-0.997067,0.0003,-0.0003,-0.0002,0.00025,0.00121,0.00038,-0.0128,-0.0967,9.8073,4,1,1,1,-1
1770803071.9933052,34.0888,3.2341,-0.9885,0.004217,-0.002325,0.076367,-0.997068,0.0003,-0.0004,-0.0,0.00164,-0.00406,-0.00035,-0.0324,-0.0943,9.8152,4,1,1,1,-1
1770803072.040303,34.0888,3.2341,-0.9885,0.004217,-0.002325,0.076367,-0.997068,0.0003,-0.0004,-0.0,0.00116,-0.00153,-0.00045,-0.0312,-0.089,9.8083,4,1,1,1,-1
1770803072.0921006,34.0888,3.2341,-0.9885,0.004217,-0.002325,0.076367,-0.997068,0.0003,-0.0004,-0.0,0.0019,-0.00312,-0.00041,-0.0287,-0.0908,9.7987,4,1,1,1,-1
1770803072.1442432,34.0888,3.2341,-0.9885,0.004217,-0.002325,0.076367,-0.997068,0.0003,-0.0004,-0.0,0.00022,0.00098,0.0004,-0.0386,-0.0833,9.8119,4,1,1,1,-1
1770803072.191769,34.0888,3.2341,-0.9885,0.004217,-0.002325,0.076367,-0.997068,0.0003,-0.0004,-0.0,0.00177,-0.00432,-0.0009,-0.041,-0.0809,9.8079,4,1,1,1,-1
1770803072.241161,34.0887,3.2341,-0.9885,0.004184,-0.002228,0.076382,-0.997067,0.0001,-0.0005,0.0001,0.00072,-0.00135,-0.00024,-0.0386,-0.0921,9.8091,4,1,1,1,-1
1770803072.2898428,34.0887,3.2341,-0.9885,0.004184,-0.002228,0.076382,-0.997067,0.0001,-0.0005,0.0001,0.00117,-0.00085,0.0002,-0.0422,-0.098,9.8072,4,1,1,1,-1
1770803072.3415356,34.0887,3.2341,-0.9885,0.004184,-0.002228,0.076382,-0.997067,0.0001,-0.0005,0.0001,0.00036,-0.00131,-0.00021,-0.0391,-0.0921,9.8113,4,1,1,1,-1
1770803072.3898902,34.0887,3.2341,-0.9885,0.004184,-0.002228,0.076382,-0.997067,0.0001,-0.0005,0.0001,-0.00156,0.00359,0.0002,-0.0392,-0.0911,9.8078,4,1,1,1,-1
1770803072.4421165,34.0887,3.2341,-0.9885,0.004184,-0.002228,0.076382,-0.997067,0.0001,-0.0005,0.0001,-0.00199,0.00135,-0.0002,-0.0381,-0.0954,9.8137,4,1,1,1,-1
1770803072.490634,34.0885,3.2341,-0.9885,0.00415,-0.002217,0.076398,-0.997066,-0.0003,-0.0006,0.0,-0.00045,0.0005,0.00016,-0.0323,-0.0939,9.8141,4,1,1,1,-1
1770803072.541408,34.0885,3.2341,-0.9885,0.00415,-0.002217,0.076398,-0.997066,-0.0003,-0.0006,0.0,-0.00173,0.00249,-0.00045,-0.0322,-0.0937,9.8046,4,1,1,1,-1
1770803072.5920856,34.0885,3.2341,-0.9885,0.00415,-0.002217,0.076398,-0.997066,-0.0003,-0.0006,0.0,-0.00172,0.00179,0.00029,-0.0214,-0.1001,9.8114,4,1,1,1,-1
1770803072.6456625,34.0885,3.2341,-0.9885,0.00415,-0.002217,0.076398,-0.997066,-0.0003,-0.0006,0.0,-5e-05,-0.00165,-0.00033,-0.0211,-0.0841,9.6803,4,1,1,1,-1
1770803072.691139,34.0885,3.2341,-0.9885,0.00415,-0.002217,0.076398,-0.997066,-0.0003,-0.0006,0.0,-0.00014,-0.00137,-8e-05,-0.0438,-0.0911,9.8298,4,1,1,1,-1
1770803072.7446134,34.0884,3.2342,-0.9884,0.004275,-0.002337,0.076391,-0.997066,-0.0001,-0.0002,-0.0001,0.00144,-0.00413,-0.00018,-0.027,-0.1015,9.8246,4,1,1,1,-1
1770803072.7908487,34.0884,3.2342,-0.9884,0.004275,-0.002337,0.076391,-0.997066,-0.0001,-0.0002,-0.0001,-0.00058,0.00072,0.00025,-0.0483,-0.1039,9.8117,4,1,1,1,-1
1770803072.8472714,34.0884,3.2342,-0.9884,0.004275,-0.002337,0.076391,-0.997066,-0.0001,-0.0002,-0.0001,0.00039,-0.0012,-0.00043,-0.0448,-0.0994,9.8079,4,1,1,1,-1
1770803072.8976352,34.0884,3.2342,-0.9884,0.004275,-0.002337,0.076391,-0.997066,-0.0001,-0.0002,-0.0001,0.00213,-0.00334,-9e-05,-0.0447,-0.0995,9.8139,4,1,1,1,-1
1770803072.9491563,34.0884,3.2342,-0.9884,0.004275,-0.002337,0.076391,-0.997066,-0.0001,-0.0002,-0.0001,0.00056,0.00187,-0.00017,-0.0404,-0.089,9.8029,4,1,1,1,-1
1770803072.9909968,34.0884,3.2342,-0.9884,0.004275,-0.002337,0.076391,-0.997066,-0.0001,-0.0002,-0.0001,-8e-05,0.00061,-0.0004,-0.0536,-0.1006,9.8164,4,1,1,1,-1
1770803073.0407906,34.0883,3.2342,-0.9884,0.004307,-0.002264,0.076417,-0.997064,0.0002,-0.0005,-0.0001,-0.00013,0.00219,0.0004,-0.0425,-0.0903,9.8041,4,1,1,1,-1
1770803073.0911658,34.0883,3.2342,-0.9884,0.004307,-0.002264,0.076417,-0.997064,0.0002,-0.0005,-0.0001,-0.00023,0.00127,0.00022,-0.0251,-0.0891,9.8079,4,1,1,1,-1
1770803073.1546004,34.0883,3.2342,-0.9884,0.004307,-0.002264,0.076417,-0.997064,0.0002,-0.0005,-0.0001,0.00058,-0.00156,0.00011,-0.0235,-0.0919,9.8107,4,1,1,1,-1
1770803073.1908648,34.0883,3.2342,-0.9884,0.004307,-0.002264,0.076417,-0.997064,0.0002,-0.0005,-0.0001,0.0006,-0.00047,-0.00014,-0.0348,-0.1034,9.806,4,1,1,1,-1
1770803073.2399068,34.0883,3.2342,-0.9884,0.004307,-0.002264,0.076417,-0.997064,0.0002,-0.0005,-0.0001,0.00052,-0.00026,-4e-05,-0.0222,-0.0992,9.8099,4,1,1,1,-1
1770803073.291983,34.0883,3.2342,-0.9884,0.004323,-0.002343,0.076409,-0.997064,0.0002,-0.0005,0.0,-0.00127,0.00211,0.00015,-0.0297,-0.0847,9.7996,4,1,1,1,-1
1770803073.3498213,34.0883,3.2342,-0.9884,0.004323,-0.002343,0.076409,-0.997064,0.0002,-0.0005,0.0,-0.00038,0.00214,0.00011,-0.0386,-0.0888,9.8058,4,1,1,1,-1
1770803073.3908346,34.0883,3.2342,-0.9884,0.004323,-0.002343,0.076409,-0.997064,0.0002,-0.0005,0.0,0.0003,0.00042,0.00024,-0.0286,-0.0999,9.8106,4,1,1,1,-1
1770803073.441092,34.0883,3.2342,-0.9884,0.004323,-0.002343,0.076409,-0.997064,0.0002,-0.0005,0.0,-0.00043,0.00195,0.0003,-0.0433,-0.0974,9.8062,4,1,1,1,-1
1770803073.491213,34.0883,3.2342,-0.9884,0.004323,-0.002343,0.076409,-0.997064,0.0002,-0.0005,0.0,-0.00127,0.00273,-5e-05,-0.0362,-0.0867,9.8196,4,1,1,1,-1
1770803073.5425656,34.0883,3.2342,-0.9884,0.004323,-0.002343,0.076409,-0.997064,0.0002,-0.0005,0.0,-0.0014,0.0012,0.00016,-0.0366,-0.091,9.8083,4,1,1,1,-1
1770803073.5930376,34.0835,3.2348,-0.988,0.004408,-0.002401,0.076719,-0.99704,0.0101,-0.0003,-0.0011,0.00028,-0.00255,-0.00068,-0.0432,-0.099,9.8171,4,1,1,1,-1
1770803073.6418622,34.0835,3.2348,-0.988,0.004408,-0.002401,0.076719,-0.99704,0.0101,-0.0003,-0.0011,-0.00033,0.00073,-0.00027,-0.0422,-0.0954,9.8124,4,1,1,1,-1
1770803073.689741,34.0835,3.2348,-0.988,0.004408,-0.002401,0.076719,-0.99704,0.0101,-0.0003,-0.0011,0.00012,-0.00056,0.00022,-0.0426,-0.096,9.811,4,1,1,1,-1
1770803073.7406068,34.0835,3.2348,-0.988,0.004408,-0.002401,0.076719,-0.99704,0.0101,-0.0003,-0.0011,-0.00317,0.00512,0.00012,-0.0385,-0.0885,9.8054,4,1,1,1,-1
1770803073.7904282,34.0835,3.2348,-0.988,0.004408,-0.002401,0.076719,-0.99704,0.0101,-0.0003,-0.0011,0.00052,0.00091,-0.00029,-0.0294,-0.0968,9.8038,4,1,1,1,-1
1770803073.8404999,34.0844,3.2347,-0.9881,0.004429,-0.002508,0.076861,-0.997029,0.006,-0.0004,-0.0006,6e-05,-0.00116,-6e-05,-0.0195,-0.0951,9.8087,4,1,1,1,-1
1770803073.893057,34.0844,3.2347,-0.9881,0.004429,-0.002508,0.076861,-0.997029,0.006,-0.0004,-0.0006,-0.00191,0.00406,0.00065,-0.0164,-0.0832,9.813,4,1,1,1,-1
1770803073.940222,34.0844,3.2347,-0.9881,0.004429,-0.002508,0.076861,-0.997029,0.006,-0.0004,-0.0006,2e-05,0.00113,0.00013,-0.0314,-0.0976,9.8128,4,1,1,1,-1
1770803073.9907486,34.0844,3.2347,-0.9881,0.004429,-0.002508,0.076861,-0.997029,0.006,-0.0004,-0.0006,0.0008,-0.00037,7e-05,-0.0317,-0.0994,9.7972,4,1,1,1,-1
1770803074.0441618,34.0844,3.2347,-0.9881,0.004429,-0.002508,0.076861,-0.997029,0.006,-0.0004,-0.0006,4e-05,0.00035,3e-05,-0.0367,-0.0958,9.8106,4,1,1,1,-1
1770803074.093662,34.0849,3.2346,-0.9881,0.004491,-0.002568,0.076799,-0.997033,0.0044,-0.0002,-0.0003,5e-05,-0.00064,0.00029,-0.0296,-0.0925,9.8113,4,1,1,1,-1
1770803074.140207,34.0849,3.2346,-0.9881,0.004491,-0.002568,0.076799,-0.997033,0.0044,-0.0002,-0.0003,0.0017,-0.00356,-0.00027,-0.0275,-0.0871,9.7949,4,1,1,1,-1
1770803074.1901252,34.0849,3.2346,-0.9881,0.004491,-0.002568,0.076799,-0.997033,0.0044,-0.0002,-0.0003,0.0014,-0.00434,-0.00035,-0.0239,-0.0981,9.8086,4,1,1,1,-1
1770803074.2397678,34.0849,3.2346,-0.9881,0.004491,-0.002568,0.076799,-0.997033,0.0044,-0.0002,-0.0003,-0.00028,0.00152,-7e-05,-0.0268,-0.0898,9.8048,4,1,1,1,-1
1770803074.291187,34.0849,3.2346,-0.9881,0.004491,-0.002568,0.076799,-0.997033,0.0044,-0.0002,-0.0003,-2e-05,-0.00262,-4e-05,-0.0389,-0.0935,9.8066,4,1,1,1,-1
1770803074.3407629,34.0849,3.2346,-0.9881,0.004491,-0.002568,0.076799,-0.997033,0.0044,-0.0002,-0.0003,-0.00072,0.00012,-1e-05,-0.0554,-0.0964,9.81,4,1,1,1,-1
1770803074.3918576,34.0854,3.2345,-0.9882,0.004448,-0.002477,0.076858,-0.997029,0.0032,-0.0002,-0.0003,-2e-05,-0.00034,-0.00031,-0.0514,-0.0863,9.798,4,1,1,1,-1
1770803074.440361,34.0854,3.2345,-0.9882,0.004448,-0.002477,0.076858,-0.997029,0.0032,-0.0002,-0.0003,0.00088,-0.00151,-0.00023,-0.0378,-0.0943,9.8022,4,1,1,1,-1
1770803074.4901838,34.0854,3.2345,-0.9882,0.004448,-0.002477,0.076858,-0.997029,0.0032,-0.0002,-0.0003,-0.00037,0.00068,0.0004,-0.0248,-0.1025,9.8115,4,1,1,1,-1
1770803074.54042,34.0854,3.2345,-0.9882,0.004448,-0.002477,0.076858,-0.997029,0.0032,-0.0002,-0.0003,-0.00129,-0.00011,0.00018,-0.0369,-0.0846,9.8087,4,1,1,1,-1
1770803074.5901687,34.0854,3.2345,-0.9882,0.004448,-0.002477,0.076858,-0.997029,0.0032,-0.0002,-0.0003,-0.00048,0.00137,0.00026,-0.0356,-0.086,9.8019,4,1,1,1,-1
1770803074.6424775,34.0857,3.2345,-0.9882,0.004451,-0.002569,0.076834,-0.997031,0.0022,-0.0003,0.0001,0.00017,-0.00145,-0.00016,-0.0256,-0.1008,9.8111,4,1,1,1,-1
1770803074.6903837,34.0857,3.2345,-0.9882,0.004451,-0.002569,0.076834,-0.997031,0.0022,-0.0003,0.0001,0.00097,-0.00088,0.00032,-0.0312,-0.0968,9.8117,4,1,1,1,-1
1770803074.7411387,34.0857,3.2345,-0.9882,0.004451,-0.002569,0.076834,-0.997031,0.0022,-0.0003,0.0001,-0.00074,0.0015,-9e-05,-0.0313,-0.091,9.8091,4,1,1,1,-1
1770803074.7930465,34.0857,3.2345,-0.9882,0.004451,-0.002569,0.076834,-0.997031,0.0022,-0.0003,0.0001,-0.00172,0.00096,0.0001,-0.0451,-0.0881,9.8106,4,1,1,1,-1
1770803074.8553386,34.0857,3.2345,-0.9882,0.004451,-0.002569,0.076834,-0.997031,0.0022,-0.0003,0.0001,-0.0001,-0.00105,-0.00013,-0.0375,-0.088,9.8022,4,1,1,1,-1
1770803074.8946955,34.0855,3.2345,-0.9882,0.004438,-0.002513,0.076828,-0.997031,0.001,-0.0002,0.0001,-0.00087,0.0028,0.00055,-0.0379,-0.0985,9.8128,4,1,1,1,-1
1770803074.9398139,34.0855,3.2345,-0.9882,0.004438,-0.002513,0.076828,-0.997031,0.001,-0.0002,0.0001,-6e-05,0.001,-0.00036,-0.0335,-0.1014,9.8124,4,1,1,1,-1
1770803075.0000653,34.0855,3.2345,-0.9882,0.004438,-0.002513,0.076828,-0.997031,0.001,-0.0002,0.0001,-0.00116,0.00201,-0.00018,-0.029,-0.0939,9.814,4,1,1,1,-1
1770803075.0402792,34.0855,3.2345,-0.9882,0.004438,-0.002513,0.076828,-0.997031,0.001,-0.0002,0.0001,0.00031,-0.0012,-0.00054,-0.0244,-0.0971,9.8023,4,1,1,1,-1
1770803075.0911014,34.0855,3.2345,-0.9882,0.004438,-0.002513,0.076828,-0.997031,0.001,-0.0002,0.0001,0.00128,-0.00219,-0.00018,-0.0209,-0.1011,9.8129,4,1,1,1,-1
1770803075.1398962,34.0855,3.2345,-0.9882,0.004438,-0.002513,0.076828,-0.997031,0.001,-0.0002,0.0001,-0.00067,0.00023,0.00028,-0.0306,-0.0973,9.8069,4,1,1,1,-1
1770803075.191699,34.085,3.2345,-0.9882,0.004447,-0.002437,0.076801,-0.997034,-0.0002,-0.0003,0.0001,-0.00057,0.00112,-0.00054,-0.0377,-0.0898,9.8162,4,1,1,1,-1
1770803075.2423096,34.085,3.2345,-0.9882,0.004447,-0.002437,0.076801,-0.997034,-0.0002,-0.0003,0.0001,0.00119,-0.00233,-0.00046,-0.0417,-0.0907,9.8091,4,1,1,1,-1
1770803075.2961411,34.085,3.2345,-0.9882,0.004447,-0.002437,0.076801,-0.997034,-0.0002,-0.0003,0.0001,0.00037,0.00045,-0.00016,-0.0195,-0.0914,9.8107,4,1,1,1,-1
1770803075.3407,34.085,3.2345,-0.9882,0.004447,-0.002437,0.076801,-0.997034,-0.0002,-0.0003,0.0001,-0.00226,0.00341,0.0003,-0.0234,-0.0952,9.8141,4,1,1,1,-1
1770803075.393898,34.085,3.2345,-0.9882,0.004447,-0.002437,0.076801,-0.997034,-0.0002,-0.0003,0.0001,0.00065,0.00059,-0.00023,-0.0285,-0.0953,9.8127,4,1,1,1,-1
1770803075.4399452,34.0838,3.2347,-0.9881,0.004457,-0.002493,0.076874,-0.997028,-0.0013,-0.0001,0.0004,0.00062,0.00015,-8e-05,-0.0214,-0.1035,9.8152,4,1,1,1,-1
1770803075.4901247,34.0838,3.2347,-0.9881,0.004457,-0.002493,0.076874,-0.997028,-0.0013,-0.0001,0.0004,-0.00028,0.00209,-0.00013,-0.0305,-0.0903,9.8064,4,1,1,1,-1
1770803075.5408971,34.0838,3.2347,-0.9881,0.004457,-0.002493,0.076874,-0.997028,-0.0013,-0.0001,0.0004,0.00027,0.0007,-7e-05,-0.0152,-0.0979,9.8005,4,1,1,1,-1
1770803075.5925753,34.0838,3.2347,-0.9881,0.004457,-0.002493,0.076874,-0.997028,-0.0013,-0.0001,0.0004,-0.00029,0.00261,0.00053,-0.016,-0.0851,9.8046,4,1,1,1,-1
1770803075.6409068,34.0838,3.2347,-0.9881,0.004457,-0.002493,0.076874,-0.997028,-0.0013,-0.0001,0.0004,-0.00066,0.00341,0.00019,-0.0312,-0.0928,9.8075,4,1,1,1,-1
1770803075.691932,34.0838,3.2347,-0.9881,0.004457,-0.002493,0.076874,-0.997028,-0.0013,-0.0001,0.0004,-0.00053,0.00089,-1e-05,-0.044,-0.0958,9.7987,4,1,1,1,-1
1770803075.741315,34.0829,3.2348,-0.988,0.004464,-0.002404,0.076925,-0.997024,-0.0006,-0.0001,-0.0001,0.0012,-0.00212,-0.0006,-0.0559,-0.0864,9.8109,4,1,1,1,-1
1770803075.793375,34.0829,3.2348,-0.988,0.004464,-0.002404,0.076925,-0.997024,-0.0006,-0.0001,-0.0001,-0.00098,0.00335,0.00023,-0.0392,-0.096,9.8185,4,1,1,1,-1
1770803075.8413935,34.0829,3.2348,-0.988,0.004464,-0.002404,0.076925,-0.997024,-0.0006,-0.0001,-0.0001,0.00052,0.00335,0.00055,-0.0311,-0.0963,9.8051,4,1,1,1,-1
1770803075.8906107,34.0829,3.2348,-0.988,0.004464,-0.002404,0.076925,-0.997024,-0.0006,-0.0001,-0.0001,0.00021,0.00207,0.0005,-0.0265,-0.091,9.8042,4,1,1,1,-1
1770803075.94168,34.0829,3.2348,-0.988,0.004464,-0.002404,0.076925,-0.997024,-0.0006,-0.0001,-0.0001,-0.00086,0.00037,-0.00022,-0.0249,-0.0866,9.7928,4,1,1,1,-1
1770803075.9918242,34.0827,3.2349,-0.9879,0.00446,-0.002534,0.076857,-0.997029,0.0006,-0.0005,0.0001,0.00111,-0.00126,8e-05,-0.034,-0.1014,9.8173,4,1,1,1,-1
1770803076.0415664,34.0827,3.2349,-0.9879,0.00446,-0.002534,0.076857,-0.997029,0.0006,-0.0005,0.0001,-0.00073,0.00158,0.00024,-0.0296,-0.0898,9.7962,4,1,1,1,-1
1770803076.0922086,34.0827,3.2349,-0.9879,0.00446,-0.002534,0.076857,-0.997029,0.0006,-0.0005,0.0001,-0.00136,0.00333,0.00022,-0.0425,-0.0936,9.8096,4,1,1,1,-1
1770803076.1404352,34.0827,3.2349,-0.9879,0.00446,-0.002534,0.076857,-0.997029,0.0006,-0.0005,0.0001,0.00111,-0.00178,0.00035,-0.0311,-0.0911,9.8048,4,1,1,1,-1
1770803076.1910677,34.0827,3.2349,-0.9879,0.00446,-0.002534,0.076857,-0.997029,0.0006,-0.0005,0.0001,-0.00077,0.00024,-0.00047,-0.0426,-0.0905,9.8092,4,1,1,1,-1
1770803076.2407277,34.0827,3.2349,-0.9879,0.00446,-0.002534,0.076857,-0.997029,0.0006,-0.0005,0.0001,-0.0015,0.00233,6e-05,-0.0354,-0.1024,9.8139,4,1,1,1,-1
1770803076.2898574,34.0832,3.2348,-0.988,0.004468,-0.002566,0.07682,-0.997032,0.002,-0.0002,-0.0002,-0.00028,-0.00062,-0.00053,-0.0347,-0.0972,9.8004,4,1,1,1,-1
1770803076.3406932,34.0832,3.2348,-0.988,0.004468,-0.002566,0.07682,-0.997032,0.002,-0.0002,-0.0002,0.00199,-0.00149,-0.00045,-0.0331,-0.0857,9.8263,4,1,1,1,-1
1770803076.3904247,34.0832,3.2348,-0.988,0.004468,-0.002566,0.07682,-0.997032,0.002,-0.0002,-0.0002,0.00019,-0.00156,-0.00031,-0.0338,-0.0866,9.8144,4,1,1,1,-1
1770803076.4409356,34.0832,3.2348,-0.988,0.004468,-0.002566,0.07682,-0.997032,0.002,-0.0002,-0.0002,0.001,-0.00065,-0.00026,-0.0423,-0.1038,9.8109,4,1,1,1,-1
1770803076.4905918,34.0832,3.2348,-0.988,0.004468,-0.002566,0.07682,-0.997032,0.002,-0.0002,-0.0002,-0.00119,0.00141,-9e-05,-0.0351,-0.096,9.8176,4,1,1,1,-1
1770803076.5412352,34.0837,3.2347,-0.9881,0.00442,-0.002576,0.076805,-0.997033,0.0022,-0.0002,-0.0002,-0.00083,-0.00044,-0.00032,-0.037,-0.0881,9.8013,4,1,1,1,-1
1770803076.5914133,34.0837,3.2347,-0.9881,0.00442,-0.002576,0.076805,-0.997033,0.0022,-0.0002,-0.0002,0.00051,-0.0013,0.00055,-0.0341,-0.0925,9.8086,4,1,1,1,-1
1770803076.6426322,34.0837,3.2347,-0.9881,0.00442,-0.002576,0.076805,-0.997033,0.0022,-0.0002,-0.0002,0.00097,-0.00133,-0.00049,-0.0302,-0.0981,9.7956,4,1,1,1,-1
1770803076.692789,34.0837,3.2347,-0.9881,0.00442,-0.002576,0.076805,-0.997033,0.0022,-0.0002,-0.0002,-0.00038,0.00157,0.00041,-0.0357,-0.0903,9.8109,4,1,1,1,-1
1770803076.742579,34.0837,3.2347,-0.9881,0.00442,-0.002576,0.076805,-0.997033,0.0022,-0.0002,-0.0002,0.00058,-0.00051,-9e-05,-0.0336,-0.0877,9.8099,4,1,1,1,-1
1770803076.7898974,34.0839,3.2346,-0.9881,0.004426,-0.002585,0.07682,-0.997032,0.0019,-0.0002,-0.0004,0.00242,-0.00129,-7e-05,-0.0361,-0.095,9.8168,4,1,1,1,-1
1770803076.842553,34.0839,3.2346,-0.9881,0.004426,-0.002585,0.07682,-0.997032,0.0019,-0.0002,-0.0004,0.00071,0.00073,-5e-05,-0.0245,-0.0773,9.8304,4,1,1,1,-1
1770803076.8903794,34.0839,3.2346,-0.9881,0.004426,-0.002585,0.07682,-0.997032,0.0019,-0.0002,-0.0004,0.00025,-0.00138,-0.00012,-0.0309,-0.0853,9.8092,4,1,1,1,-1
1770803076.9450185,34.0839,3.2346,-0.9881,0.004426,-0.002585,0.07682,-0.997032,0.0019,-0.0002,-0.0004,-0.00035,-0.00133,-0.00036,-0.0328,-0.0977,9.8124,4,1,1,1,-1
1770803076.9910896,34.0839,3.2346,-0.9881,0.004426,-0.002585,0.07682,-0.997032,0.0019,-0.0002,-0.0004,0.00217,-0.00309,0.00064,-0.0352,-0.1012,9.8141,4,1,1,1,-1
1770803077.0502985,34.0839,3.2346,-0.9881,0.004426,-0.002585,0.07682,-0.997032,0.0019,-0.0002,-0.0004,-0.00078,0.00295,0.00047,-0.0309,-0.0926,9.806,4,1,1,1,-1
1770803077.0909147,34.0841,3.2346,-0.9881,0.004373,-0.002519,0.076812,-0.997033,0.0015,-0.0003,0.0,-0.00093,-0.00034,-0.00065,-0.0328,-0.0923,9.8161,4,1,1,1,-1
1770803077.1477606,34.0841,3.2346,-0.9881,0.004373,-0.002519,0.076812,-0.997033,0.0015,-0.0003,0.0,0.00051,0.00103,0.00017,-0.0504,-0.099,9.8178,4,1,1,1,-1
1770803077.1945052,34.0841,3.2346,-0.9881,0.004373,-0.002519,0.076812,-0.997033,0.0015,-0.0003,0.0,0.00052,0.00035,8e-05,-0.0506,-0.1013,9.8133,4,1,1,1,-1
1770803077.2413435,34.0841,3.2346,-0.9881,0.004373,-0.002519,0.076812,-0.997033,0.0015,-0.0003,0.0,-5e-05,-0.00121,0.0004,-0.0596,-0.1001,9.8184,4,1,1,1,-1
1770803077.291832,34.0841,3.2346,-0.9881,0.004373,-0.002519,0.076812,-0.997033,0.0015,-0.0003,0.0,0.00023,-0.00147,-7e-05,-0.0465,-0.0934,9.8067,4,1,1,1,-1
1770803077.3468878,34.0843,3.2346,-0.9882,0.004385,-0.002556,0.076791,-0.997034,0.0016,-0.0003,-0.0001,-4e-05,0.00159,0.00039,-0.0494,-0.0945,9.8177,4,1,1,1,-1
1770803077.3948987,34.0843,3.2346,-0.9882,0.004385,-0.002556,0.076791,-0.997034,0.0016,-0.0003,-0.0001,-0.00141,0.00295,0.0002,-0.0471,-0.1041,9.8068,4,1,1,1,-1
1770803077.4451373,34.0843,3.2346,-0.9882,0.004385,-0.002556,0.076791,-0.997034,0.0016,-0.0003,-0.0001,0.00016,0.0009,0.00049,-0.0396,-0.0964,9.8157,4,1,1,1,-1
1770803077.4909005,34.0843,3.2346,-0.9882,0.004385,-0.002556,0.076791,-0.997034,0.0016,-0.0003,-0.0001,0.00136,-0.00245,-0.00016,-0.0422,-0.087,9.806,4,1,1,1,-1
1770803077.545195,34.0843,3.2346,-0.9882,0.004385,-0.002556,0.076791,-0.997034,0.0016,-0.0003,-0.0001,0.00141,-0.00425,-0.00076,-0.0442,-0.0942,9.8106,4,1,1,1,-1
1770803077.590529,34.0844,3.2346,-0.9882,0.004406,-0.002597,0.076751,-0.997037,0.0016,-0.0004,-0.0001,0.00081,-0.00078,-0.00059,-0.0448,-0.0923,9.8063,4,1,1,1,-1
1770803077.6500876,34.0844,3.2346,-0.9882,0.004406,-0.002597,0.076751,-0.997037,0.0016,-0.0004,-0.0001,-0.00028,-0.00035,-0.00026,-0.0464,-0.0909,9.8087,4,1,1,1,-1
1770803077.6936848,34.0844,3.2346,-0.9882,0.004406,-0.002597,0.076751,-0.997037,0.0016,-0.0004,-0.0001,0.00033,0.00042,9e-05,-0.0454,-0.0973,9.8083,4,1,1,1,-1
1770803077.7422047,34.0844,3.2346,-0.9882,0.004406,-0.002597,0.076751,-0.997037,0.0016,-0.0004,-0.0001,0.0009,-0.00346,-0.00033,-0.0457,-0.0981,9.8123,4,1,1,1,-1
1770803077.7917745,34.0844,3.2346,-0.9882,0.004406,-0.002597,0.076751,-0.997037,0.0016,-0.0004,-0.0001,0.00088,-8e-05,-2e-05,-0.0397,-0.0968,9.8098,4,1,1,1,-1
1770803077.8399425,34.0844,3.2346,-0.9882,0.004406,-0.002597,0.076751,-0.997037,0.0016,-0.0004,-0.0001,2e-05,-0.00127,-0.00101,-0.0416,-0.0985,9.8154,4,1,1,1,-1
1770803077.891273,34.0845,3.2346,-0.9882,0.004366,-0.002508,0.076782,-0.997035,0.0015,-0.0004,-0.0004,0.00052,-0.00085,7e-05,-0.0358,-0.0848,9.8059,4,1,1,1,-1
1770803077.9405282,34.0845,3.2346,-0.9882,0.004366,-0.002508,0.076782,-0.997035,0.0015,-0.0004,-0.0004,-0.00151,0.00057,-0.00014,-0.0374,-0.0968,9.8121,4,1,1,1,-1
1770803077.992302,34.0845,3.2346,-0.9882,0.004366,-0.002508,0.076782,-0.997035,0.0015,-0.0004,-0.0004,-0.00268,0.00355,0.00035,-0.0437,-0.0894,9.8179,4,1,1,1,-1
1770803078.0405421,34.0845,3.2346,-0.9882,0.004366,-0.002508,0.076782,-0.997035,0.0015,-0.0004,-0.0004,0.00081,-0.00052,0.00027,-0.0456,-0.0926,9.8127,4,1,1,1,-1
1770803078.093159,34.0845,3.2346,-0.9882,0.004366,-0.002508,0.076782,-0.997035,0.0015,-0.0004,-0.0004,-8e-05,0.00082,0.00036,-0.0344,-0.0931,9.8112,4,1,1,1,-1
1770803078.1412177,34.0842,3.2346,-0.9882,0.00439,-0.002495,0.076798,-0.997034,0.0011,-0.0003,-0.0001,0.00038,-0.00058,0.00035,-0.0235,-0.1027,9.7984,4,1,1,1,-1
1770803078.1958137,34.0842,3.2346,-0.9882,0.00439,-0.002495,0.076798,-0.997034,0.0011,-0.0003,-0.0001,-0.00039,-0.00122,9e-05,-0.0377,-0.1014,9.8164,4,1,1,1,-1
1770803078.2448766,34.0842,3.2346,-0.9882,0.00439,-0.002495,0.076798,-0.997034,0.0011,-0.0003,-0.0001,-0.00033,0.00177,4e-05,-0.0299,-0.0922,9.811,4,1,1,1,-1
1770803078.296275,34.0842,3.2346,-0.9882,0.00439,-0.002495,0.076798,-0.997034,0.0011,-0.0003,-0.0001,-0.00211,0.00151,-3e-05,-0.0401,-0.0965,9.8112,4,1,1,1,-1
1770803078.341255,34.0842,3.2346,-0.9882,0.00439,-0.002495,0.076798,-0.997034,0.0011,-0.0003,-0.0001,-0.00102,0.00146,0.00049,-0.0342,-0.101,9.8047,4,1,1,1,-1
1770803078.3948379,34.0842,3.2346,-0.9882,0.00439,-0.002495,0.076798,-0.997034,0.0011,-0.0003,-0.0001,0.00188,-0.00388,-0.00049,-0.0329,-0.0987,9.8109,4,1,1,1,-1
1770803078.440384,34.084,3.2346,-0.9881,0.004376,-0.002466,0.076769,-0.997036,0.0014,-0.0005,-0.0002,0.0007,0.00026,0.00017,-0.0468,-0.087,9.8178,4,1,1,1,-1
1770803078.4906073,34.084,3.2346,-0.9881,0.004376,-0.002466,0.076769,-0.997036,0.0014,-0.0005,-0.0002,0.0001,0.00085,0.00029,-0.0301,-0.1002,9.8035,4,1,1,1,-1
1770803078.5431015,34.084,3.2346,-0.9881,0.004376,-0.002466,0.076769,-0.997036,0.0014,-0.0005,-0.0002,-0.00202,0.00317,0.00043,-0.0362,-0.0973,9.8165,4,1,1,1,-1
1770803078.5954552,34.084,3.2346,-0.9881,0.004376,-0.002466,0.076769,-0.997036,0.0014,-0.0005,-0.0002,-0.00057,-0.00026,-4e-05,-0.0353,-0.0918,9.8132,4,1,1,1,-1
1770803078.643663,34.084,3.2346,-0.9881,0.004376,-0.002466,0.076769,-0.997036,0.0014,-0.0005,-0.0002,0.00112,-0.00088,-0.0003,-0.0343,-0.0918,9.8124,4,1,1,1,-1
1770803078.694228,34.0839,3.2346,-0.9881,0.00437,-0.002511,0.07675,-0.997038,0.0014,-0.0005,0.0001,0.00014,-0.00117,6e-05,-0.0338,-0.098,9.8267,4,1,1,1,-1
1770803078.743719,34.0839,3.2346,-0.9881,0.00437,-0.002511,0.07675,-0.997038,0.0014,-0.0005,0.0001,-0.00053,0.00222,6e-05,-0.038,-0.092,9.8112,4,1,1,1,-1
1770803078.7906268,34.0839,3.2346,-0.9881,0.00437,-0.002511,0.07675,-0.997038,0.0014,-0.0005,0.0001,-0.00069,0.00123,0.00024,-0.0339,-0.0922,9.8102,4,1,1,1,-1
1770803078.8420851,34.0839,3.2346,-0.9881,0.00437,-0.002511,0.07675,-0.997038,0.0014,-0.0005,0.0001,-0.0002,0.00074,0.00026,-0.0358,-0.0986,9.8116,4,1,1,1,-1
1770803078.8941538,34.0839,3.2346,-0.9881,0.00437,-0.002511,0.07675,-0.997038,0.0014,-0.0005,0.0001,0.00083,-0.00282,0.0001,-0.0359,-0.0959,9.8047,4,1,1,1,-1
1770803078.9402614,34.0837,3.2347,-0.9881,0.004366,-0.002512,0.07676,-0.997037,0.0013,-0.0001,0.0001,0.00121,-0.00311,-0.00014,-0.0375,-0.0866,9.81,4,1,1,1,-1
1770803078.9927092,34.0837,3.2347,-0.9881,0.004366,-0.002512,0.07676,-0.997037,0.0013,-0.0001,0.0001,-0.00054,0.00073,-0.0001,-0.0474,-0.1018,9.785,4,1,1,1,-1
1770803079.044597,34.0837,3.2347,-0.9881,0.004366,-0.002512,0.07676,-0.997037,0.0013,-0.0001,0.0001,0.00065,-0.00068,5e-05,-0.0379,-0.0967,9.817,4,1,1,1,-1
1770803079.0934796,34.0837,3.2347,-0.9881,0.004366,-0.002512,0.07676,-0.997037,0.0013,-0.0001,0.0001,-0.00321,0.00671,0.00037,-0.0331,-0.0988,9.8072,4,1,1,1,-1
1770803079.1428297,34.0837,3.2347,-0.9881,0.004366,-0.002512,0.07676,-0.997037,0.0013,-0.0001,0.0001,-0.00032,-0.00046,-0.00028,-0.0333,-0.0913,9.8008,4,1,1,1,-1
1770803079.1975253,34.0834,3.2347,-0.9881,0.004344,-0.002459,0.076755,-0.997037,0.0004,-0.0005,0.0001,0.00106,-0.00299,0.00023,-0.0292,-0.0983,9.8132,4,1,1,1,-1
1770803079.242502,34.0834,3.2347,-0.9881,0.004344,-0.002459,0.076755,-0.997037,0.0004,-0.0005,0.0001,0.00161,-0.00155,-0.00017,-0.0354,-0.1037,9.8153,4,1,1,1,-1
1770803079.2978654,34.0834,3.2347,-0.9881,0.004344,-0.002459,0.076755,-0.997037,0.0004,-0.0005,0.0001,-0.00036,0.00016,0.0001,-0.0284,-0.0912,9.8081,4,1,1,1,-1
1770803079.3430269,34.0834,3.2347,-0.9881,0.004344,-0.002459,0.076755,-0.997037,0.0004,-0.0005,0.0001,0.00067,0.00015,0.00039,-0.0194,-0.1036,9.7989,4,1,1,1,-1
1770803079.396998,34.0834,3.2347,-0.9881,0.004344,-0.002459,0.076755,-0.997037,0.0004,-0.0005,0.0001,-0.00044,0.00216,0.00061,-0.0182,-0.0953,9.803,4,1,1,1,-1
1770803079.4404035,34.0834,3.2347,-0.9881,0.004344,-0.002459,0.076755,-0.997037,0.0004,-0.0005,0.0001,0.00101,0.00024,-0.00033,-0.0356,-0.0942,9.8055,4,1,1,1,-1
1770803079.4925241,34.0833,3.2347,-0.9881,0.004315,-0.002444,0.076771,-0.997036,0.0006,-0.0005,0.0,-0.00153,0.00164,-0.00016,-0.0254,-0.0946,9.8054,4,1,1,1,-1
1770803079.5398114,34.0833,3.2347,-0.9881,0.004315,-0.002444,0.076771,-0.997036,0.0006,-0.0005,0.0,0.00096,-0.00364,-0.00085,-0.0332,-0.0888,9.8116,4,1,1,1,-1
1770803079.5922177,34.0833,3.2347,-0.9881,0.004315,-0.002444,0.076771,-0.997036,0.0006,-0.0005,0.0,0.00123,-0.00209,-0.0,-0.0335,-0.0869,9.8,4,1,1,1,-1
1770803079.6413007,34.0833,3.2347,-0.9881,0.004315,-0.002444,0.076771,-0.997036,0.0006,-0.0005,0.0,-0.00043,0.00177,0.00037,-0.0438,-0.094,9.8057,4,1,1,1,-1
1770803079.6928139,34.0833,3.2347,-0.9881,0.004315,-0.002444,0.076771,-0.997036,0.0006,-0.0005,0.0,0.00048,-0.0019,0.00039,-0.0417,-0.0884,9.8212,4,1,1,1,-1
1770803079.741537,34.0833,3.2347,-0.9881,0.004315,-0.002444,0.076771,-0.997036,0.0006,-0.0005,0.0,0.00056,-0.00261,-0.0001,-0.0396,-0.0861,9.8041,4,1,1,1,-1
1770803079.790674,34.0833,3.2347,-0.9881,0.004316,-0.002422,0.076789,-0.997035,0.001,-0.0005,0.0001,0.00159,-0.00244,-4e-05,-0.0357,-0.0887,9.8092,4,1,1,1,-1
1770803079.840882,34.0833,3.2347,-0.9881,0.004316,-0.002422,0.076789,-0.997035,0.001,-0.0005,0.0001,-0.00081,0.00208,0.00016,-0.0331,-0.0974,9.8141,4,1,1,1,-1
1770803079.8909273,34.0833,3.2347,-0.9881,0.004316,-0.002422,0.076789,-0.997035,0.001,-0.0005,0.0001,-0.00115,0.00187,0.00043,-0.0341,-0.0959,9.81,4,1,1,1,-1
1770803079.9404175,34.0833,3.2347,-0.9881,0.004316,-0.002422,0.076789,-0.997035,0.001,-0.0005,0.0001,-0.0001,-0.00067,-0.00014,-0.0297,-0.0967,9.8121,4,1,1,1,-1
1770803079.9913223,34.0833,3.2347,-0.9881,0.004316,-0.002422,0.076789,-0.997035,0.001,-0.0005,0.0001,-0.00062,0.00037,0.0002,-0.0382,-0.0918,9.8045,4,1,1,1,-1
1770803080.0424683,34.0835,3.2347,-0.9881,0.004329,-0.002463,0.076775,-0.997036,0.0012,-0.0005,0.0,0.00099,-0.00081,-6e-05,-0.0331,-0.0926,9.8094,4,1,1,1,-1
1770803080.0908396,34.0835,3.2347,-0.9881,0.004329,-0.002463,0.076775,-0.997036,0.0012,-0.0005,0.0,0.00098,0.0004,0.00035,-0.0428,-0.0928,9.812,4,1,1,1,-1
1770803080.1413193,34.0835,3.2347,-0.9881,0.004329,-0.002463,0.076775,-0.997036,0.0012,-0.0005,0.0,0.00063,-0.00251,-0.00067,-0.0342,-0.0945,9.8055,4,1,1,1,-1
1770803080.195871,34.0835,3.2347,-0.9881,0.004329,-0.002463,0.076775,-0.997036,0.0012,-0.0005,0.0,-0.0007,0.00073,0.00012,-0.0346,-0.0978,9.8111,4,1,1,1,-1
1770803080.241243,34.0835,3.2347,-0.9881,0.004329,-0.002463,0.076775,-0.997036,0.0012,-0.0005,0.0,-0.00063,6e-05,-0.00037,-0.0372,-0.0904,9.8048,4,1,1,1,-1
1770803080.2903678,34.0837,3.2347,-0.9881,0.004317,-0.002522,0.076775,-0.997036,0.0013,-0.0005,-0.0001,-0.00071,0.00445,0.00027,-0.0394,-0.0934,9.8132,4,1,1,1,-1
1770803080.3423023,34.0837,3.2347,-0.9881,0.004317,-0.002522,0.076775,-0.997036,0.0013,-0.0005,-0.0001,0.00079,-0.00049,0.00016,-0.0436,-0.0947,9.8165,4,1,1,1,-1
1770803080.390929,34.0837,3.2347,-0.9881,0.004317,-0.002522,0.076775,-0.997036,0.0013,-0.0005,-0.0001,0.00082,0.00125,7e-05,-0.0501,-0.089,9.8198,4,1,1,1,-1
1770803080.4402497,34.0837,3.2347,-0.9881,0.004317,-0.002522,0.076775,-0.997036,0.0013,-0.0005,-0.0001,-0.00139,0.00406,0.00035,-0.0278,-0.0944,9.806,4,1,1,1,-1
1770803080.4913979,34.0837,3.2347,-0.9881,0.004317,-0.002522,0.076775,-0.997036,0.0013,-0.0005,-0.0001,0.00096,-0.00155,-0.0,-0.0302,-0.0933,9.8097,4,1,1,1,-1
1770803080.5415487,34.0837,3.2347,-0.9881,0.004317,-0.002522,0.076775,-0.997036,0.0013,-0.0005,-0.0001,-0.00132,0.00208,-0.0003,-0.0161,-0.0947,9.8074,4,1,1,1,-1
1770803080.5951545,34.0837,3.2347,-0.9881,0.004344,-0.002623,0.076766,-0.997036,0.0012,-0.0003,0.0002,0.00067,-0.00131,-0.00024,-0.0301,-0.087,9.8126,4,1,1,1,-1
1770803080.6460998,34.0837,3.2347,-0.9881,0.004344,-0.002623,0.076766,-0.997036,0.0012,-0.0003,0.0002,-0.00017,-0.00174,-0.00025,-0.0392,-0.0877,9.8059,4,1,1,1,-1
1770803080.6903756,34.0837,3.2347,-0.9881,0.004344,-0.002623,0.076766,-0.997036,0.0012,-0.0003,0.0002,-0.00071,0.00084,0.00034,-0.0339,-0.0904,9.8107,4,1,1,1,-1
1770803080.740966,34.0837,3.2347,-0.9881,0.004344,-0.002623,0.076766,-0.997036,0.0012,-0.0003,0.0002,-0.00109,0.00154,5e-05,-0.0323,-0.0982,9.8126,4,1,1,1,-1
1770803080.7913609,34.0837,3.2347,-0.9881,0.004344,-0.002623,0.076766,-0.997036,0.0012,-0.0003,0.0002,-0.00023,0.00066,-0.00023,-0.0347,-0.1035,9.8041,4,1,1,1,-1
1770803080.8444934,34.0838,3.2346,-0.9881,0.004353,-0.002542,0.076797,-0.997034,0.002,-0.0003,-0.0001,0.00106,-0.00207,-0.00042,-0.0404,-0.093,9.8141,4,1,1,1,-1
1770803080.891104,34.0838,3.2346,-0.9881,0.004353,-0.002542,0.076797,-0.997034,0.002,-0.0003,-0.0001,-0.00102,0.00173,0.0001,-0.0389,-0.0855,9.8043,4,1,1,1,-1
1770803080.9408872,34.0838,3.2346,-0.9881,0.004353,-0.002542,0.076797,-0.997034,0.002,-0.0003,-0.0001,8e-05,0.00154,-0.00031,-0.0282,-0.0888,9.8101,4,1,1,1,-1
1770803080.9936705,34.0838,3.2346,-0.9881,0.004353,-0.002542,0.076797,-0.997034,0.002,-0.0003,-0.0001,0.00062,-0.00139,-0.00096,-0.0235,-0.0906,9.8079,4,1,1,1,-1
1770803081.0480301,34.0838,3.2346,-0.9881,0.004353,-0.002542,0.076797,-0.997034,0.002,-0.0003,-0.0001,0.00046,0.00255,0.00014,-0.0248,-0.0901,9.8059,4,1,1,1,-1
1770803081.0905983,34.0838,3.2346,-0.9881,0.004353,-0.002542,0.076797,-0.997034,0.002,-0.0003,-0.0001,-0.00015,-0.00073,-0.00018,-0.0277,-0.091,9.8066,4,1,1,1,-1
1770803081.1420634,34.0838,3.2346,-0.9881,0.004393,-0.002551,0.076823,-0.997032,0.0017,-0.0002,-0.0001,0.00096,-0.00142,-0.00051,-0.0249,-0.096,9.8072,4,1,1,1,-1
1770803081.1911826,34.0838,3.2346,-0.9881,0.004393,-0.002551,0.076823,-0.997032,0.0017,-0.0002,-0.0001,0.00057,-0.00283,-0.00039,-0.0332,-0.111,9.8137,4,1,1,1,-1
1770803081.2447293,34.0838,3.2346,-0.9881,0.004393,-0.002551,0.076823,-0.997032,0.0017,-0.0002,-0.0001,0.00131,-0.00097,0.00016,-0.0299,-0.1021,9.811,4,1,1,1,-1
1770803081.2931468,34.0838,3.2346,-0.9881,0.004393,-0.002551,0.076823,-0.997032,0.0017,-0.0002,-0.0001,-0.00148,0.00062,-4e-05,-0.056,-0.092,9.8189,4,1,1,1,-1
1770803081.347942,34.0838,3.2346,-0.9881,0.004393,-0.002551,0.076823,-0.997032,0.0017,-0.0002,-0.0001,0.00136,0.00098,0.00054,-0.0455,-0.0843,9.7998,4,1,1,1,-1
1770803081.39201,34.084,3.2346,-0.9881,0.004365,-0.002504,0.076813,-0.997033,0.0021,-0.0006,0.0001,0.00121,0.00025,0.00034,-0.0476,-0.0873,9.8134,4,1,1,1,-1
1770803081.4491637,34.084,3.2346,-0.9881,0.004365,-0.002504,0.076813,-0.997033,0.0021,-0.0006,0.0001,-0.00069,0.00232,0.00032,-0.0252,-0.1143,9.8102,4,1,1,1,-1
1770803081.4904635,34.084,3.2346,-0.9881,0.004365,-0.002504,0.076813,-0.997033,0.0021,-0.0006,0.0001,0.00041,-0.0017,-0.00081,-0.0341,-0.0984,9.8081,4,1,1,1,-1
1770803081.5416067,34.084,3.2346,-0.9881,0.004365,-0.002504,0.076813,-0.997033,0.0021,-0.0006,0.0001,0.00019,0.00045,-0.00045,-0.0191,-0.0811,9.7958,4,1,1,1,-1
1770803081.5916018,34.084,3.2346,-0.9881,0.004365,-0.002504,0.076813,-0.997033,0.0021,-0.0006,0.0001,-0.00011,0.0012,-0.00035,-0.029,-0.0911,9.8139,4,1,1,1,-1
1770803081.6436205,34.0842,3.2346,-0.9882,0.004342,-0.002498,0.076794,-0.997034,0.0015,-0.0007,-0.0001,0.00044,-0.00032,0.00013,-0.0225,-0.1015,9.8234,4,1,1,1,-1
1770803081.692465,34.0842,3.2346,-0.9882,0.004342,-0.002498,0.076794,-0.997034,0.0015,-0.0007,-0.0001,-0.00096,0.00085,-9e-05,-0.0356,-0.0975,9.8004,4,1,1,1,-1
1770803081.7403169,34.0842,3.2346,-0.9882,0.004342,-0.002498,0.076794,-0.997034,0.0015,-0.0007,-0.0001,-0.00029,0.00115,0.00043,-0.0194,-0.0918,9.809,4,1,1,1,-1
1770803081.7920387,34.0842,3.2346,-0.9882,0.004342,-0.002498,0.076794,-0.997034,0.0015,-0.0007,-0.0001,0.00074,-0.00018,-0.00029,-0.0236,-0.1006,9.8116,4,1,1,1,-1
1770803081.8413754,34.0842,3.2346,-0.9882,0.004342,-0.002498,0.076794,-0.997034,0.0015,-0.0007,-0.0001,0.00044,-0.00102,0.00015,-0.0357,-0.0928,9.8102,4,1,1,1,-1
1770803081.892319,34.0842,3.2346,-0.9882,0.004342,-0.002498,0.076794,-0.997034,0.0015,-0.0007,-0.0001,5e-05,-0.00153,0.00012,-0.0352,-0.0843,9.8059,4,1,1,1,-1
1770803081.9403906,34.0842,3.2346,-0.9882,0.004323,-0.002505,0.07677,-0.997036,0.0009,-0.0007,0.0001,-0.0002,-0.00312,-0.00035,-0.0514,-0.0922,9.8155,4,1,1,1,-1
1770803081.991542,34.0842,3.2346,-0.9882,0.004323,-0.002505,0.07677,-0.997036,0.0009,-0.0007,0.0001,-0.00037,-0.00094,5e-05,-0.06,-0.0975,9.8057,4,1,1,1,-1
1770803082.040236,34.0842,3.2346,-0.9882,0.004323,-0.002505,0.07677,-0.997036,0.0009,-0.0007,0.0001,0.00151,-0.00342,-0.00047,-0.0436,-0.0966,9.8187,4,1,1,1,-1
1770803082.0925074,34.0842,3.2346,-0.9882,0.004323,-0.002505,0.07677,-0.997036,0.0009,-0.0007,0.0001,0.00128,-0.00389,0.00016,-0.0357,-0.0913,9.8113,4,1,1,1,-1
1770803082.140424,34.0842,3.2346,-0.9882,0.004323,-0.002505,0.07677,-0.997036,0.0009,-0.0007,0.0001,0.00063,-0.00059,-0.00023,-0.0486,-0.0936,9.8042,4,1,1,1,-1
1770803082.1915932,34.0841,3.2346,-0.9881,0.004316,-0.002466,0.07677,-0.997036,0.0018,-0.0002,-0.0001,0.00059,-0.00118,-0.00012,-0.0389,-0.0889,9.8096,4,1,1,1,-1
1770803082.2404583,34.0841,3.2346,-0.9881,0.004316,-0.002466,0.07677,-0.997036,0.0018,-0.0002,-0.0001,-0.00154,0.00172,-3e-05,-0.0329,-0.0921,9.8064,4,1,1,1,-1
1770803082.292222,34.0841,3.2346,-0.9881,0.004316,-0.002466,0.07677,-0.997036,0.0018,-0.0002,-0.0001,0.00067,0.00031,9e-05,-0.0198,-0.0833,9.8088,4,1,1,1,-1
1770803082.34224,34.0841,3.2346,-0.9881,0.004316,-0.002466,0.07677,-0.997036,0.0018,-0.0002,-0.0001,-0.00081,0.00112,-0.00021,-0.0247,-0.0821,9.8049,4,1,1,1,-1
1770803082.3918042,34.0841,3.2346,-0.9881,0.004316,-0.002466,0.07677,-0.997036,0.0018,-0.0002,-0.0001,9e-05,-0.00123,0.00021,-0.0165,-0.094,9.8128,4,1,1,1,-1
1770803082.4404957,34.084,3.2346,-0.9881,0.004278,-0.002362,0.076762,-0.997038,0.0012,-0.0004,-0.0,-0.00145,0.00054,-0.00022,-0.0368,-0.0964,9.8057,4,1,1,1,-1
1770803082.4902983,34.084,3.2346,-0.9881,0.004278,-0.002362,0.076762,-0.997038,0.0012,-0.0004,-0.0,-0.00152,0.00293,-1e-05,-0.0454,-0.0938,9.8174,4,1,1,1,-1
1770803082.5406172,34.084,3.2346,-0.9881,0.004278,-0.002362,0.076762,-0.997038,0.0012,-0.0004,-0.0,-0.00072,0.00384,-0.00016,-0.0199,-0.0987,9.8097,4,1,1,1,-1
1770803082.5907352,34.084,3.2346,-0.9881,0.004278,-0.002362,0.076762,-0.997038,0.0012,-0.0004,-0.0,-0.00189,0.00444,0.00017,-0.0243,-0.1023,9.8092,4,1,1,1,-1
1770803082.6403656,34.084,3.2346,-0.9881,0.004278,-0.002362,0.076762,-0.997038,0.0012,-0.0004,-0.0,0.00162,-0.00388,-0.00035,-0.0375,-0.1028,9.8094,4,1,1,1,-1
1770803082.692258,34.084,3.2346,-0.9881,0.004278,-0.002362,0.076762,-0.997038,0.0012,-0.0004,-0.0,-0.00052,0.00178,0.00018,-0.0443,-0.1021,9.8151,4,1,1,1,-1
1770803082.7446237,34.084,3.2346,-0.9881,0.004278,-0.002362,0.076762,-0.997038,0.0012,-0.0004,-0.0,0.00022,-0.00046,-1e-05,-0.0409,-0.0839,9.8045,4,1,1,1,-1
1770803082.793433,34.084,3.2346,-0.9881,0.004278,-0.002362,0.076762,-0.997038,0.0012,-0.0004,-0.0,0.00071,-0.00086,-7e-05,-0.0712,-0.0886,9.8018,4,1,1,1,-1
1770803082.8407085,34.0841,3.2346,-0.9882,0.004381,-0.00248,0.07677,-0.997036,0.0015,-0.0005,0.0,3e-05,0.00176,0.00014,-0.062,-0.0844,9.808,4,1,1,1,-1
1770803082.8921328,34.0841,3.2346,-0.9882,0.004381,-0.00248,0.07677,-0.997036,0.0015,-0.0005,0.0,-3e-05,0.0022,0.00015,-0.0491,-0.0904,9.8073,4,1,1,1,-1
1770803082.940834,34.0841,3.2346,-0.9882,0.004381,-0.00248,0.07677,-0.997036,0.0015,-0.0005,0.0,-0.00066,0.00352,6e-05,-0.0161,-0.0975,9.814,4,1,1,1,-1
1770803082.9930108,34.084,3.2346,-0.9881,0.004382,-0.002418,0.076789,-0.997035,0.0007,-0.0003,-0.0003,-0.00181,0.00361,-0.00032,-0.0238,-0.0821,9.803,4,1,1,1,-1
1770803083.04082,34.084,3.2346,-0.9881,0.004382,-0.002418,0.076789,-0.997035,0.0007,-0.0003,-0.0003,0.00174,-0.00054,0.00017,-0.0328,-0.0947,9.8139,4,1,1,1,-1
1770803083.090137,34.084,3.2346,-0.9881,0.004382,-0.002418,0.076789,-0.997035,0.0007,-0.0003,-0.0003,0.00259,-0.00145,-6e-05,-0.0294,-0.0959,9.8071,4,1,1,1,-1
1770803083.1411963,34.084,3.2346,-0.9881,0.004382,-0.002418,0.076789,-0.997035,0.0007,-0.0003,-0.0003,-0.00029,0.00281,0.0003,-0.0416,-0.095,9.8086,4,1,1,1,-1
1770803083.192952,34.084,3.2346,-0.9881,0.004382,-0.002418,0.076789,-0.997035,0.0007,-0.0003,-0.0003,-0.00096,0.00265,0.00018,-0.036,-0.0873,9.7974,4,1,1,1,-1
1770803083.2421632,34.084,3.2346,-0.9881,0.004382,-0.002418,0.076789,-0.997035,0.0007,-0.0003,-0.0003,0.00158,-0.00131,-1e-05,-0.0353,-0.084,9.8037,4,1,1,1,-1
1770803083.2916322,34.084,3.2346,-0.9881,0.00435,-0.002613,0.076773,-0.997036,0.0013,-0.0004,0.0001,4e-05,-0.00026,-0.00037,-0.0408,-0.0849,9.8112,4,1,1,1,-1
1770803083.3410897,34.084,3.2346,-0.9881,0.00435,-0.002613,0.076773,-0.997036,0.0013,-0.0004,0.0001,0.00048,0.00121,0.00052,-0.0383,-0.0974,9.8109,4,1,1,1,-1
1770803083.3951497,34.084,3.2346,-0.9881,0.00435,-0.002613,0.076773,-0.997036,0.0013,-0.0004,0.0001,-6e-05,-0.00176,0.00013,-0.0395,-0.0935,9.8102,4,1,1,1,-1
1770803083.4439054,34.084,3.2346,-0.9881,0.00435,-0.002613,0.076773,-0.997036,0.0013,-0.0004,0.0001,-0.0019,0.00625,0.00027,-0.0427,-0.0796,9.8077,4,1,1,1,-1
1770803083.495189,34.084,3.2346,-0.9881,0.00435,-0.002613,0.076773,-0.997036,0.0013,-0.0004,0.0001,0.00103,-0.00213,-0.00046,-0.0509,-0.0895,9.8119,4,1,1,1,-1
1770803083.5399702,34.084,3.2346,-0.9881,0.004365,-0.002675,0.076783,-0.997035,0.0014,-0.0001,0.0,0.00082,-0.00241,-0.00016,-0.0338,-0.0943,9.8013,4,1,1,1,-1
1770803083.5903385,34.084,3.2346,-0.9881,0.004365,-0.002675,0.076783,-0.997035,0.0014,-0.0001,0.0,0.0009,-0.00175,-0.00044,-0.0369,-0.0934,9.8253,4,1,1,1,-1
1770803083.640028,34.084,3.2346,-0.9881,0.004365,-0.002675,0.076783,-0.997035,0.0014,-0.0001,0.0,-0.00013,0.00183,0.00017,-0.0367,-0.0822,9.8065,4,1,1,1,-1
1770803083.6921387,34.084,3.2346,-0.9881,0.004365,-0.002675,0.076783,-0.997035,0.0014,-0.0001,0.0,0.00076,-0.00112,0.00027,-0.036,-0.0889,9.813,4,1,1,1,-1
1770803083.7422714,34.084,3.2346,-0.9881,0.004365,-0.002675,0.076783,-0.997035,0.0014,-0.0001,0.0,0.00014,0.00143,0.00035,-0.0362,-0.0966,9.8056,4,1,1,1,-1
1770803083.794175,34.084,3.2346,-0.9881,0.004365,-0.002675,0.076783,-0.997035,0.0014,-0.0001,0.0,0.00063,-0.00233,1e-05,-0.0421,-0.0852,9.8022,4,1,1,1,-1
1770803083.8449025,34.0843,3.2345,-0.9882,0.004376,-0.002646,0.076778,-0.997035,0.0021,-0.0002,-0.0,0.00051,-0.00217,-0.00044,-0.0326,-0.092,9.8219,4,1,1,1,-1
1770803083.8908005,34.0843,3.2345,-0.9882,0.004376,-0.002646,0.076778,-0.997035,0.0021,-0.0002,-0.0,-4e-05,-0.00049,-0.00012,-0.0341,-0.0998,9.8031,4,1,1,1,-1
1770803083.9412649,34.0843,3.2345,-0.9882,0.004376,-0.002646,0.076778,-0.997035,0.0021,-0.0002,-0.0,0.0007,0.00077,-0.00017,-0.0333,-0.0915,9.8165,4,1,1,1,-1
1770803083.9900188,34.0843,3.2345,-0.9882,0.004376,-0.002646,0.076778,-0.997035,0.0021,-0.0002,-0.0,0.00059,0.00047,-8e-05,-0.0373,-0.0838,9.7965,4,1,1,1,-1
1770803084.0407612,34.0843,3.2345,-0.9882,0.004376,-0.002646,0.076778,-0.997035,0.0021,-0.0002,-0.0,0.00118,-0.00091,0.00047,-0.0396,-0.0952,9.8088,4,1,1,1,-1
1770803084.0919075,34.0845,3.2345,-0.9882,0.004364,-0.002492,0.076779,-0.997035,0.0012,-0.0002,-0.0003,0.00035,-0.00143,0.00021,-0.0361,-0.0978,9.8093,4,1,1,1,-1
1770803084.1419878,34.0845,3.2345,-0.9882,0.004364,-0.002492,0.076779,-0.997035,0.0012,-0.0002,-0.0003,-0.00027,0.00057,-0.00018,-0.0434,-0.0801,9.8207,4,1,1,1,-1
1770803084.190704,34.0845,3.2345,-0.9882,0.004364,-0.002492,0.076779,-0.997035,0.0012,-0.0002,-0.0003,0.00053,-0.00153,-0.00102,-0.0422,-0.0921,9.8155,4,1,1,1,-1
1770803084.244253,34.0845,3.2345,-0.9882,0.004364,-0.002492,0.076779,-0.997035,0.0012,-0.0002,-0.0003,0.00163,-0.00345,-0.00029,-0.0469,-0.0863,9.8103,4,1,1,1,-1
1770803084.291114,34.0845,3.2345,-0.9882,0.004364,-0.002492,0.076779,-0.997035,0.0012,-0.0002,-0.0003,-0.00018,0.00248,-0.00036,-0.0378,-0.0778,9.817,4,1,1,1,-1
1770803084.342432,34.0846,3.2345,-0.9882,0.004357,-0.00244,0.076764,-0.997037,0.0007,-0.0001,0.0001,0.00033,2e-05,-0.00019,-0.0321,-0.1023,9.805,4,1,1,1,-1
1770803084.3906918,34.0846,3.2345,-0.9882,0.004357,-0.00244,0.076764,-0.997037,0.0007,-0.0001,0.0001,-0.00046,0.00046,-0.00015,-0.0407,-0.0993,9.8054,4,1,1,1,-1
1770803084.4407673,34.0846,3.2345,-0.9882,0.004357,-0.00244,0.076764,-0.997037,0.0007,-0.0001,0.0001,-0.00122,0.00171,-6e-05,-0.0313,-0.0821,9.811,4,1,1,1,-1
1770803084.491209,34.0846,3.2345,-0.9882,0.004357,-0.00244,0.076764,-0.997037,0.0007,-0.0001,0.0001,-0.00055,0.00219,0.00024,-0.0348,-0.0911,9.8125,4,1,1,1,-1
1770803084.54123,34.0846,3.2345,-0.9882,0.004357,-0.00244,0.076764,-0.997037,0.0007,-0.0001,0.0001,-0.00077,0.00105,0.00018,-0.0466,-0.1066,9.794,4,1,1,1,-1
1770803084.593556,34.0846,3.2345,-0.9882,0.004357,-0.00244,0.076764,-0.997037,0.0007,-0.0001,0.0001,0.0016,-0.00225,-0.00056,-0.0452,-0.0872,9.818,4,1,1,1,-1
1770803084.6424177,34.0845,3.2345,-0.9882,0.004338,-0.002356,0.076776,-0.997036,0.0007,-0.0006,-0.0002,-0.00037,-0.00155,-0.00033,-0.0431,-0.0857,9.7986,4,1,1,1,-1
1770803084.690566,34.0845,3.2345,-0.9882,0.004338,-0.002356,0.076776,-0.997036,0.0007,-0.0006,-0.0002,0.00065,-3e-05,0.00049,-0.0509,-0.0992,9.8236,4,1,1,1,-1
1770803084.7433722,34.0845,3.2345,-0.9882,0.004338,-0.002356,0.076776,-0.997036,0.0007,-0.0006,-0.0002,-0.0008,-0.00085,-0.00048,-0.0372,-0.1032,9.8015,4,1,1,1,-1
1770803084.7912817,34.0845,3.2345,-0.9882,0.004338,-0.002356,0.076776,-0.997036,0.0007,-0.0006,-0.0002,-0.00092,-0.00187,-0.0012,-0.03,-0.0814,9.8147,4,1,1,1,-1
1770803084.8410745,34.0845,3.2345,-0.9882,0.004338,-0.002356,0.076776,-0.997036,0.0007,-0.0006,-0.0002,0.00076,-0.00151,-0.0004,-0.0303,-0.0934,9.8073,4,1,1,1,-1
1770803084.8918633,34.0843,3.2345,-0.9882,0.004377,-0.002384,0.076774,-0.997036,0.0007,-0.0005,-0.0002,-0.00061,0.00033,-1e-05,-0.0404,-0.0974,9.8082,4,1,1,1,-1
1770803084.9421635,34.0843,3.2345,-0.9882,0.004377,-0.002384,0.076774,-0.997036,0.0007,-0.0005,-0.0002,-0.00188,0.00253,0.00019,-0.0344,-0.0919,9.8126,4,1,1,1,-1
1770803084.9912589,34.0843,3.2345,-0.9882,0.004377,-0.002384,0.076774,-0.997036,0.0007,-0.0005,-0.0002,0.00051,0.00055,0.0002,-0.0379,-0.0831,9.8039,4,1,1,1,-1
1770803085.0416455,34.0843,3.2345,-0.9882,0.004377,-0.002384,0.076774,-0.997036,0.0007,-0.0005,-0.0002,0.0001,0.00023,0.00052,-0.0467,-0.1011,9.808,4,1,1,1,-1
1770803085.0922875,34.0843,3.2345,-0.9882,0.004377,-0.002384,0.076774,-0.997036,0.0007,-0.0005,-0.0002,0.00142,-0.00258,-0.00046,-0.0402,-0.0908,9.8063,4,1,1,1,-1
1770803085.1469352,34.0842,3.2345,-0.9882,0.004359,-0.002382,0.076784,-0.997035,0.001,-0.0003,-0.0002,0.00093,-0.0016,-0.00049,-0.0464,-0.09,9.8116,4,1,1,1,-1
1770803085.192237,34.0842,3.2345,-0.9882,0.004359,-0.002382,0.076784,-0.997035,0.001,-0.0003,-0.0002,-0.00207,0.00034,-0.00075,-0.0391,-0.0854,9.8091,4,1,1,1,-1
1770803085.2419376,34.0842,3.2345,-0.9882,0.004359,-0.002382,0.076784,-0.997035,0.001,-0.0003,-0.0002,8e-05,0.0003,0.00016,-0.0336,-0.093,9.8146,4,1,1,1,-1
1770803085.2908838,34.0842,3.2345,-0.9882,0.004359,-0.002382,0.076784,-0.997035,0.001,-0.0003,-0.0002,0.00017,-0.00126,2e-05,-0.0302,-0.1033,9.8117,4,1,1,1,-1
1770803085.3429337,34.0842,3.2345,-0.9882,0.004359,-0.002382,0.076784,-0.997035,0.001,-0.0003,-0.0002,0.00032,0.00132,-0.0,-0.0291,-0.0941,9.812,4,1,1,1,-1
1770803085.3902228,34.0842,3.2345,-0.9882,0.004359,-0.002382,0.076784,-0.997035,0.001,-0.0003,-0.0002,0.0,0.0022,0.00023,-0.0441,-0.0865,9.8068,4,1,1,1,-1
1770803085.4426746,34.0842,3.2346,-0.9882,0.004332,-0.002266,0.076799,-0.997035,0.0001,-0.0004,-0.0,-0.00104,0.001,2e-05,-0.0434,-0.0959,9.8101,4,1,1,1,-1
1770803085.4930372,34.0842,3.2346,-0.9882,0.004332,-0.002266,0.076799,-0.997035,0.0001,-0.0004,-0.0,-0.00027,-0.00177,-0.00076,-0.0415,-0.0915,9.8044,4,1,1,1,-1
1770803085.5431492,34.0842,3.2346,-0.9882,0.004332,-0.002266,0.076799,-0.997035,0.0001,-0.0004,-0.0,-0.0007,0.00351,0.00079,-0.0349,-0.0961,9.8105,4,1,1,1,-1
1770803085.5900156,34.0842,3.2346,-0.9882,0.004332,-0.002266,0.076799,-0.997035,0.0001,-0.0004,-0.0,0.00238,-0.00138,0.00042,-0.0519,-0.1018,9.809,4,1,1,1,-1
1770803085.6476016,34.0842,3.2346,-0.9882,0.004332,-0.002266,0.076799,-0.997035,0.0001,-0.0004,-0.0,-3e-05,0.00052,-0.0002,-0.0367,-0.0914,9.8045,4,1,1,1,-1
1770803085.6910043,34.084,3.2346,-0.9881,0.00437,-0.002337,0.076805,-0.997034,0.0002,-0.0002,0.0001,-0.00065,0.00068,-0.00074,-0.0407,-0.0919,9.8203,4,1,1,1,-1
1770803085.7409894,34.084,3.2346,-0.9881,0.00437,-0.002337,0.076805,-0.997034,0.0002,-0.0002,0.0001,0.00013,-0.00016,4e-05,-0.0396,-0.0925,9.8124,4,1,1,1,-1
1770803085.7916913,34.084,3.2346,-0.9881,0.00437,-0.002337,0.076805,-0.997034,0.0002,-0.0002,0.0001,0.00098,0.00064,0.00011,-0.028,-0.0949,9.8189,4,1,1,1,-1
1770803085.842592,34.084,3.2346,-0.9881,0.00437,-0.002337,0.076805,-0.997034,0.0002,-0.0002,0.0001,0.00087,0.00054,-0.00014,-0.0211,-0.093,9.7991,4,1,1,1,-1
1770803085.8907638,34.084,3.2346,-0.9881,0.00437,-0.002337,0.076805,-0.997034,0.0002,-0.0002,0.0001,-0.00047,0.00295,0.00029,-0.0318,-0.0923,9.8081,4,1,1,1,-1
1770803085.9447105,34.084,3.2346,-0.9881,0.00437,-0.002337,0.076805,-0.997034,0.0002,-0.0002,0.0001,0.00054,-0.00011,-0.00012,-0.0235,-0.1028,9.801,4,1,1,1,-1
1770803085.9920645,34.0838,3.2346,-0.9881,0.004361,-0.002323,0.076807,-0.997034,-0.0007,-0.0004,0.0003,-0.0007,-0.00018,-0.00055,-0.0375,-0.0941,9.8102,4,1,1,1,-1
1770803086.0409598,34.0838,3.2346,-0.9881,0.004361,-0.002323,0.076807,-0.997034,-0.0007,-0.0004,0.0003,-0.00134,0.00238,-3e-05,-0.0443,-0.0968,9.8028,4,1,1,1,-1
1770803086.0925019,34.0838,3.2346,-0.9881,0.004361,-0.002323,0.076807,-0.997034,-0.0007,-0.0004,0.0003,-1e-05,-0.00058,-0.00042,-0.0325,-0.0852,9.812,4,1,1,1,-1
1770803086.1417553,34.0838,3.2346,-0.9881,0.004361,-0.002323,0.076807,-0.997034,-0.0007,-0.0004,0.0003,-0.0001,0.00098,0.00023,-0.0296,-0.0895,9.8121,4,1,1,1,-1
1770803086.1925468,34.0838,3.2346,-0.9881,0.004361,-0.002323,0.076807,-0.997034,-0.0007,-0.0004,0.0003,-0.00051,-2e-05,0.0001,-0.0437,-0.0956,9.8041,4,1,1,1,-1
1770803086.2415788,34.0837,3.2346,-0.9881,0.004357,-0.002442,0.076782,-0.997035,-0.0001,-0.0003,-0.0,-0.00036,0.00086,0.00034,-0.0538,-0.0932,9.82,4,1,1,1,-1
1770803086.291007,34.0837,3.2346,-0.9881,0.004357,-0.002442,0.076782,-0.997035,-0.0001,-0.0003,-0.0,9e-05,-0.00166,-0.0002,-0.0635,-0.0971,9.8171,4,1,1,1,-1
1770803086.341887,34.0837,3.2346,-0.9881,0.004357,-0.002442,0.076782,-0.997035,-0.0001,-0.0003,-0.0,-3e-05,0.00187,0.00013,-0.0465,-0.0962,9.8046,4,1,1,1,-1
1770803086.3903928,34.0837,3.2346,-0.9881,0.004357,-0.002442,0.076782,-0.997035,-0.0001,-0.0003,-0.0,4e-05,-0.00123,-0.00066,-0.049,-0.0874,9.8079,4,1,1,1,-1
1770803086.4409163,34.0837,3.2346,-0.9881,0.004357,-0.002442,0.076782,-0.997035,-0.0001,-0.0003,-0.0,0.00159,0.00078,-0.00017,-0.0543,-0.0792,9.8096,4,1,1,1,-1
1770803086.4909046,34.0838,3.2346,-0.9881,0.004406,-0.00259,0.076754,-0.997037,0.0013,-0.0003,0.0002,0.00035,0.00024,0.0001,-0.0463,-0.0974,9.8134,4,1,1,1,-1
1770803086.543707,34.0838,3.2346,-0.9881,0.004406,-0.00259,0.076754,-0.997037,0.0013,-0.0003,0.0002,-0.00116,0.00228,0.00039,-0.0435,-0.1034,9.8046,4,1,1,1,-1
1770803086.590418,34.0838,3.2346,-0.9881,0.004406,-0.00259,0.076754,-0.997037,0.0013,-0.0003,0.0002,-0.00014,0.00047,-0.00026,-0.0299,-0.0914,9.8158,4,1,1,1,-1
1770803086.6411786,34.0838,3.2346,-0.9881,0.004406,-0.00259,0.076754,-0.997037,0.0013,-0.0003,0.0002,0.0011,-0.00146,0.00017,-0.0377,-0.0945,9.805,4,1,1,1,-1
1770803086.6921859,34.0838,3.2346,-0.9881,0.004406,-0.00259,0.076754,-0.997037,0.0013,-0.0003,0.0002,-0.0014,0.00226,0.00016,-0.0497,-0.0928,9.8189,4,1,1,1,-1
1770803086.742518,34.0838,3.2346,-0.9881,0.004406,-0.00259,0.076754,-0.997037,0.0013,-0.0003,0.0002,-0.00018,-0.00094,-0.00016,-0.0323,-0.096,9.8108,4,1,1,1,-1
1770803086.7927928,34.084,3.2346,-0.9881,0.00433,-0.002535,0.076771,-0.997036,0.0009,-0.0004,0.0001,-3e-05,0.00165,-3e-05,-0.0375,-0.0604,9.814,4,1,1,1,-1
1770803086.8432477,34.084,3.2346,-0.9881,0.00433,-0.002535,0.076771,-0.997036,0.0009,-0.0004,0.0001,-0.0022,0.00419,0.00035,-0.0452,-0.0878,9.8105,4,1,1,1,-1
1770803086.8912656,34.084,3.2346,-0.9881,0.00433,-0.002535,0.076771,-0.997036,0.0009,-0.0004,0.0001,0.00019,0.00119,0.00019,-0.033,-0.1217,9.8172,4,1,1,1,-1
1770803086.9418974,34.084,3.2346,-0.9881,0.00433,-0.002535,0.076771,-0.997036,0.0009,-0.0004,0.0001,-0.00102,0.00231,0.00027,-0.0405,-0.0921,9.8115,4,1,1,1,-1
1770803086.9914753,34.084,3.2346,-0.9881,0.00433,-0.002535,0.076771,-0.997036,0.0009,-0.0004,0.0001,0.00025,-0.00145,-0.00077,-0.0456,-0.0689,9.8059,4,1,1,1,-1
1770803087.0410037,34.0838,3.2346,-0.9881,0.004355,-0.002601,0.076759,-0.997037,0.0008,-0.0007,0.0003,-0.00047,0.00381,0.00057,-0.0253,-0.1014,9.7989,4,1,1,1,-1
1770803087.0901213,34.0838,3.2346,-0.9881,0.004355,-0.002601,0.076759,-0.997037,0.0008,-0.0007,0.0003,0.00101,-0.00334,-0.0001,-0.0596,-0.0868,9.83,4,1,1,1,-1
1770803087.140382,34.0838,3.2346,-0.9881,0.004355,-0.002601,0.076759,-0.997037,0.0008,-0.0007,0.0003,-8e-05,-7e-05,-7e-05,-0.0449,-0.0946,9.8125,4,1,1,1,-1
1770803087.1914194,34.0838,3.2346,-0.9881,0.004355,-0.002601,0.076759,-0.997037,0.0008,-0.0007,0.0003,0.00163,-0.0011,0.00032,-0.0434,-0.0854,9.8254,4,1,1,1,-1
