Topic:,/fixposition/fpa/odometry
time,pos_x,pos_y,pos_z,qx,qy,qz,qw,vel_x,vel_y,vel_z,ang_vel_x,ang_vel_y,ang_vel_z,acc_x,acc_y,acc_z
1770803063.0899005,1055163.3471,6125692.1758,1424285.19,0.003315,0.619361,0.775143,0.124638,0.0006,-0.0003,-0.0001,0.00021,-0.0011,6e-05,-0.0517,-0.0906,9.8131
1770803063.1397653,1055163.3471,6125692.1758,1424285.19,0.003315,0.619361,0.775143,0.124638,0.0006,-0.0003,-0.0001,-0.00062,0.00299,0.00017,-0.038,-0.0978,9.8009
1770803063.1893756,1055163.3471,6125692.1758,1424285.19,0.003315,0.619361,0.775143,0.124638,0.0006,-0.0003,-0.0001,-0.00112,0.00211,-0.00026,-0.0161,-0.0897,9.8219
1770803063.2398279,1055163.3471,6125692.1758,1424285.19,0.003315,0.619361,0.775143,0.124638,0.0006,-0.0003,-0.0001,-0.00055,0.00249,-3e-05,-0.0234,-0.0846,9.8113
1770803063.290388,1055163.3469,6125692.1758,1424285.19,0.003411,0.619372,0.775122,0.124711,0.0011,-0.0005,-0.0004,0.00164,-0.00201,-0.00027,-0.0261,-0.0904,9.8046
1770803063.3396416,1055163.3469,6125692.1758,1424285.19,0.003411,0.619372,0.775122,0.124711,0.0011,-0.0005,-0.0004,-0.00063,0.0033,0.00023,-0.0318,-0.0904,9.8065
1770803063.3925562,1055163.3469,6125692.1758,1424285.19,0.003411,0.619372,0.775122,0.124711,0.0011,-0.0005,-0.0004,-0.00181,0.00114,-0.00039,-0.0343,-0.0871,9.8163
1770803063.4481773,1055163.3469,6125692.1758,1424285.19,0.003411,0.619372,0.775122,0.124711,0.0011,-0.0005,-0.0004,0.00181,-0.00188,-0.00041,-0.0268,-0.089,9.8058
1770803063.4892566,1055163.3469,6125692.1758,1424285.19,0.003411,0.619372,0.775122,0.124711,0.0011,-0.0005,-0.0004,-0.00017,2e-05,-0.00026,-0.024,-0.0926,9.8049
1770803063.5413487,1055163.3469,6125692.1758,1424285.19,0.003411,0.619372,0.775122,0.124711,0.0011,-0.0005,-0.0004,-0.00056,0.00077,-0.00037,-0.0276,-0.0888,9.8177
1770803063.589882,1055163.3469,6125692.1758,1424285.19,0.003435,0.619366,0.775121,0.124744,0.0004,-0.0004,0.0001,0.00163,-0.00447,-9e-05,-0.033,-0.0946,9.799
1770803063.6414564,1055163.3469,6125692.1758,1424285.19,0.003435,0.619366,0.775121,0.124744,0.0004,-0.0004,0.0001,-0.00028,0.0013,-0.00047,-0.0287,-0.0838,9.8132
1770803063.6909974,1055163.3469,6125692.1758,1424285.19,0.003435,0.619366,0.775121,0.124744,0.0004,-0.0004,0.0001,0.00043,7e-05,-0.00067,-0.0254,-0.0972,9.8007
1770803063.739493,1055163.3469,6125692.1758,1424285.19,0.003435,0.619366,0.775121,0.124744,0.0004,-0.0004,0.0001,-0.0006,0.0002,0.00017,-0.0082,-0.0939,9.817
1770803063.7894723,1055163.3469,6125692.1758,1424285.19,0.003435,0.619366,0.775121,0.124744,0.0004,-0.0004,0.0001,0.00024,-0.00051,-0.00053,-0.0178,-0.0963,9.809
1770803063.8393528,1055163.3468,6125692.1758,1424285.19,0.00347,0.619365,0.775112,0.124807,0.0003,-0.0,-0.0002,-6e-05,-0.00011,-0.00025,-0.0196,-0.1002,9.8123
1770803063.8892932,1055163.3468,6125692.1758,1424285.19,0.00347,0.619365,0.775112,0.124807,0.0003,-0.0,-0.0002,-0.00125,0.00292,0.0004,-0.0363,-0.0915,9.8095
1770803063.9452896,1055163.3468,6125692.1758,1424285.19,0.00347,0.619365,0.775112,0.124807,0.0003,-0.0,-0.0002,-0.00096,0.00349,0.0003,-0.0096,-0.093,9.7929
1770803063.9913118,1055163.3468,6125692.1758,1424285.19,0.00347,0.619365,0.775112,0.124807,0.0003,-0.0,-0.0002,0.00183,-0.00094,0.00049,-0.0055,-0.0924,9.8147
1770803064.0459406,1055163.3468,6125692.1758,1424285.19,0.00347,0.619365,0.775112,0.124807,0.0003,-0.0,-0.0002,-0.0006,0.00111,-8e-05,-0.0425,-0.0983,9.8132
1770803064.0918489,1055163.3468,6125692.1758,1424285.19,0.00347,0.619365,0.775112,0.124807,0.0003,-0.0,-0.0002,0.00078,-9e-05,0.00012,-0.0296,-0.1013,9.815
1770803064.1451652,1055163.347,6125692.1758,1424285.19,0.00345,0.619334,0.775138,0.124794,-0.0,-0.0004,0.0,-0.00113,0.00177,-0.00039,-0.0313,-0.0917,9.8067
1770803064.19076,1055163.347,6125692.1758,1424285.19,0.00345,0.619334,0.775138,0.124794,-0.0,-0.0004,0.0,0.0032,-0.00514,9e-05,-0.0454,-0.0909,9.8129
1770803064.2448857,1055163.347,6125692.1758,1424285.19,0.00345,0.619334,0.775138,0.124794,-0.0,-0.0004,0.0,0.00093,-0.00237,1e-05,-0.0367,-0.096,9.8096
1770803064.2896068,1055163.347,6125692.1758,1424285.19,0.00345,0.619334,0.775138,0.124794,-0.0,-0.0004,0.0,0.00115,-0.00191,-8e-05,-0.0503,-0.0887,9.8057
1770803064.3484082,1055163.347,6125692.1758,1424285.19,0.00345,0.619334,0.775138,0.124794,-0.0,-0.0004,0.0,-0.00028,-6e-05,5e-05,-0.046,-0.0945,9.8074
1770803064.3927963,1055163.3467,6125692.1758,1424285.19,0.003502,0.619367,0.77511,0.124807,0.0007,-0.0003,-0.0001,0.00045,-0.00233,-0.00023,-0.0498,-0.089,9.8083
1770803064.4402158,1055163.3467,6125692.1758,1424285.19,0.003502,0.619367,0.77511,0.124807,0.0007,-0.0003,-0.0001,0.00273,-0.0039,-0.00012,-0.0552,-0.0898,9.8143
1770803064.4904554,1055163.3467,6125692.1758,1424285.19,0.003502,0.619367,0.77511,0.124807,0.0007,-0.0003,-0.0001,9e-05,-0.00198,-0.00017,-0.0457,-0.0912,9.8114
1770803064.542781,1055163.3467,6125692.1758,1424285.19,0.003502,0.619367,0.77511,0.124807,0.0007,-0.0003,-0.0001,-0.00083,0.00104,0.00034,-0.0708,-0.0985,9.8022
1770803064.589667,1055163.3467,6125692.1758,1424285.19,0.003502,0.619367,0.77511,0.124807,0.0007,-0.0003,-0.0001,0.00073,-0.00237,-0.0003,-0.071,-0.0893,9.8181
1770803064.6455278,1055163.3467,6125692.1758,1424285.19,0.003502,0.619367,0.77511,0.124807,0.0007,-0.0003,-0.0001,0.00066,-0.00012,-5e-05,-0.0544,-0.0938,9.8133
1770803064.6911023,1055163.3467,6125692.1758,1424285.19,0.003475,0.619367,0.775114,0.124787,0.0,-0.0002,0.0001,0.00044,0.00206,0.00017,-0.0056,-0.0884,9.804
1770803064.7416887,1055163.3467,6125692.1758,1424285.19,0.003475,0.619367,0.775114,0.124787,0.0,-0.0002,0.0001,0.00028,0.00216,1e-05,-0.0014,-0.0813,9.8132
1770803064.793417,1055163.3467,6125692.1758,1424285.19,0.003475,0.619367,0.775114,0.124787,0.0,-0.0002,0.0001,0.00093,-0.00359,-0.00071,-0.0242,-0.0883,9.8001
1770803064.8429039,1055163.3467,6125692.1758,1424285.19,0.003475,0.619367,0.775114,0.124787,0.0,-0.0002,0.0001,0.00042,0.00385,0.00061,-0.03,-0.0915,9.8268
1770803064.919307,1055163.3467,6125692.1758,1424285.19,0.003475,0.619367,0.775114,0.124787,0.0,-0.0002,0.0001,0.00122,-0.0013,-0.00015,-0.0427,-0.098,9.8064
1770803064.942732,1055163.3467,6125692.1758,1424285.1899,0.003459,0.619374,0.775112,0.124763,0.001,-0.0001,-0.0001,-0.0005,0.00105,0.0,-0.0437,-0.0985,9.8051
1770803064.9904706,1055163.3467,6125692.1758,1424285.1899,0.003459,0.619374,0.775112,0.124763,0.001,-0.0001,-0.0001,-0.00018,-0.00202,-0.00082,-0.0527,-0.0937,9.8203
1770803065.0407305,1055163.3467,6125692.1758,1424285.1899,0.003459,0.619374,0.775112,0.124763,0.001,-0.0001,-0.0001,-0.002,0.00104,-0.0004,-0.0563,-0.0872,9.8078
1770803065.0911992,1055163.3467,6125692.1758,1424285.1899,0.003459,0.619374,0.775112,0.124763,0.001,-0.0001,-0.0001,-0.00076,0.00019,0.00041,-0.062,-0.0983,9.8182
1770803065.144007,1055163.3467,6125692.1758,1424285.1899,0.003459,0.619374,0.775112,0.124763,0.001,-0.0001,-0.0001,0.00088,-0.00066,0.0007,-0.0516,-0.0899,9.7983
1770803065.1893797,1055163.3467,6125692.1758,1424285.1899,0.003459,0.619374,0.775112,0.124763,0.001,-0.0001,-0.0001,-0.00212,0.00507,0.00085,-0.0522,-0.0909,9.8166
1770803065.2450678,1055163.3466,6125692.1758,1424285.1899,0.003424,0.619398,0.775093,0.124762,0.0007,-0.0004,-0.0001,0.00163,-0.00551,-0.00055,-0.043,-0.0947,9.8029
1770803065.293159,1055163.3466,6125692.1758,1424285.1899,0.003424,0.619398,0.775093,0.124762,0.0007,-0.0004,-0.0001,0.00022,0.00087,0.00016,-0.0416,-0.0857,9.8213
1770803065.3395758,1055163.3466,6125692.1758,1424285.1899,0.003424,0.619398,0.775093,0.124762,0.0007,-0.0004,-0.0001,0.00129,-0.0013,0.00016,-0.0387,-0.0954,9.8024
1770803065.3976922,1055163.3466,6125692.1758,1424285.1899,0.003424,0.619398,0.775093,0.124762,0.0007,-0.0004,-0.0001,0.00137,-0.0055,-0.00042,-0.0513,-0.1079,9.8237
1770803065.439701,1055163.3466,6125692.1758,1424285.1899,0.003424,0.619398,0.775093,0.124762,0.0007,-0.0004,-0.0001,-0.00096,-0.00107,0.00013,-0.0562,-0.0982,9.8062
1770803065.4903498,1055163.3468,6125692.1758,1424285.19,0.003329,0.619378,0.775121,0.124686,0.0006,-0.0005,0.0003,0.00027,0.00057,-0.00031,-0.0494,-0.0893,9.8159
1770803065.5413895,1055163.3468,6125692.1758,1424285.19,0.003329,0.619378,0.775121,0.124686,0.0006,-0.0005,0.0003,-5e-05,0.00079,0.00025,-0.0445,-0.0928,9.8066
1770803065.5924637,1055163.3468,6125692.1758,1424285.19,0.003329,0.619378,0.775121,0.124686,0.0006,-0.0005,0.0003,0.00111,-0.00264,-0.0003,-0.0321,-0.0998,9.8074
1770803065.6396565,1055163.3468,6125692.1758,1424285.19,0.003329,0.619378,0.775121,0.124686,0.0006,-0.0005,0.0003,-0.00058,0.00057,-0.00047,-0.0391,-0.0958,9.8236
1770803065.690636,1055163.3468,6125692.1758,1424285.19,0.003329,0.619378,0.775121,0.124686,0.0006,-0.0005,0.0003,0.00026,-2e-05,0.0003,-0.0318,-0.0887,9.8006
1770803065.7409663,1055163.3468,6125692.1758,1424285.19,0.003329,0.619378,0.775121,0.124686,0.0006,-0.0005,0.0003,-0.00038,0.0004,-0.00014,-0.0442,-0.0865,9.8088
1770803065.7899816,1055163.3467,6125692.1758,1424285.1899,0.003353,0.619405,0.775096,0.124711,0.0013,-0.0005,-0.0001,0.00055,-0.00241,-0.00062,-0.0349,-0.0961,9.8032
1770803065.8398032,1055163.3467,6125692.1758,1424285.1899,0.003353,0.619405,0.775096,0.124711,0.0013,-0.0005,-0.0001,-0.00087,0.00203,0.00025,-0.0452,-0.0967,9.809
1770803065.8912241,1055163.3467,6125692.1758,1424285.1899,0.003353,0.619405,0.775096,0.124711,0.0013,-0.0005,-0.0001,-0.00067,0.00141,0.00013,-0.0412,-0.0886,9.8074
1770803065.941847,1055163.3467,6125692.1758,1424285.1899,0.003353,0.619405,0.775096,0.124711,0.0013,-0.0005,-0.0001,0.00158,-0.00087,5e-05,-0.0344,-0.0918,9.8131
1770803065.9910393,1055163.3467,6125692.1758,1424285.1899,0.003353,0.619405,0.775096,0.124711,0.0013,-0.0005,-0.0001,-0.00095,0.00194,-0.00014,-0.0465,-0.0933,9.8076
1770803066.0390956,1055163.3466,6125692.1758,1424285.1899,0.003298,0.619399,0.775105,0.124683,0.0013,-0.0004,-0.0001,0.00062,-0.00201,5e-05,-0.0324,-0.0939,9.8155
1770803066.0928435,1055163.3466,6125692.1758,1424285.1899,0.003298,0.619399,0.775105,0.124683,0.0013,-0.0004,-0.0001,-0.00045,0.00084,0.00013,-0.0442,-0.0911,9.8106
1770803066.1434908,1055163.3466,6125692.1758,1424285.1899,0.003298,0.619399,0.775105,0.124683,0.0013,-0.0004,-0.0001,0.00049,-0.00091,0.00023,-0.0438,-0.0958,9.8002
1770803066.199287,1055163.3466,6125692.1758,1424285.1899,0.003298,0.619399,0.775105,0.124683,0.0013,-0.0004,-0.0001,0.00034,0.00064,7e-05,-0.0298,-0.0742,9.8317
1770803066.2394512,1055163.3466,6125692.1758,1424285.1899,0.003298,0.619399,0.775105,0.124683,0.0013,-0.0004,-0.0001,5e-05,0.00026,-0.00067,-0.0353,-0.099,9.8053
1770803066.29393,1055163.3465,6125692.1758,1424285.1899,0.003299,0.619407,0.775099,0.124686,0.0012,-0.0004,-0.0002,0.00049,-0.00211,-0.00034,-0.0381,-0.0914,9.8163
1770803066.341233,1055163.3465,6125692.1758,1424285.1899,0.003299,0.619407,0.775099,0.124686,0.0012,-0.0004,-0.0002,0.00011,0.00067,0.00023,-0.0404,-0.0883,9.8016
1770803066.394658,1055163.3465,6125692.1758,1424285.1899,0.003299,0.619407,0.775099,0.124686,0.0012,-0.0004,-0.0002,-0.00089,0.00091,6e-05,-0.0312,-0.0931,9.8116
1770803066.441109,1055163.3465,6125692.1758,1424285.1899,0.003299,0.619407,0.775099,0.124686,0.0012,-0.0004,-0.0002,-0.00024,0.00071,0.00018,-0.0332,-0.0884,9.8043
1770803066.4991207,1055163.3465,6125692.1758,1424285.1899,0.003299,0.619407,0.775099,0.124686,0.0012,-0.0004,-0.0002,-0.00095,0.00119,-0.00034,-0.0404,-0.0927,9.8161
1770803066.54931,1055163.3467,6125692.1758,1424285.1899,0.003319,0.619427,0.775076,0.124729,0.0005,-0.0007,-0.0001,-0.00108,0.00172,0.00032,-0.044,-0.0912,9.8115
1770803066.5897958,1055163.3467,6125692.1758,1424285.1899,0.003319,0.619427,0.775076,0.124729,0.0005,-0.0007,-0.0001,-0.00074,0.00144,0.00024,-0.0387,-0.0874,9.8126
1770803066.640068,1055163.3467,6125692.1758,1424285.1899,0.003319,0.619427,0.775076,0.124729,0.0005,-0.0007,-0.0001,-0.00052,3e-05,-0.0001,-0.043,-0.0821,9.8076
1770803066.6940033,1055163.3467,6125692.1758,1424285.1899,0.003319,0.619427,0.775076,0.124729,0.0005,-0.0007,-0.0001,-0.00078,0.00304,0.00022,-0.0392,-0.0896,9.8058
1770803066.7406106,1055163.3467,6125692.1758,1424285.1899,0.003319,0.619427,0.775076,0.124729,0.0005,-0.0007,-0.0001,-0.00095,0.00151,-0.00047,-0.0392,-0.093,9.8169
1770803066.7899303,1055163.3467,6125692.1758,1424285.1899,0.003319,0.619427,0.775076,0.124729,0.0005,-0.0007,-0.0001,0.00187,-0.00285,-0.0005,-0.0403,-0.0945,9.803
1770803066.8413308,1055163.3466,6125692.1758,1424285.1899,0.003306,0.619408,0.77509,0.124732,0.001,-0.0002,-0.0001,5e-05,-0.00147,-9e-05,-0.0409,-0.0938,9.8156
1770803066.8923905,1055163.3466,6125692.1758,1424285.1899,0.003306,0.619408,0.77509,0.124732,0.001,-0.0002,-0.0001,0.0003,-0.00176,-0.00022,-0.041,-0.0909,9.8138
1770803066.9414816,1055163.3466,6125692.1758,1424285.1899,0.003306,0.619408,0.77509,0.124732,0.001,-0.0002,-0.0001,0.00022,0.00071,0.00024,-0.041,-0.0889,9.8074
1770803066.9907324,1055163.3466,6125692.1758,1424285.1899,0.003306,0.619408,0.77509,0.124732,0.001,-0.0002,-0.0001,-0.00044,0.00149,-0.00014,-0.0424,-0.0794,9.8044
1770803067.0428593,1055163.3466,6125692.1758,1424285.1899,0.003306,0.619408,0.77509,0.124732,0.001,-0.0002,-0.0001,-0.00046,7e-05,0.00019,-0.03,-0.0911,9.8137
1770803067.089904,1055163.3466,6125692.1758,1424285.1899,0.003306,0.619408,0.77509,0.124732,0.001,-0.0002,-0.0001,-0.00079,0.00147,-0.00046,-0.0434,-0.098,9.8087
1770803067.142462,1055163.3466,6125692.1758,1424285.1899,0.003329,0.619401,0.775091,0.124762,0.0008,-0.0003,0.0001,0.00176,-0.00178,-0.0003,-0.0367,-0.0876,9.8021
1770803067.1924887,1055163.3466,6125692.1758,1424285.1899,0.003329,0.619401,0.775091,0.124762,0.0008,-0.0003,0.0001,-0.00115,0.00299,-0.0002,-0.0222,-0.0867,9.8074
1770803067.2403674,1055163.3466,6125692.1758,1424285.1899,0.003329,0.619401,0.775091,0.124762,0.0008,-0.0003,0.0001,-0.00091,0.00223,-3e-05,-0.0112,-0.087,9.7949
1770803067.2896044,1055163.3466,6125692.1758,1424285.1899,0.003329,0.619401,0.775091,0.124762,0.0008,-0.0003,0.0001,0.00038,0.00011,-0.00013,-0.0156,-0.0828,9.8138
1770803067.341535,1055163.3466,6125692.1758,1424285.1899,0.003329,0.619401,0.775091,0.124762,0.0008,-0.0003,0.0001,-0.0008,0.0024,0.00015,-0.0329,-0.0934,9.8024
1770803067.3916464,1055163.3469,6125692.1758,1424285.19,0.003306,0.619384,0.775108,0.124739,-0.0011,-0.0006,0.0004,0.00206,-0.00281,5e-05,-0.034,-0.0812,9.82
1770803067.4402385,1055163.3469,6125692.1758,1424285.19,0.003306,0.619384,0.775108,0.124739,-0.0011,-0.0006,0.0004,0.00063,-0.00072,0.00034,-0.0503,-0.0996,9.8065
1770803067.4904912,1055163.3469,6125692.1758,1424285.19,0.003306,0.619384,0.775108,0.124739,-0.0011,-0.0006,0.0004,0.00176,-0.00249,-0.0005,-0.0386,-0.0854,9.8179
1770803067.540146,1055163.3469,6125692.1758,1424285.19,0.003306,0.619384,0.775108,0.124739,-0.0011,-0.0006,0.0004,-0.00127,0.00216,0.00066,-0.0516,-0.0953,9.8168
1770803067.5906327,1055163.3469,6125692.1758,1424285.19,0.003306,0.619384,0.775108,0.124739,-0.0011,-0.0006,0.0004,-0.00085,0.00087,-0.00032,-0.0438,-0.0934,9.8074
1770803067.641919,1055163.3469,6125692.1758,1424285.19,0.00329,0.619362,0.775126,0.124733,0.0006,-0.0001,0.0001,0.00084,0.00052,-1e-05,-0.0439,-0.0996,9.8133
1770803067.6907096,1055163.3469,6125692.1758,1424285.19,0.00329,0.619362,0.775126,0.124733,0.0006,-0.0001,0.0001,-0.00119,-0.00058,0.00019,-0.0368,-0.0939,9.8067
1770803067.7401004,1055163.3469,6125692.1758,1424285.19,0.00329,0.619362,0.775126,0.124733,0.0006,-0.0001,0.0001,0.00074,0.00234,0.00073,-0.0339,-0.0897,9.8122
1770803067.7904017,1055163.3469,6125692.1758,1424285.19,0.00329,0.619362,0.775126,0.124733,0.0006,-0.0001,0.0001,0.00101,-0.00154,0.00013,-0.0342,-0.0835,9.8081
1770803067.8397918,1055163.3469,6125692.1758,1424285.19,0.00329,0.619362,0.775126,0.124733,0.0006,-0.0001,0.0001,-1e-05,-0.00034,4e-05,-0.04,-0.0891,9.8091
1770803067.8913846,1055163.347,6125692.1758,1424285.19,0.003305,0.61934,0.775143,0.124742,0.0008,-0.0006,-0.0001,0.0018,-0.00317,-0.00051,-0.0513,-0.0803,9.7999
1770803067.940406,1055163.347,6125692.1758,1424285.19,0.003305,0.61934,0.775143,0.124742,0.0008,-0.0006,-0.0001,0.0012,-0.00246,-0.00019,-0.0511,-0.0902,9.8198
1770803067.9903598,1055163.347,6125692.1758,1424285.19,0.003305,0.61934,0.775143,0.124742,0.0008,-0.0006,-0.0001,-0.00031,0.0021,0.00059,-0.0441,-0.0925,9.8129
1770803068.0426488,1055163.347,6125692.1758,1424285.19,0.003305,0.61934,0.775143,0.124742,0.0008,-0.0006,-0.0001,-0.0006,-0.00164,-5e-05,-0.0442,-0.0882,9.8086
1770803068.0923996,1055163.347,6125692.1758,1424285.19,0.003305,0.61934,0.775143,0.124742,0.0008,-0.0006,-0.0001,4e-05,-0.00083,0.00017,-0.0504,-0.0872,9.8088
1770803068.1405091,1055163.347,6125692.1758,1424285.19,0.003305,0.61934,0.775143,0.124742,0.0008,-0.0006,-0.0001,0.00096,-0.00202,-0.00031,-0.0485,-0.0947,9.8065
1770803068.1903393,1055163.3465,6125692.1758,1424285.1899,0.003381,0.619373,0.775112,0.12477,0.0017,-0.0003,-0.0003,-0.00015,0.00193,-0.0002,-0.0412,-0.0913,9.8104
1770803068.240525,1055163.3465,6125692.1758,1424285.1899,0.003381,0.619373,0.775112,0.12477,0.0017,-0.0003,-0.0003,-0.00184,0.00419,0.00059,-0.0294,-0.0877,9.8068
1770803068.2897167,1055163.3465,6125692.1758,1424285.1899,0.003381,0.619373,0.775112,0.12477,0.0017,-0.0003,-0.0003,0.0,-0.00014,9e-05,-0.0356,-0.0932,9.8132
1770803068.3403986,1055163.3465,6125692.1758,1424285.1899,0.003381,0.619373,0.775112,0.12477,0.0017,-0.0003,-0.0003,-9e-05,0.00164,0.00052,-0.0372,-0.0975,9.8072
1770803068.3913143,1055163.3465,6125692.1758,1424285.1899,0.003381,0.619373,0.775112,0.12477,0.0017,-0.0003,-0.0003,-0.00068,0.001,0.00024,-0.0416,-0.0966,9.8102
1770803068.4425502,1055163.3465,6125692.1758,1424285.1899,0.003419,0.619388,0.775098,0.12478,0.0001,-0.0005,0.0,-0.00142,0.00247,-6e-05,-0.0369,-0.0938,9.8072
1770803068.4905102,1055163.3465,6125692.1758,1424285.1899,0.003419,0.619388,0.775098,0.12478,0.0001,-0.0005,0.0,0.00057,-0.00059,-0.00021,-0.0367,-0.0924,9.8182
1770803068.5467694,1055163.3465,6125692.1758,1424285.1899,0.003419,0.619388,0.775098,0.12478,0.0001,-0.0005,0.0,0.00087,-0.00075,5e-05,-0.0377,-0.0994,9.8042
1770803068.5932462,1055163.3465,6125692.1758,1424285.1899,0.003419,0.619388,0.775098,0.12478,0.0001,-0.0005,0.0,0.00087,-0.00052,6e-05,-0.0315,-0.0913,9.8145
1770803068.639631,1055163.3465,6125692.1758,1424285.1899,0.003419,0.619388,0.775098,0.12478,0.0001,-0.0005,0.0,0.00124,-0.00206,-0.00015,-0.0351,-0.0901,9.8098
1770803068.6898196,1055163.3466,6125692.1758,1424285.1899,0.003396,0.619395,0.775097,0.124751,0.0004,-0.0003,0.0002,-0.00073,-0.0001,-0.0004,-0.0423,-0.0883,9.806
1770803068.7503977,1055163.3466,6125692.1758,1424285.1899,0.003396,0.619395,0.775097,0.124751,0.0004,-0.0003,0.0002,-0.00157,0.00392,0.0002,-0.0531,-0.0847,9.8109
1770803068.7901664,1055163.3466,6125692.1758,1424285.1899,0.003396,0.619395,0.775097,0.124751,0.0004,-0.0003,0.0002,0.00049,-0.0003,0.00019,-0.0331,-0.0859,9.805
1770803068.8449469,1055163.3466,6125692.1758,1424285.1899,0.003396,0.619395,0.775097,0.124751,0.0004,-0.0003,0.0002,0.00122,-0.00197,-0.00015,-0.0402,-0.0896,9.8131
1770803068.8915596,1055163.3466,6125692.1758,1424285.1899,0.003396,0.619395,0.775097,0.124751,0.0004,-0.0003,0.0002,0.00107,-0.00066,1e-05,-0.0339,-0.0883,9.8054
1770803068.941436,1055163.3466,6125692.1758,1424285.1899,0.003396,0.619395,0.775097,0.124751,0.0004,-0.0003,0.0002,-0.00099,0.00279,0.00021,-0.0378,-0.0961,9.8166
1770803068.9915547,1055163.3467,6125692.1758,1424285.1899,0.003435,0.619392,0.775093,0.124789,0.0,-0.0003,0.0001,-0.00033,-0.00146,-0.00045,-0.0415,-0.0853,9.8089
1770803069.0422237,1055163.3467,6125692.1758,1424285.1899,0.003435,0.619392,0.775093,0.124789,0.0,-0.0003,0.0001,0.00229,-0.00462,3e-05,-0.0417,-0.0901,9.8162
1770803069.0906627,1055163.3467,6125692.1758,1424285.1899,0.003435,0.619392,0.775093,0.124789,0.0,-0.0003,0.0001,-0.00118,0.00164,9e-05,-0.0489,-0.0983,9.8046
1770803069.1397028,1055163.3467,6125692.1758,1424285.1899,0.003435,0.619392,0.775093,0.124789,0.0,-0.0003,0.0001,-0.00051,3e-05,0.00039,-0.0564,-0.094,9.8096
1770803069.1906974,1055163.3467,6125692.1758,1424285.1899,0.003435,0.619392,0.775093,0.124789,0.0,-0.0003,0.0001,-0.00026,-0.00134,0.0,-0.0539,-0.0853,9.8136
1770803069.2405405,1055163.3465,6125692.1758,1424285.1899,0.003408,0.6194,0.775091,0.124762,0.0004,-0.0005,0.0003,0.0008,-0.00346,-0.00027,-0.0506,-0.0894,9.8124
1770803069.2919893,1055163.3465,6125692.1758,1424285.1899,0.003408,0.6194,0.775091,0.124762,0.0004,-0.0005,0.0003,-5e-05,0.00021,0.00016,-0.0427,-0.0942,9.8095
1770803069.3396826,1055163.3465,6125692.1758,1424285.1899,0.003408,0.6194,0.775091,0.124762,0.0004,-0.0005,0.0003,0.00245,-0.00212,-0.00025,-0.0458,-0.0947,9.8142
1770803069.3906224,1055163.3465,6125692.1758,1424285.1899,0.003408,0.6194,0.775091,0.124762,0.0004,-0.0005,0.0003,0.00052,0.00092,-0.00016,-0.0417,-0.0907,9.8124
1770803069.4406755,1055163.3465,6125692.1758,1424285.1899,0.003408,0.6194,0.775091,0.124762,0.0004,-0.0005,0.0003,-0.00096,0.00475,0.00048,-0.0373,-0.097,9.803
1770803069.4940913,1055163.3465,6125692.1758,1424285.1899,0.003408,0.6194,0.775091,0.124762,0.0004,-0.0005,0.0003,-8e-05,-0.00023,-0.00066,-0.0383,-0.0887,9.8187
1770803069.5421734,1055163.3468,6125692.1758,1424285.1899,0.003436,0.619406,0.775085,0.124771,-0.0012,-0.0005,0.0003,-0.00046,0.00328,-0.00013,-0.0319,-0.0917,9.8058
1770803069.590587,1055163.3468,6125692.1758,1424285.1899,0.003436,0.619406,0.775085,0.124771,-0.0012,-0.0005,0.0003,-0.00177,0.00548,0.00087,-0.0318,-0.0943,9.8203
1770803069.6406775,1055163.3468,6125692.1758,1424285.1899,0.003436,0.619406,0.775085,0.124771,-0.0012,-0.0005,0.0003,0.0004,0.00019,0.00024,-0.0207,-0.0973,9.8039
1770803069.690523,1055163.3468,6125692.1758,1424285.1899,0.003436,0.619406,0.775085,0.124771,-0.0012,-0.0005,0.0003,0.00037,0.00173,0.00038,-0.0172,-0.0883,9.8086
1770803069.7413135,1055163.3468,6125692.1758,1424285.1899,0.003436,0.619406,0.775085,0.124771,-0.0012,-0.0005,0.0003,0.00036,0.00054,-0.00026,-0.0246,-0.0904,9.8014
1770803069.7921598,1055163.347,6125692.1758,1424285.19,0.003342,0.6194,0.775102,0.124694,-0.0003,-0.0004,0.0002,0.00036,0.00118,-6e-05,-0.0361,-0.0931,9.8187
1770803069.8428786,1055163.347,6125692.1758,1424285.19,0.003342,0.6194,0.775102,0.124694,-0.0003,-0.0004,0.0002,8e-05,-0.00186,-0.00031,-0.0427,-0.0939,9.8144
1770803069.8909888,1055163.347,6125692.1758,1424285.19,0.003342,0.6194,0.775102,0.124694,-0.0003,-0.0004,0.0002,0.00106,-0.00278,-0.00047,-0.0367,-0.0847,9.8018
1770803069.9396193,1055163.347,6125692.1758,1424285.19,0.003342,0.6194,0.775102,0.124694,-0.0003,-0.0004,0.0002,-0.0023,0.00241,0.00024,-0.036,-0.0915,9.8118
1770803069.9915254,1055163.347,6125692.1758,1424285.19,0.003342,0.6194,0.775102,0.124694,-0.0003,-0.0004,0.0002,0.00031,-0.00039,0.0002,-0.0444,-0.0935,9.7957
1770803070.0400417,1055163.347,6125692.1758,1424285.19,0.003342,0.6194,0.775102,0.124694,-0.0003,-0.0004,0.0002,-0.00185,0.0076,0.0008,-0.0335,-0.1023,9.816
1770803070.0907774,1055163.3468,6125692.1758,1424285.1899,0.003313,0.61939,0.775114,0.124669,0.001,-0.0003,-0.0,-0.00012,-2e-05,3e-05,-0.0433,-0.0959,9.8129
1770803070.1400023,1055163.3468,6125692.1758,1424285.1899,0.003313,0.61939,0.775114,0.124669,0.001,-0.0003,-0.0,5e-05,-0.00056,-0.00033,-0.0552,-0.0872,9.8177
1770803070.1922474,1055163.3468,6125692.1758,1424285.1899,0.003313,0.61939,0.775114,0.124669,0.001,-0.0003,-0.0,0.00044,-0.00177,-3e-05,-0.0431,-0.0903,9.808
1770803070.2402818,1055163.3468,6125692.1758,1424285.1899,0.003313,0.61939,0.775114,0.124669,0.001,-0.0003,-0.0,-0.00101,0.00248,0.00014,-0.0508,-0.0942,9.8144
1770803070.2897592,1055163.3468,6125692.1758,1424285.1899,0.003313,0.61939,0.775114,0.124669,0.001,-0.0003,-0.0,0.0,-0.00237,-0.00056,-0.0428,-0.0908,9.8112
1770803070.340821,1055163.347,6125692.1758,1424285.19,0.003302,0.619376,0.775127,0.124657,0.0001,-0.0004,0.0001,-0.00024,0.00012,-0.00024,-0.0458,-0.0936,9.8111
1770803070.3914583,1055163.347,6125692.1758,1424285.19,0.003302,0.619376,0.775127,0.124657,0.0001,-0.0004,0.0001,-0.00106,-0.0001,-0.00066,-0.0435,-0.0917,9.8108
1770803070.4404752,1055163.347,6125692.1758,1424285.19,0.003302,0.619376,0.775127,0.124657,0.0001,-0.0004,0.0001,0.00011,-0.00266,-4e-05,-0.0443,-0.0903,9.8146
1770803070.4911678,1055163.347,6125692.1758,1424285.19,0.003302,0.619376,0.775127,0.124657,0.0001,-0.0004,0.0001,-0.00052,-0.002,-0.00048,-0.056,-0.0977,9.812
1770803070.5397394,1055163.347,6125692.1758,1424285.19,0.003302,0.619376,0.775127,0.124657,0.0001,-0.0004,0.0001,0.00034,-0.00171,0.00015,-0.0567,-0.0909,9.8059
1770803070.593084,1055163.347,6125692.1758,1424285.19,0.003302,0.619376,0.775127,0.124657,0.0001,-0.0004,0.0001,0.00106,-0.0017,0.00014,-0.0599,-0.0984,9.8176
1770803070.6399868,1055163.3471,6125692.1758,1424285.19,0.00334,0.619369,0.775123,0.124719,0.0007,-0.0004,-0.0,0.00017,-0.00267,-0.00017,-0.049,-0.1015,9.8088
1770803070.696909,1055163.3471,6125692.1758,1424285.19,0.00334,0.619369,0.775123,0.124719,0.0007,-0.0004,-0.0,0.00197,-0.00212,-0.00028,-0.0595,-0.0988,9.8211
1770803070.7396052,1055163.3471,6125692.1758,1424285.19,0.00334,0.619369,0.775123,0.124719,0.0007,-0.0004,-0.0,-0.00071,0.00267,6e-05,-0.0339,-0.0897,9.8029
1770803070.799135,1055163.3471,6125692.1758,1424285.19,0.00334,0.619369,0.775123,0.124719,0.0007,-0.0004,-0.0,0.00042,-0.00164,-0.00041,-0.0362,-0.0884,9.8082
1770803070.8413174,1055163.3471,6125692.1758,1424285.19,0.00334,0.619369,0.775123,0.124719,0.0007,-0.0004,-0.0,-0.00182,0.0021,0.00023,-0.0382,-0.0918,9.8057
1770803070.8920653,1055163.347,6125692.1758,1424285.19,0.003393,0.619367,0.775113,0.124788,0.0002,-0.0003,0.0002,0.00066,-0.00144,-4e-05,-0.0499,-0.0899,9.8078
1770803070.9404395,1055163.347,6125692.1758,1424285.19,0.003393,0.619367,0.775113,0.124788,0.0002,-0.0003,0.0002,0.00119,0.00047,0.00021,-0.0422,-0.0915,9.8057
1770803070.992602,1055163.347,6125692.1758,1424285.19,0.003393,0.619367,0.775113,0.124788,0.0002,-0.0003,0.0002,6e-05,0.0003,-0.00015,-0.0436,-0.0921,9.8064
1770803071.0418751,1055163.347,6125692.1758,1424285.19,0.003393,0.619367,0.775113,0.124788,0.0002,-0.0003,0.0002,0.0,0.0002,0.00023,-0.0191,-0.0771,9.8186
1770803071.092036,1055163.347,6125692.1758,1424285.19,0.003393,0.619367,0.775113,0.124788,0.0002,-0.0003,0.0002,0.00033,-0.00072,0.0003,-0.0373,-0.0865,9.8064
1770803071.1402674,1055163.347,6125692.1758,1424285.19,0.003401,0.619394,0.775089,0.124811,-0.0002,-0.0006,-0.0001,-3e-05,-0.00452,8e-05,-0.0446,-0.0972,9.8154
1770803071.1915357,1055163.347,6125692.1758,1424285.19,0.003401,0.619394,0.775089,0.124811,-0.0002,-0.0006,-0.0001,0.00012,0.00054,0.00056,-0.0612,-0.0959,9.8125
1770803071.2412398,1055163.347,6125692.1758,1424285.19,0.003401,0.619394,0.775089,0.124811,-0.0002,-0.0006,-0.0001,0.00074,-0.00412,-0.00012,-0.0636,-0.086,9.819
1770803071.2902734,1055163.347,6125692.1758,1424285.19,0.003401,0.619394,0.775089,0.124811,-0.0002,-0.0006,-0.0001,-5e-05,-0.0003,0.00067,-0.0644,-0.0978,9.8074
1770803071.3429708,1055163.347,6125692.1758,1424285.19,0.003401,0.619394,0.775089,0.124811,-0.0002,-0.0006,-0.0001,-0.00022,-0.00151,0.00011,-0.0635,-0.1006,9.8209
1770803071.3926647,1055163.347,6125692.1758,1424285.19,0.003401,0.619394,0.775089,0.124811,-0.0002,-0.0006,-0.0001,0.00248,-0.00244,0.00022,-0.0545,-0.0909,9.8078
1770803071.4398098,1055163.3469,6125692.1758,1424285.19,0.003401,0.619406,0.775076,0.124824,0.0004,-0.0006,0.0,-0.00061,0.00185,0.00063,-0.0496,-0.0928,9.8164
1770803071.489928,1055163.3469,6125692.1758,1424285.19,0.003401,0.619406,0.775076,0.124824,0.0004,-0.0006,0.0,0.00146,-0.00314,0.00029,-0.0465,-0.0965,9.8085
1770803071.5400789,1055163.3469,6125692.1758,1424285.19,0.003401,0.619406,0.775076,0.124824,0.0004,-0.0006,0.0,0.00107,-0.00471,-0.00082,-0.0552,-0.0977,9.8124
1770803071.5906482,1055163.3469,6125692.1758,1424285.19,0.003401,0.619406,0.775076,0.124824,0.0004,-0.0006,0.0,0.00162,-0.00281,-0.00023,-0.0476,-0.0938,9.8177
1770803071.640603,1055163.3469,6125692.1758,1424285.19,0.003401,0.619406,0.775076,0.124824,0.0004,-0.0006,0.0,0.00047,-0.00119,-0.00025,-0.0486,-0.0921,9.8023
1770803071.6984591,1055163.3469,6125692.1758,1424285.19,0.003401,0.619406,0.775076,0.124824,0.0004,-0.0006,0.0,0.00017,0.00075,0.00018,-0.0439,-0.0934,9.8243
1770803071.7465322,1055163.3468,6125692.1758,1424285.1899,0.003446,0.61941,0.77507,0.124843,0.0003,-0.0003,-0.0002,-0.00021,0.00018,0.00043,-0.0355,-0.092,9.801
1770803071.790922,1055163.3468,6125692.1758,1424285.1899,0.003446,0.61941,0.77507,0.124843,0.0003,-0.0003,-0.0002,-0.00157,0.00344,2e-05,-0.0393,-0.0958,9.8151
1770803071.8402185,1055163.3468,6125692.1758,1424285.1899,0.003446,0.61941,0.77507,0.124843,0.0003,-0.0003,-0.0002,-0.00103,0.00474,0.00113,-0.0233,-0.0882,9.8075
1770803071.8910067,1055163.3468,6125692.1758,1424285.1899,0.003446,0.61941,0.77507,0.124843,0.0003,-0.0003,-0.0002,0.00049,0.00062,-0.00016,-0.0141,-0.0969,9.8155
1770803071.9414594,1055163.3468,6125692.1758,1424285.1899,0.003446,0.61941,0.77507,0.124843,0.0003,-0.0003,-0.0002,0.00025,0.00121,0.00038,-0.0128,-0.0967,9.8073
1770803071.9920962,1055163.3466,6125692.1758,1424285.1899,0.003416,0.61942,0.77507,0.124795,0.0003,-0.0004,-0.0,0.00164,-0.00406,-0.00035,-0.0324,-0.0943,9.8152
1770803072.040387,1055163.3466,6125692.1758,1424285.1899,0.003416,0.61942,0.77507,0.124795,0.0003,-0.0004,-0.0,0.00116,-0.00153,-0.00045,-0.0312,-0.089,9.8083
1770803072.0902138,1055163.3466,6125692.1758,1424285.1899,0.003416,0.61942,0.77507,0.124795,0.0003,-0.0004,-0.0,0.0019,-0.00312,-0.00041,-0.0287,-0.0908,9.7987
1770803072.1411016,1055163.3466,6125692.1758,1424285.1899,0.003416,0.61942,0.77507,0.124795,0.0003,-0.0004,-0.0,0.00022,0.00098,0.0004,-0.0386,-0.0833,9.8119
1770803072.192085,1055163.3466,6125692.1758,1424285.1899,0.003416,0.61942,0.77507,0.124795,0.0003,-0.0004,-0.0,0.00177,-0.00432,-0.0009,-0.041,-0.0809,9.8079
1770803072.240506,1055163.3467,6125692.1758,1424285.1899,0.003484,0.619439,0.775043,0.124865,0.0001,-0.0005,0.0001,0.00072,-0.00135,-0.00024,-0.0386,-0.0921,9.8091
1770803072.2909417,1055163.3467,6125692.1758,1424285.1899,0.003484,0.619439,0.775043,0.124865,0.0001,-0.0005,0.0001,0.00117,-0.00085,0.0002,-0.0422,-0.098,9.8072
1770803072.341361,1055163.3467,6125692.1758,1424285.1899,0.003484,0.619439,0.775043,0.124865,0.0001,-0.0005,0.0001,0.00036,-0.00131,-0.00021,-0.0391,-0.0921,9.8113
1770803072.3899982,1055163.3467,6125692.1758,1424285.1899,0.003484,0.619439,0.775043,0.124865,0.0001,-0.0005,0.0001,-0.00156,0.00359,0.0002,-0.0392,-0.0911,9.8078
1770803072.4416971,1055163.3467,6125692.1758,1424285.1899,0.003484,0.619439,0.775043,0.124865,0.0001,-0.0005,0.0001,-0.00199,0.00135,-0.0002,-0.0381,-0.0954,9.8137
1770803072.4901428,1055163.3468,6125692.1758,1424285.1899,0.003485,0.619466,0.775019,0.124882,-0.0003,-0.0006,0.0,-0.00045,0.0005,0.00016,-0.0323,-0.0939,9.8141
1770803072.5432918,1055163.3468,6125692.1758,1424285.1899,0.003485,0.619466,0.775019,0.124882,-0.0003,-0.0006,0.0,-0.00173,0.00249,-0.00045,-0.0322,-0.0937,9.8046
1770803072.5912864,1055163.3468,6125692.1758,1424285.1899,0.003485,0.619466,0.775019,0.124882,-0.0003,-0.0006,0.0,-0.00172,0.00179,0.00029,-0.0214,-0.1001,9.8114
1770803072.6467884,1055163.3468,6125692.1758,1424285.1899,0.003485,0.619466,0.775019,0.124882,-0.0003,-0.0006,0.0,-5e-05,-0.00165,-0.00033,-0.0211,-0.0841,9.6803
1770803072.6915073,1055163.3468,6125692.1758,1424285.1899,0.003485,0.619466,0.775019,0.124882,-0.0003,-0.0006,0.0,-0.00014,-0.00137,-8e-05,-0.0438,-0.0911,9.8298
1770803072.7444067,1055163.347,6125692.1758,1424285.19,0.003387,0.619375,0.775104,0.124808,-0.0001,-0.0002,-0.0001,0.00144,-0.00413,-0.00018,-0.027,-0.1015,9.8246
1770803072.7903352,1055163.347,6125692.1758,1424285.19,0.003387,0.619375,0.775104,0.124808,-0.0001,-0.0002,-0.0001,-0.00058,0.00072,0.00025,-0.0483,-0.1039,9.8117
1770803072.8465328,1055163.347,6125692.1758,1424285.19,0.003387,0.619375,0.775104,0.124808,-0.0001,-0.0002,-0.0001,0.00039,-0.0012,-0.00043,-0.0448,-0.0994,9.8079
1770803072.897463,1055163.347,6125692.1758,1424285.19,0.003387,0.619375,0.775104,0.124808,-0.0001,-0.0002,-0.0001,0.00213,-0.00334,-9e-05,-0.0447,-0.0995,9.8139
1770803072.9485703,1055163.347,6125692.1758,1424285.19,0.003387,0.619375,0.775104,0.124808,-0.0001,-0.0002,-0.0001,0.00056,0.00187,-0.00017,-0.0404,-0.089,9.8029
1770803072.9910934,1055163.347,6125692.1758,1424285.19,0.003387,0.619375,0.775104,0.124808,-0.0001,-0.0002,-0.0001,-8e-05,0.00061,-0.0004,-0.0536,-0.1006,9.8164
1770803073.0411735,1055163.3471,6125692.1758,1424285.19,0.003425,0.619346,0.775116,0.124875,0.0002,-0.0005,-0.0001,-0.00013,0.00219,0.0004,-0.0425,-0.0903,9.8041
1770803073.090095,1055163.3471,6125692.1758,1424285.19,0.003425,0.619346,0.775116,0.124875,0.0002,-0.0005,-0.0001,-0.00023,0.00127,0.00022,-0.0251,-0.0891,9.8079
1770803073.1542327,1055163.3471,6125692.1758,1424285.19,0.003425,0.619346,0.775116,0.124875,0.0002,-0.0005,-0.0001,0.00058,-0.00156,0.00011,-0.0235,-0.0919,9.8107
1770803073.1897407,1055163.3471,6125692.1758,1424285.19,0.003425,0.619346,0.775116,0.124875,0.0002,-0.0005,-0.0001,0.0006,-0.00047,-0.00014,-0.0348,-0.1034,9.806
1770803073.2396848,1055163.3471,6125692.1758,1424285.19,0.003425,0.619346,0.775116,0.124875,0.0002,-0.0005,-0.0001,0.00052,-0.00026,-4e-05,-0.0222,-0.0992,9.8099
1770803073.2917743,1055163.347,6125692.1758,1424285.19,0.003368,0.619339,0.775131,0.124821,0.0002,-0.0005,0.0,-0.00127,0.00211,0.00015,-0.0297,-0.0847,9.7996
1770803073.344373,1055163.347,6125692.1758,1424285.19,0.003368,0.619339,0.775131,0.124821,0.0002,-0.0005,0.0,-0.00038,0.00214,0.00011,-0.0386,-0.0888,9.8058
1770803073.3916736,1055163.347,6125692.1758,1424285.19,0.003368,0.619339,0.775131,0.124821,0.0002,-0.0005,0.0,0.0003,0.00042,0.00024,-0.0286,-0.0999,9.8106
1770803073.4400887,1055163.347,6125692.1758,1424285.19,0.003368,0.619339,0.775131,0.124821,0.0002,-0.0005,0.0,-0.00043,0.00195,0.0003,-0.0433,-0.0974,9.8062
1770803073.4903708,1055163.347,6125692.1758,1424285.19,0.003368,0.619339,0.775131,0.124821,0.0002,-0.0005,0.0,-0.00127,0.00273,-5e-05,-0.0362,-0.0867,9.8196
1770803073.5441697,1055163.347,6125692.1758,1424285.19,0.003368,0.619339,0.775131,0.124821,0.0002,-0.0005,0.0,-0.0014,0.0012,0.00016,-0.0366,-0.091,9.8083
1770803073.5926142,1055163.3519,6125692.1753,1424285.1907,0.003124,0.619278,0.775147,0.12503,0.0101,-0.0003,-0.0011,0.00028,-0.00255,-0.00068,-0.0432,-0.099,9.8171
1770803073.6404974,1055163.3519,6125692.1753,1424285.1907,0.003124,0.619278,0.775147,0.12503,0.0101,-0.0003,-0.0011,-0.00033,0.00073,-0.00027,-0.0422,-0.0954,9.8124
1770803073.6894536,1055163.3519,6125692.1753,1424285.1907,0.003124,0.619278,0.775147,0.12503,0.0101,-0.0003,-0.0011,0.00012,-0.00056,0.00022,-0.0426,-0.096,9.811
1770803073.741681,1055163.3519,6125692.1753,1424285.1907,0.003124,0.619278,0.775147,0.12503,0.0101,-0.0003,-0.0011,-0.00317,0.00512,0.00012,-0.0385,-0.0885,9.8054
1770803073.7898858,1055163.3519,6125692.1753,1424285.1907,0.003124,0.619278,0.775147,0.12503,0.0101,-0.0003,-0.0011,0.00052,0.00091,-0.00029,-0.0294,-0.0968,9.8038
1770803073.8403926,1055163.351,6125692.1754,1424285.1906,0.00295,0.619269,0.775148,0.125074,0.006,-0.0004,-0.0006,6e-05,-0.00116,-6e-05,-0.0195,-0.0951,9.8087
1770803073.8904884,1055163.351,6125692.1754,1424285.1906,0.00295,0.619269,0.775148,0.125074,0.006,-0.0004,-0.0006,-0.00191,0.00406,0.00065,-0.0164,-0.0832,9.813
1770803073.9409049,1055163.351,6125692.1754,1424285.1906,0.00295,0.619269,0.775148,0.125074,0.006,-0.0004,-0.0006,2e-05,0.00113,0.00013,-0.0314,-0.0976,9.8128
1770803073.9902995,1055163.351,6125692.1754,1424285.1906,0.00295,0.619269,0.775148,0.125074,0.006,-0.0004,-0.0006,0.0008,-0.00037,7e-05,-0.0317,-0.0994,9.7972
1770803074.0432265,1055163.351,6125692.1754,1424285.1906,0.00295,0.619269,0.775148,0.125074,0.006,-0.0004,-0.0006,4e-05,0.00035,3e-05,-0.0367,-0.0958,9.8106
1770803074.0927138,1055163.3505,6125692.1754,1424285.1905,0.002938,0.619224,0.775197,0.124993,0.0044,-0.0002,-0.0003,5e-05,-0.00064,0.00029,-0.0296,-0.0925,9.8113
1770803074.1396742,1055163.3505,6125692.1754,1424285.1905,0.002938,0.619224,0.775197,0.124993,0.0044,-0.0002,-0.0003,0.0017,-0.00356,-0.00027,-0.0275,-0.0871,9.7949
1770803074.1902497,1055163.3505,6125692.1754,1424285.1905,0.002938,0.619224,0.775197,0.124993,0.0044,-0.0002,-0.0003,0.0014,-0.00434,-0.00035,-0.0239,-0.0981,9.8086
1770803074.2404125,1055163.3505,6125692.1754,1424285.1905,0.002938,0.619224,0.775197,0.124993,0.0044,-0.0002,-0.0003,-0.00028,0.00152,-7e-05,-0.0268,-0.0898,9.8048
1770803074.2904654,1055163.3505,6125692.1754,1424285.1905,0.002938,0.619224,0.775197,0.124993,0.0044,-0.0002,-0.0003,-2e-05,-0.00262,-4e-05,-0.0389,-0.0935,9.8066
1770803074.3406143,1055163.3505,6125692.1754,1424285.1905,0.002938,0.619224,0.775197,0.124993,0.0044,-0.0002,-0.0003,-0.00072,0.00012,-1e-05,-0.0554,-0.0964,9.81
1770803074.39248,1055163.35,6125692.1754,1424285.1904,0.002975,0.619252,0.775158,0.125093,0.0032,-0.0002,-0.0003,-2e-05,-0.00034,-0.00031,-0.0514,-0.0863,9.798
1770803074.441754,1055163.35,6125692.1754,1424285.1904,0.002975,0.619252,0.775158,0.125093,0.0032,-0.0002,-0.0003,0.00088,-0.00151,-0.00023,-0.0378,-0.0943,9.8022
1770803074.4906743,1055163.35,6125692.1754,1424285.1904,0.002975,0.619252,0.775158,0.125093,0.0032,-0.0002,-0.0003,-0.00037,0.00068,0.0004,-0.0248,-0.1025,9.8115
1770803074.5397842,1055163.35,6125692.1754,1424285.1904,0.002975,0.619252,0.775158,0.125093,0.0032,-0.0002,-0.0003,-0.00129,-0.00011,0.00018,-0.0369,-0.0846,9.8087
1770803074.5897317,1055163.35,6125692.1754,1424285.1904,0.002975,0.619252,0.775158,0.125093,0.0032,-0.0002,-0.0003,-0.00048,0.00137,0.00026,-0.0356,-0.086,9.8019
1770803074.642348,1055163.3497,6125692.1755,1424285.1903,0.002918,0.619256,0.775167,0.125017,0.0022,-0.0003,0.0001,0.00017,-0.00145,-0.00016,-0.0256,-0.1008,9.8111
1770803074.6895711,1055163.3497,6125692.1755,1424285.1903,0.002918,0.619256,0.775167,0.125017,0.0022,-0.0003,0.0001,0.00097,-0.00088,0.00032,-0.0312,-0.0968,9.8117
1770803074.7425392,1055163.3497,6125692.1755,1424285.1903,0.002918,0.619256,0.775167,0.125017,0.0022,-0.0003,0.0001,-0.00074,0.0015,-9e-05,-0.0313,-0.091,9.8091
1770803074.7949946,1055163.3497,6125692.1755,1424285.1903,0.002918,0.619256,0.775167,0.125017,0.0022,-0.0003,0.0001,-0.00172,0.00096,0.0001,-0.0451,-0.0881,9.8106
1770803074.8566332,1055163.3497,6125692.1755,1424285.1903,0.002918,0.619256,0.775167,0.125017,0.0022,-0.0003,0.0001,-0.0001,-0.00105,-0.00013,-0.0375,-0.088,9.8022
1770803074.8950408,1055163.3498,6125692.1754,1424285.1903,0.002967,0.619262,0.775157,0.125046,0.001,-0.0002,0.0001,-0.00087,0.0028,0.00055,-0.0379,-0.0985,9.8128
1770803074.9399455,1055163.3498,6125692.1754,1424285.1903,0.002967,0.619262,0.775157,0.125046,0.001,-0.0002,0.0001,-6e-05,0.001,-0.00036,-0.0335,-0.1014,9.8124
1770803074.9983294,1055163.3498,6125692.1754,1424285.1903,0.002967,0.619262,0.775157,0.125046,0.001,-0.0002,0.0001,-0.00116,0.00201,-0.00018,-0.029,-0.0939,9.814
1770803075.0394623,1055163.3498,6125692.1754,1424285.1903,0.002967,0.619262,0.775157,0.125046,0.001,-0.0002,0.0001,0.00031,-0.0012,-0.00054,-0.0244,-0.0971,9.8023
1770803075.0898664,1055163.3498,6125692.1754,1424285.1903,0.002967,0.619262,0.775157,0.125046,0.001,-0.0002,0.0001,0.00128,-0.00219,-0.00018,-0.0209,-0.1011,9.8129
1770803075.1411314,1055163.3498,6125692.1754,1424285.1903,0.002967,0.619262,0.775157,0.125046,0.001,-0.0002,0.0001,-0.00067,0.00023,0.00028,-0.0306,-0.0973,9.8069
1770803075.1930206,1055163.3503,6125692.1754,1424285.1904,0.003042,0.61925,0.775162,0.125073,-0.0002,-0.0003,0.0001,-0.00057,0.00112,-0.00054,-0.0377,-0.0898,9.8162
1770803075.241196,1055163.3503,6125692.1754,1424285.1904,0.003042,0.61925,0.775162,0.125073,-0.0002,-0.0003,0.0001,0.00119,-0.00233,-0.00046,-0.0417,-0.0907,9.8091
1770803075.2937148,1055163.3503,6125692.1754,1424285.1904,0.003042,0.61925,0.775162,0.125073,-0.0002,-0.0003,0.0001,0.00037,0.00045,-0.00016,-0.0195,-0.0914,9.8107
1770803075.340404,1055163.3503,6125692.1754,1424285.1904,0.003042,0.61925,0.775162,0.125073,-0.0002,-0.0003,0.0001,-0.00226,0.00341,0.0003,-0.0234,-0.0952,9.8141
1770803075.39419,1055163.3503,6125692.1754,1424285.1904,0.003042,0.61925,0.775162,0.125073,-0.0002,-0.0003,0.0001,0.00065,0.00059,-0.00023,-0.0285,-0.0953,9.8127
1770803075.439733,1055163.3515,6125692.1753,1424285.1906,0.002952,0.619246,0.775162,0.125096,-0.0013,-0.0001,0.0004,0.00062,0.00015,-8e-05,-0.0214,-0.1035,9.8152
1770803075.4899359,1055163.3515,6125692.1753,1424285.1906,0.002952,0.619246,0.775162,0.125096,-0.0013,-0.0001,0.0004,-0.00028,0.00209,-0.00013,-0.0305,-0.0903,9.8064
1770803075.5403235,1055163.3515,6125692.1753,1424285.1906,0.002952,0.619246,0.775162,0.125096,-0.0013,-0.0001,0.0004,0.00027,0.0007,-7e-05,-0.0152,-0.0979,9.8005
1770803075.5931714,1055163.3515,6125692.1753,1424285.1906,0.002952,0.619246,0.775162,0.125096,-0.0013,-0.0001,0.0004,-0.00029,0.00261,0.00053,-0.016,-0.0851,9.8046
1770803075.6397867,1055163.3515,6125692.1753,1424285.1906,0.002952,0.619246,0.775162,0.125096,-0.0013,-0.0001,0.0004,-0.00066,0.00341,0.00019,-0.0312,-0.0928,9.8075
1770803075.6917415,1055163.3515,6125692.1753,1424285.1906,0.002952,0.619246,0.775162,0.125096,-0.0013,-0.0001,0.0004,-0.00053,0.00089,-1e-05,-0.044,-0.0958,9.7987
1770803075.74095,1055163.3524,6125692.1752,1424285.1907,0.002989,0.619235,0.775156,0.125191,-0.0006,-0.0001,-0.0001,0.0012,-0.00212,-0.0006,-0.0559,-0.0864,9.8109
1770803075.793011,1055163.3524,6125692.1752,1424285.1907,0.002989,0.619235,0.775156,0.125191,-0.0006,-0.0001,-0.0001,-0.00098,0.00335,0.00023,-0.0392,-0.096,9.8185
1770803075.8404593,1055163.3524,6125692.1752,1424285.1907,0.002989,0.619235,0.775156,0.125191,-0.0006,-0.0001,-0.0001,0.00052,0.00335,0.00055,-0.0311,-0.0963,9.8051
1770803075.8903017,1055163.3524,6125692.1752,1424285.1907,0.002989,0.619235,0.775156,0.125191,-0.0006,-0.0001,-0.0001,0.00021,0.00207,0.0005,-0.0265,-0.091,9.8042
1770803075.943836,1055163.3524,6125692.1752,1424285.1907,0.002989,0.619235,0.775156,0.125191,-0.0006,-0.0001,-0.0001,-0.00086,0.00037,-0.00022,-0.0249,-0.0866,9.7928
1770803075.9916403,1055163.3526,6125692.1751,1424285.1908,0.002931,0.619246,0.775169,0.125057,0.0006,-0.0005,0.0001,0.00111,-0.00126,8e-05,-0.034,-0.1014,9.8173
1770803076.0404613,1055163.3526,6125692.1751,1424285.1908,0.002931,0.619246,0.775169,0.125057,0.0006,-0.0005,0.0001,-0.00073,0.00158,0.00024,-0.0296,-0.0898,9.7962
1770803076.0918071,1055163.3526,6125692.1751,1424285.1908,0.002931,0.619246,0.775169,0.125057,0.0006,-0.0005,0.0001,-0.00136,0.00333,0.00022,-0.0425,-0.0936,9.8096
1770803076.1400812,1055163.3526,6125692.1751,1424285.1908,0.002931,0.619246,0.775169,0.125057,0.0006,-0.0005,0.0001,0.00111,-0.00178,0.00035,-0.0311,-0.0911,9.8048
1770803076.1924243,1055163.3526,6125692.1751,1424285.1908,0.002931,0.619246,0.775169,0.125057,0.0006,-0.0005,0.0001,-0.00077,0.00024,-0.00047,-0.0426,-0.0905,9.8092
1770803076.2413397,1055163.3526,6125692.1751,1424285.1908,0.002931,0.619246,0.775169,0.125057,0.0006,-0.0005,0.0001,-0.0015,0.00233,6e-05,-0.0354,-0.1024,9.8139
1770803076.291623,1055163.3521,6125692.1752,1424285.1907,0.002928,0.619242,0.77518,0.125009,0.002,-0.0002,-0.0002,-0.00028,-0.00062,-0.00053,-0.0347,-0.0972,9.8004
1770803076.3402116,1055163.3521,6125692.1752,1424285.1907,0.002928,0.619242,0.77518,0.125009,0.002,-0.0002,-0.0002,0.00199,-0.00149,-0.00045,-0.0331,-0.0857,9.8263
1770803076.3922627,1055163.3521,6125692.1752,1424285.1907,0.002928,0.619242,0.77518,0.125009,0.002,-0.0002,-0.0002,0.00019,-0.00156,-0.00031,-0.0338,-0.0866,9.8144
1770803076.441376,1055163.3521,6125692.1752,1424285.1907,0.002928,0.619242,0.77518,0.125009,0.002,-0.0002,-0.0002,0.001,-0.00065,-0.00026,-0.0423,-0.1038,9.8109
1770803076.4898677,1055163.3521,6125692.1752,1424285.1907,0.002928,0.619242,0.77518,0.125009,0.002,-0.0002,-0.0002,-0.00119,0.00141,-9e-05,-0.0351,-0.096,9.8176
1770803076.5409977,1055163.3516,6125692.1752,1424285.1906,0.002932,0.61928,0.775152,0.124989,0.0022,-0.0002,-0.0002,-0.00083,-0.00044,-0.00032,-0.037,-0.0881,9.8013
1770803076.5920866,1055163.3516,6125692.1752,1424285.1906,0.002932,0.61928,0.775152,0.124989,0.0022,-0.0002,-0.0002,0.00051,-0.0013,0.00055,-0.0341,-0.0925,9.8086
1770803076.6432269,1055163.3516,6125692.1752,1424285.1906,0.002932,0.61928,0.775152,0.124989,0.0022,-0.0002,-0.0002,0.00097,-0.00133,-0.00049,-0.0302,-0.0981,9.7956
1770803076.6926796,1055163.3516,6125692.1752,1424285.1906,0.002932,0.61928,0.775152,0.124989,0.0022,-0.0002,-0.0002,-0.00038,0.00157,0.00041,-0.0357,-0.0903,9.8109
1770803076.74345,1055163.3516,6125692.1752,1424285.1906,0.002932,0.61928,0.775152,0.124989,0.0022,-0.0002,-0.0002,0.00058,-0.00051,-9e-05,-0.0336,-0.0877,9.8099
1770803076.790864,1055163.3514,6125692.1752,1424285.1905,0.002916,0.619276,0.775155,0.124995,0.0019,-0.0002,-0.0004,0.00242,-0.00129,-7e-05,-0.0361,-0.095,9.8168
1770803076.8406804,1055163.3514,6125692.1752,1424285.1905,0.002916,0.619276,0.775155,0.124995,0.0019,-0.0002,-0.0004,0.00071,0.00073,-5e-05,-0.0245,-0.0773,9.8304
1770803076.8916276,1055163.3514,6125692.1752,1424285.1905,0.002916,0.619276,0.775155,0.124995,0.0019,-0.0002,-0.0004,0.00025,-0.00138,-0.00012,-0.0309,-0.0853,9.8092
1770803076.9426882,1055163.3514,6125692.1752,1424285.1905,0.002916,0.619276,0.775155,0.124995,0.0019,-0.0002,-0.0004,-0.00035,-0.00133,-0.00036,-0.0328,-0.0977,9.8124
1770803076.9914067,1055163.3514,6125692.1752,1424285.1905,0.002916,0.619276,0.775155,0.124995,0.0019,-0.0002,-0.0004,0.00217,-0.00309,0.00064,-0.0352,-0.1012,9.8141
1770803077.0494072,1055163.3514,6125692.1752,1424285.1905,0.002916,0.619276,0.775155,0.124995,0.0019,-0.0002,-0.0004,-0.00078,0.00295,0.00047,-0.0309,-0.0926,9.806
1770803077.0906024,1055163.3512,6125692.1753,1424285.1905,0.002976,0.619313,0.77512,0.125026,0.0015,-0.0003,0.0,-0.00093,-0.00034,-0.00065,-0.0328,-0.0923,9.8161
1770803077.1489255,1055163.3512,6125692.1753,1424285.1905,0.002976,0.619313,0.77512,0.125026,0.0015,-0.0003,0.0,0.00051,0.00103,0.00017,-0.0504,-0.099,9.8178
1770803077.1934407,1055163.3512,6125692.1753,1424285.1905,0.002976,0.619313,0.77512,0.125026,0.0015,-0.0003,0.0,0.00052,0.00035,8e-05,-0.0506,-0.1013,9.8133
1770803077.2397096,1055163.3512,6125692.1753,1424285.1905,0.002976,0.619313,0.77512,0.125026,0.0015,-0.0003,0.0,-5e-05,-0.00121,0.0004,-0.0596,-0.1001,9.8184
1770803077.2906702,1055163.3512,6125692.1753,1424285.1905,0.002976,0.619313,0.77512,0.125026,0.0015,-0.0003,0.0,0.00023,-0.00147,-7e-05,-0.0465,-0.0934,9.8067
1770803077.3458583,1055163.3511,6125692.1753,1424285.1905,0.002959,0.619306,0.775132,0.124988,0.0016,-0.0003,-0.0001,-4e-05,0.00159,0.00039,-0.0494,-0.0945,9.8177
1770803077.3940036,1055163.3511,6125692.1753,1424285.1905,0.002959,0.619306,0.775132,0.124988,0.0016,-0.0003,-0.0001,-0.00141,0.00295,0.0002,-0.0471,-0.1041,9.8068
1770803077.4469543,1055163.3511,6125692.1753,1424285.1905,0.002959,0.619306,0.775132,0.124988,0.0016,-0.0003,-0.0001,0.00016,0.0009,0.00049,-0.0396,-0.0964,9.8157
1770803077.4902537,1055163.3511,6125692.1753,1424285.1905,0.002959,0.619306,0.775132,0.124988,0.0016,-0.0003,-0.0001,0.00136,-0.00245,-0.00016,-0.0422,-0.087,9.806
1770803077.5445933,1055163.3511,6125692.1753,1424285.1905,0.002959,0.619306,0.775132,0.124988,0.0016,-0.0003,-0.0001,0.00141,-0.00425,-0.00076,-0.0442,-0.0942,9.8106
1770803077.5913515,1055163.3509,6125692.1753,1424285.1904,0.002951,0.619292,0.775152,0.124933,0.0016,-0.0004,-0.0001,0.00081,-0.00078,-0.00059,-0.0448,-0.0923,9.8063
1770803077.6465435,1055163.3509,6125692.1753,1424285.1904,0.002951,0.619292,0.775152,0.124933,0.0016,-0.0004,-0.0001,-0.00028,-0.00035,-0.00026,-0.0464,-0.0909,9.8087
1770803077.6919873,1055163.3509,6125692.1753,1424285.1904,0.002951,0.619292,0.775152,0.124933,0.0016,-0.0004,-0.0001,0.00033,0.00042,9e-05,-0.0454,-0.0973,9.8083
1770803077.742087,1055163.3509,6125692.1753,1424285.1904,0.002951,0.619292,0.775152,0.124933,0.0016,-0.0004,-0.0001,0.0009,-0.00346,-0.00033,-0.0457,-0.0981,9.8123
1770803077.7922072,1055163.3509,6125692.1753,1424285.1904,0.002951,0.619292,0.775152,0.124933,0.0016,-0.0004,-0.0001,0.00088,-8e-05,-2e-05,-0.0397,-0.0968,9.8098
1770803077.8402684,1055163.3509,6125692.1753,1424285.1904,0.002951,0.619292,0.775152,0.124933,0.0016,-0.0004,-0.0001,2e-05,-0.00127,-0.00101,-0.0416,-0.0985,9.8154
1770803077.8925874,1055163.3509,6125692.1753,1424285.1904,0.003003,0.619318,0.775118,0.12501,0.0015,-0.0004,-0.0004,0.00052,-0.00085,7e-05,-0.0358,-0.0848,9.8059
1770803077.940698,1055163.3509,6125692.1753,1424285.1904,0.003003,0.619318,0.775118,0.12501,0.0015,-0.0004,-0.0004,-0.00151,0.00057,-0.00014,-0.0374,-0.0968,9.8121
1770803077.9901264,1055163.3509,6125692.1753,1424285.1904,0.003003,0.619318,0.775118,0.12501,0.0015,-0.0004,-0.0004,-0.00268,0.00355,0.00035,-0.0437,-0.0894,9.8179
1770803078.0404665,1055163.3509,6125692.1753,1424285.1904,0.003003,0.619318,0.775118,0.12501,0.0015,-0.0004,-0.0004,0.00081,-0.00052,0.00027,-0.0456,-0.0926,9.8127
1770803078.0898225,1055163.3509,6125692.1753,1424285.1904,0.003003,0.619318,0.775118,0.12501,0.0015,-0.0004,-0.0004,-8e-05,0.00082,0.00036,-0.0344,-0.0931,9.8112
1770803078.1404326,1055163.3511,6125692.1753,1424285.1905,0.003002,0.619298,0.775131,0.125032,0.0011,-0.0003,-0.0001,0.00038,-0.00058,0.00035,-0.0235,-0.1027,9.7984
1770803078.1969547,1055163.3511,6125692.1753,1424285.1905,0.003002,0.619298,0.775131,0.125032,0.0011,-0.0003,-0.0001,-0.00039,-0.00122,9e-05,-0.0377,-0.1014,9.8164
1770803078.2452922,1055163.3511,6125692.1753,1424285.1905,0.003002,0.619298,0.775131,0.125032,0.0011,-0.0003,-0.0001,-0.00033,0.00177,4e-05,-0.0299,-0.0922,9.811
1770803078.2967098,1055163.3511,6125692.1753,1424285.1905,0.003002,0.619298,0.775131,0.125032,0.0011,-0.0003,-0.0001,-0.00211,0.00151,-3e-05,-0.0401,-0.0965,9.8112
1770803078.3407097,1055163.3511,6125692.1753,1424285.1905,0.003002,0.619298,0.775131,0.125032,0.0011,-0.0003,-0.0001,-0.00102,0.00146,0.00049,-0.0342,-0.101,9.8047
1770803078.395241,1055163.3511,6125692.1753,1424285.1905,0.003002,0.619298,0.775131,0.125032,0.0011,-0.0003,-0.0001,0.00188,-0.00388,-0.00049,-0.0329,-0.0987,9.8109
1770803078.4398866,1055163.3513,6125692.1752,1424285.1905,0.003044,0.619307,0.775125,0.125026,0.0014,-0.0005,-0.0002,0.0007,0.00026,0.00017,-0.0468,-0.087,9.8178
1770803078.4915905,1055163.3513,6125692.1752,1424285.1905,0.003044,0.619307,0.775125,0.125026,0.0014,-0.0005,-0.0002,0.0001,0.00085,0.00029,-0.0301,-0.1002,9.8035
1770803078.5425715,1055163.3513,6125692.1752,1424285.1905,0.003044,0.619307,0.775125,0.125026,0.0014,-0.0005,-0.0002,-0.00202,0.00317,0.00043,-0.0362,-0.0973,9.8165
1770803078.5961072,1055163.3513,6125692.1752,1424285.1905,0.003044,0.619307,0.775125,0.125026,0.0014,-0.0005,-0.0002,-0.00057,-0.00026,-4e-05,-0.0353,-0.0918,9.8132
1770803078.6444526,1055163.3513,6125692.1752,1424285.1905,0.003044,0.619307,0.775125,0.125026,0.0014,-0.0005,-0.0002,0.00112,-0.00088,-0.0003,-0.0343,-0.0918,9.8124
1770803078.6948972,1055163.3514,6125692.1752,1424285.1905,0.00302,0.619315,0.775125,0.124984,0.0014,-0.0005,0.0001,0.00014,-0.00117,6e-05,-0.0338,-0.098,9.8267
1770803078.7432783,1055163.3514,6125692.1752,1424285.1905,0.00302,0.619315,0.775125,0.124984,0.0014,-0.0005,0.0001,-0.00053,0.00222,6e-05,-0.038,-0.092,9.8112
1770803078.7901855,1055163.3514,6125692.1752,1424285.1905,0.00302,0.619315,0.775125,0.124984,0.0014,-0.0005,0.0001,-0.00069,0.00123,0.00024,-0.0339,-0.0922,9.8102
1770803078.8416667,1055163.3514,6125692.1752,1424285.1905,0.00302,0.619315,0.775125,0.124984,0.0014,-0.0005,0.0001,-0.0002,0.00074,0.00026,-0.0358,-0.0986,9.8116
1770803078.8952975,1055163.3514,6125692.1752,1424285.1905,0.00302,0.619315,0.775125,0.124984,0.0014,-0.0005,0.0001,0.00083,-0.00282,0.0001,-0.0359,-0.0959,9.8047
1770803078.9405453,1055163.3517,6125692.1752,1424285.1905,0.003014,0.619318,0.775122,0.12499,0.0013,-0.0001,0.0001,0.00121,-0.00311,-0.00014,-0.0375,-0.0866,9.81
1770803078.9931645,1055163.3517,6125692.1752,1424285.1905,0.003014,0.619318,0.775122,0.12499,0.0013,-0.0001,0.0001,-0.00054,0.00073,-0.0001,-0.0474,-0.1018,9.785
1770803079.044187,1055163.3517,6125692.1752,1424285.1905,0.003014,0.619318,0.775122,0.12499,0.0013,-0.0001,0.0001,0.00065,-0.00068,5e-05,-0.0379,-0.0967,9.817
1770803079.0940418,1055163.3517,6125692.1752,1424285.1905,0.003014,0.619318,0.775122,0.12499,0.0013,-0.0001,0.0001,-0.00321,0.00671,0.00037,-0.0331,-0.0988,9.8072
1770803079.1417072,1055163.3517,6125692.1752,1424285.1905,0.003014,0.619318,0.775122,0.12499,0.0013,-0.0001,0.0001,-0.00032,-0.00046,-0.00028,-0.0333,-0.0913,9.8008
1770803079.1968486,1055163.3519,6125692.1752,1424285.1906,0.00306,0.619332,0.775106,0.125019,0.0004,-0.0005,0.0001,0.00106,-0.00299,0.00023,-0.0292,-0.0983,9.8132
1770803079.2433124,1055163.3519,6125692.1752,1424285.1906,0.00306,0.619332,0.775106,0.125019,0.0004,-0.0005,0.0001,0.00161,-0.00155,-0.00017,-0.0354,-0.1037,9.8153
1770803079.29866,1055163.3519,6125692.1752,1424285.1906,0.00306,0.619332,0.775106,0.125019,0.0004,-0.0005,0.0001,-0.00036,0.00016,0.0001,-0.0284,-0.0912,9.8081
1770803079.343407,1055163.3519,6125692.1752,1424285.1906,0.00306,0.619332,0.775106,0.125019,0.0004,-0.0005,0.0001,0.00067,0.00015,0.00039,-0.0194,-0.1036,9.7989
1770803079.3968217,1055163.3519,6125692.1752,1424285.1906,0.00306,0.619332,0.775106,0.125019,0.0004,-0.0005,0.0001,-0.00044,0.00216,0.00061,-0.0182,-0.0953,9.803
1770803079.4409986,1055163.3519,6125692.1752,1424285.1906,0.00306,0.619332,0.775106,0.125019,0.0004,-0.0005,0.0001,0.00101,0.00024,-0.00033,-0.0356,-0.0942,9.8055
1770803079.492652,1055163.352,6125692.1752,1424285.1906,0.003064,0.619354,0.775085,0.125039,0.0006,-0.0005,0.0,-0.00153,0.00164,-0.00016,-0.0254,-0.0946,9.8054
1770803079.5408292,1055163.352,6125692.1752,1424285.1906,0.003064,0.619354,0.775085,0.125039,0.0006,-0.0005,0.0,0.00096,-0.00364,-0.00085,-0.0332,-0.0888,9.8116
1770803079.5924778,1055163.352,6125692.1752,1424285.1906,0.003064,0.619354,0.775085,0.125039,0.0006,-0.0005,0.0,0.00123,-0.00209,-0.0,-0.0335,-0.0869,9.8
1770803079.6416776,1055163.352,6125692.1752,1424285.1906,0.003064,0.619354,0.775085,0.125039,0.0006,-0.0005,0.0,-0.00043,0.00177,0.00037,-0.0438,-0.094,9.8057
1770803079.6919825,1055163.352,6125692.1752,1424285.1906,0.003064,0.619354,0.775085,0.125039,0.0006,-0.0005,0.0,0.00048,-0.0019,0.00039,-0.0417,-0.0884,9.8212
1770803079.7417982,1055163.352,6125692.1752,1424285.1906,0.003064,0.619354,0.775085,0.125039,0.0006,-0.0005,0.0,0.00056,-0.00261,-0.0001,-0.0396,-0.0861,9.8041
1770803079.7903602,1055163.352,6125692.1752,1424285.1906,0.00307,0.619351,0.775083,0.125067,0.001,-0.0005,0.0001,0.00159,-0.00244,-4e-05,-0.0357,-0.0887,9.8092
1770803079.8412628,1055163.352,6125692.1752,1424285.1906,0.00307,0.619351,0.775083,0.125067,0.001,-0.0005,0.0001,-0.00081,0.00208,0.00016,-0.0331,-0.0974,9.8141
1770803079.8915515,1055163.352,6125692.1752,1424285.1906,0.00307,0.619351,0.775083,0.125067,0.001,-0.0005,0.0001,-0.00115,0.00187,0.00043,-0.0341,-0.0959,9.81
1770803079.940281,1055163.352,6125692.1752,1424285.1906,0.00307,0.619351,0.775083,0.125067,0.001,-0.0005,0.0001,-0.0001,-0.00067,-0.00014,-0.0297,-0.0967,9.8121
1770803079.9918795,1055163.352,6125692.1752,1424285.1906,0.00307,0.619351,0.775083,0.125067,0.001,-0.0005,0.0001,-0.00062,0.00037,0.0002,-0.0382,-0.0918,9.8045
1770803080.0420852,1055163.3519,6125692.1752,1424285.1906,0.003045,0.619344,0.775094,0.125031,0.0012,-0.0005,0.0,0.00099,-0.00081,-6e-05,-0.0331,-0.0926,9.8094
1770803080.0912976,1055163.3519,6125692.1752,1424285.1906,0.003045,0.619344,0.775094,0.125031,0.0012,-0.0005,0.0,0.00098,0.0004,0.00035,-0.0428,-0.0928,9.812
1770803080.1410072,1055163.3519,6125692.1752,1424285.1906,0.003045,0.619344,0.775094,0.125031,0.0012,-0.0005,0.0,0.00063,-0.00251,-0.00067,-0.0342,-0.0945,9.8055
1770803080.195524,1055163.3519,6125692.1752,1424285.1906,0.003045,0.619344,0.775094,0.125031,0.0012,-0.0005,0.0,-0.0007,0.00073,0.00012,-0.0346,-0.0978,9.8111
1770803080.2419894,1055163.3519,6125692.1752,1424285.1906,0.003045,0.619344,0.775094,0.125031,0.0012,-0.0005,0.0,-0.00063,6e-05,-0.00037,-0.0372,-0.0904,9.8048
1770803080.2902513,1055163.3517,6125692.1752,1424285.1905,0.003001,0.619357,0.77509,0.124993,0.0013,-0.0005,-0.0001,-0.00071,0.00445,0.00027,-0.0394,-0.0934,9.8132
1770803080.3415682,1055163.3517,6125692.1752,1424285.1905,0.003001,0.619357,0.77509,0.124993,0.0013,-0.0005,-0.0001,0.00079,-0.00049,0.00016,-0.0436,-0.0947,9.8165
1770803080.3901615,1055163.3517,6125692.1752,1424285.1905,0.003001,0.619357,0.77509,0.124993,0.0013,-0.0005,-0.0001,0.00082,0.00125,7e-05,-0.0501,-0.089,9.8198
1770803080.440928,1055163.3517,6125692.1752,1424285.1905,0.003001,0.619357,0.77509,0.124993,0.0013,-0.0005,-0.0001,-0.00139,0.00406,0.00035,-0.0278,-0.0944,9.806
1770803080.4908848,1055163.3517,6125692.1752,1424285.1905,0.003001,0.619357,0.77509,0.124993,0.0013,-0.0005,-0.0001,0.00096,-0.00155,-0.0,-0.0302,-0.0933,9.8097
1770803080.5404322,1055163.3517,6125692.1752,1424285.1905,0.003001,0.619357,0.77509,0.124993,0.0013,-0.0005,-0.0001,-0.00132,0.00208,-0.0003,-0.0161,-0.0947,9.8074
1770803080.5955875,1055163.3516,6125692.1752,1424285.1905,0.002926,0.619342,0.775113,0.124925,0.0012,-0.0003,0.0002,0.00067,-0.00131,-0.00024,-0.0301,-0.087,9.8126
1770803080.6466227,1055163.3516,6125692.1752,1424285.1905,0.002926,0.619342,0.775113,0.124925,0.0012,-0.0003,0.0002,-0.00017,-0.00174,-0.00025,-0.0392,-0.0877,9.8059
1770803080.690094,1055163.3516,6125692.1752,1424285.1905,0.002926,0.619342,0.775113,0.124925,0.0012,-0.0003,0.0002,-0.00071,0.00084,0.00034,-0.0339,-0.0904,9.8107
1770803080.7416158,1055163.3516,6125692.1752,1424285.1905,0.002926,0.619342,0.775113,0.124925,0.0012,-0.0003,0.0002,-0.00109,0.00154,5e-05,-0.0323,-0.0982,9.8126
1770803080.7906086,1055163.3516,6125692.1752,1424285.1905,0.002926,0.619342,0.775113,0.124925,0.0012,-0.0003,0.0002,-0.00023,0.00066,-0.00023,-0.0347,-0.1035,9.8041
1770803080.8445654,1055163.3515,6125692.1752,1424285.1905,0.002969,0.619331,0.77511,0.125,0.002,-0.0003,-0.0001,0.00106,-0.00207,-0.00042,-0.0404,-0.093,9.8141
1770803080.8914135,1055163.3515,6125692.1752,1424285.1905,0.002969,0.619331,0.77511,0.125,0.002,-0.0003,-0.0001,-0.00102,0.00173,0.0001,-0.0389,-0.0855,9.8043
1770803080.9409864,1055163.3515,6125692.1752,1424285.1905,0.002969,0.619331,0.77511,0.125,0.002,-0.0003,-0.0001,8e-05,0.00154,-0.00031,-0.0282,-0.0888,9.8101
1770803080.9934375,1055163.3515,6125692.1752,1424285.1905,0.002969,0.619331,0.77511,0.125,0.002,-0.0003,-0.0001,0.00062,-0.00139,-0.00096,-0.0235,-0.0906,9.8079
1770803081.0475886,1055163.3515,6125692.1752,1424285.1905,0.002969,0.619331,0.77511,0.125,0.002,-0.0003,-0.0001,0.00046,0.00255,0.00014,-0.0248,-0.0901,9.8059
1770803081.0912795,1055163.3515,6125692.1752,1424285.1905,0.002969,0.619331,0.77511,0.125,0.002,-0.0003,-0.0001,-0.00015,-0.00073,-0.00018,-0.0277,-0.091,9.8066
1770803081.1406343,1055163.3515,6125692.1752,1424285.1905,0.002943,0.6193,0.775132,0.125017,0.0017,-0.0002,-0.0001,0.00096,-0.00142,-0.00051,-0.0249,-0.096,9.8072
1770803081.1928172,1055163.3515,6125692.1752,1424285.1905,0.002943,0.6193,0.775132,0.125017,0.0017,-0.0002,-0.0001,0.00057,-0.00283,-0.00039,-0.0332,-0.111,9.8137
1770803081.2440817,1055163.3515,6125692.1752,1424285.1905,0.002943,0.6193,0.775132,0.125017,0.0017,-0.0002,-0.0001,0.00131,-0.00097,0.00016,-0.0299,-0.1021,9.811
1770803081.2917879,1055163.3515,6125692.1752,1424285.1905,0.002943,0.6193,0.775132,0.125017,0.0017,-0.0002,-0.0001,-0.00148,0.00062,-4e-05,-0.056,-0.092,9.8189
1770803081.3481157,1055163.3515,6125692.1752,1424285.1905,0.002943,0.6193,0.775132,0.125017,0.0017,-0.0002,-0.0001,0.00136,0.00098,0.00054,-0.0455,-0.0843,9.7998
1770803081.3927908,1055163.3513,6125692.1752,1424285.1905,0.002987,0.619319,0.775114,0.125037,0.0021,-0.0006,0.0001,0.00121,0.00025,0.00034,-0.0476,-0.0873,9.8134
1770803081.4494596,1055163.3513,6125692.1752,1424285.1905,0.002987,0.619319,0.775114,0.125037,0.0021,-0.0006,0.0001,-0.00069,0.00232,0.00032,-0.0252,-0.1143,9.8102
1770803081.4905553,1055163.3513,6125692.1752,1424285.1905,0.002987,0.619319,0.775114,0.125037,0.0021,-0.0006,0.0001,0.00041,-0.0017,-0.00081,-0.0341,-0.0984,9.8081
1770803081.542043,1055163.3513,6125692.1752,1424285.1905,0.002987,0.619319,0.775114,0.125037,0.0021,-0.0006,0.0001,0.00019,0.00045,-0.00045,-0.0191,-0.0811,9.7958
1770803081.5910375,1055163.3513,6125692.1752,1424285.1905,0.002987,0.619319,0.775114,0.125037,0.0021,-0.0006,0.0001,-0.00011,0.0012,-0.00035,-0.029,-0.0911,9.8139
1770803081.6433392,1055163.3511,6125692.1753,1424285.1904,0.003005,0.619336,0.775102,0.125024,0.0015,-0.0007,-0.0001,0.00044,-0.00032,0.00013,-0.0225,-0.1015,9.8234
1770803081.6907482,1055163.3511,6125692.1753,1424285.1904,0.003005,0.619336,0.775102,0.125024,0.0015,-0.0007,-0.0001,-0.00096,0.00085,-9e-05,-0.0356,-0.0975,9.8004
1770803081.7407663,1055163.3511,6125692.1753,1424285.1904,0.003005,0.619336,0.775102,0.125024,0.0015,-0.0007,-0.0001,-0.00029,0.00115,0.00043,-0.0194,-0.0918,9.809
1770803081.7917576,1055163.3511,6125692.1753,1424285.1904,0.003005,0.619336,0.775102,0.125024,0.0015,-0.0007,-0.0001,0.00074,-0.00018,-0.00029,-0.0236,-0.1006,9.8116
1770803081.840183,1055163.3511,6125692.1753,1424285.1904,0.003005,0.619336,0.775102,0.125024,0.0015,-0.0007,-0.0001,0.00044,-0.00102,0.00015,-0.0357,-0.0928,9.8102
1770803081.889692,1055163.3511,6125692.1753,1424285.1904,0.003005,0.619336,0.775102,0.125024,0.0015,-0.0007,-0.0001,5e-05,-0.00153,0.00012,-0.0352,-0.0843,9.8059
1770803081.9399252,1055163.3512,6125692.1753,1424285.1904,0.003016,0.619351,0.775094,0.125,0.0009,-0.0007,0.0001,-0.0002,-0.00312,-0.00035,-0.0514,-0.0922,9.8155
1770803081.9914384,1055163.3512,6125692.1753,1424285.1904,0.003016,0.619351,0.775094,0.125,0.0009,-0.0007,0.0001,-0.00037,-0.00094,5e-05,-0.06,-0.0975,9.8057
1770803082.0403147,1055163.3512,6125692.1753,1424285.1904,0.003016,0.619351,0.775094,0.125,0.0009,-0.0007,0.0001,0.00151,-0.00342,-0.00047,-0.0436,-0.0966,9.8187
1770803082.091887,1055163.3512,6125692.1753,1424285.1904,0.003016,0.619351,0.775094,0.125,0.0009,-0.0007,0.0001,0.00128,-0.00389,0.00016,-0.0357,-0.0913,9.8113
1770803082.1399188,1055163.3512,6125692.1753,1424285.1904,0.003016,0.619351,0.775094,0.125,0.0009,-0.0007,0.0001,0.00063,-0.00059,-0.00023,-0.0486,-0.0936,9.8042
1770803082.1906424,1055163.3513,6125692.1752,1424285.1905,0.003047,0.619354,0.775087,0.125025,0.0018,-0.0002,-0.0001,0.00059,-0.00118,-0.00012,-0.0389,-0.0889,9.8096
1770803082.24026,1055163.3513,6125692.1752,1424285.1905,0.003047,0.619354,0.775087,0.125025,0.0018,-0.0002,-0.0001,-0.00154,0.00172,-3e-05,-0.0329,-0.0921,9.8064
1770803082.294188,1055163.3513,6125692.1752,1424285.1905,0.003047,0.619354,0.775087,0.125025,0.0018,-0.0002,-0.0001,0.00067,0.00031,9e-05,-0.0198,-0.0833,9.8088
1770803082.3418217,1055163.3513,6125692.1752,1424285.1905,0.003047,0.619354,0.775087,0.125025,0.0018,-0.0002,-0.0001,-0.00081,0.00112,-0.00021,-0.0247,-0.0821,9.8049
1770803082.3916774,1055163.3513,6125692.1752,1424285.1905,0.003047,0.619354,0.775087,0.125025,0.0018,-0.0002,-0.0001,9e-05,-0.00123,0.00021,-0.0165,-0.094,9.8128
1770803082.440408,1055163.3513,6125692.1752,1424285.1905,0.003136,0.619377,0.775059,0.12508,0.0012,-0.0004,-0.0,-0.00145,0.00054,-0.00022,-0.0368,-0.0964,9.8057
1770803082.4901304,1055163.3513,6125692.1752,1424285.1905,0.003136,0.619377,0.775059,0.12508,0.0012,-0.0004,-0.0,-0.00152,0.00293,-1e-05,-0.0454,-0.0938,9.8174
1770803082.5403268,1055163.3513,6125692.1752,1424285.1905,0.003136,0.619377,0.775059,0.12508,0.0012,-0.0004,-0.0,-0.00072,0.00384,-0.00016,-0.0199,-0.0987,9.8097
1770803082.5906065,1055163.3513,6125692.1752,1424285.1905,0.003136,0.619377,0.775059,0.12508,0.0012,-0.0004,-0.0,-0.00189,0.00444,0.00017,-0.0243,-0.1023,9.8092
1770803082.64173,1055163.3513,6125692.1752,1424285.1905,0.003136,0.619377,0.775059,0.12508,0.0012,-0.0004,-0.0,0.00162,-0.00388,-0.00035,-0.0375,-0.1028,9.8094
1770803082.69376,1055163.3513,6125692.1752,1424285.1905,0.003136,0.619377,0.775059,0.12508,0.0012,-0.0004,-0.0,-0.00052,0.00178,0.00018,-0.0443,-0.1021,9.8151
1770803082.7438462,1055163.3513,6125692.1752,1424285.1905,0.003136,0.619377,0.775059,0.12508,0.0012,-0.0004,-0.0,0.00022,-0.00046,-1e-05,-0.0409,-0.0839,9.8045
1770803082.7925415,1055163.3513,6125692.1752,1424285.1905,0.003136,0.619377,0.775059,0.12508,0.0012,-0.0004,-0.0,0.00071,-0.00086,-7e-05,-0.0712,-0.0886,9.8018
1770803082.8404717,1055163.3512,6125692.1753,1424285.1904,0.003032,0.619304,0.775128,0.125019,0.0015,-0.0005,0.0,3e-05,0.00176,0.00014,-0.062,-0.0844,9.808
1770803082.8912365,1055163.3512,6125692.1753,1424285.1904,0.003032,0.619304,0.775128,0.125019,0.0015,-0.0005,0.0,-3e-05,0.0022,0.00015,-0.0491,-0.0904,9.8073
1770803082.9409075,1055163.3512,6125692.1753,1424285.1904,0.003032,0.619304,0.775128,0.125019,0.0015,-0.0005,0.0,-0.00066,0.00352,6e-05,-0.0161,-0.0975,9.814
1770803082.9931417,1055163.3513,6125692.1752,1424285.1905,0.003068,0.619299,0.775123,0.125072,0.0007,-0.0003,-0.0003,-0.00181,0.00361,-0.00032,-0.0238,-0.0821,9.803
1770803083.0398746,1055163.3513,6125692.1752,1424285.1905,0.003068,0.619299,0.775123,0.125072,0.0007,-0.0003,-0.0003,0.00174,-0.00054,0.00017,-0.0328,-0.0947,9.8139
1770803083.0900202,1055163.3513,6125692.1752,1424285.1905,0.003068,0.619299,0.775123,0.125072,0.0007,-0.0003,-0.0003,0.00259,-0.00145,-6e-05,-0.0294,-0.0959,9.8071
1770803083.1411333,1055163.3513,6125692.1752,1424285.1905,0.003068,0.619299,0.775123,0.125072,0.0007,-0.0003,-0.0003,-0.00029,0.00281,0.0003,-0.0416,-0.095,9.8086
1770803083.1912518,1055163.3513,6125692.1752,1424285.1905,0.003068,0.619299,0.775123,0.125072,0.0007,-0.0003,-0.0003,-0.00096,0.00265,0.00018,-0.036,-0.0873,9.7974
1770803083.2415593,1055163.3513,6125692.1752,1424285.1905,0.003068,0.619299,0.775123,0.125072,0.0007,-0.0003,-0.0003,0.00158,-0.00131,-1e-05,-0.0353,-0.084,9.8037
1770803083.2926333,1055163.3513,6125692.1753,1424285.1905,0.002929,0.619337,0.775115,0.124938,0.0013,-0.0004,0.0001,4e-05,-0.00026,-0.00037,-0.0408,-0.0849,9.8112
1770803083.3402085,1055163.3513,6125692.1753,1424285.1905,0.002929,0.619337,0.775115,0.124938,0.0013,-0.0004,0.0001,0.00048,0.00121,0.00052,-0.0383,-0.0974,9.8109
1770803083.3960388,1055163.3513,6125692.1753,1424285.1905,0.002929,0.619337,0.775115,0.124938,0.0013,-0.0004,0.0001,-6e-05,-0.00176,0.00013,-0.0395,-0.0935,9.8102
1770803083.4427803,1055163.3513,6125692.1753,1424285.1905,0.002929,0.619337,0.775115,0.124938,0.0013,-0.0004,0.0001,-0.0019,0.00625,0.00027,-0.0427,-0.0796,9.8077
1770803083.4977648,1055163.3513,6125692.1753,1424285.1905,0.002929,0.619337,0.775115,0.124938,0.0013,-0.0004,0.0001,0.00103,-0.00213,-0.00046,-0.0509,-0.0895,9.8119
1770803083.5407014,1055163.3514,6125692.1753,1424285.1905,0.002873,0.619329,0.775127,0.124907,0.0014,-0.0001,0.0,0.00082,-0.00241,-0.00016,-0.0338,-0.0943,9.8013
1770803083.5898783,1055163.3514,6125692.1753,1424285.1905,0.002873,0.619329,0.775127,0.124907,0.0014,-0.0001,0.0,0.0009,-0.00175,-0.00044,-0.0369,-0.0934,9.8253
1770803083.640349,1055163.3514,6125692.1753,1424285.1905,0.002873,0.619329,0.775127,0.124907,0.0014,-0.0001,0.0,-0.00013,0.00183,0.00017,-0.0367,-0.0822,9.8065
1770803083.6925116,1055163.3514,6125692.1753,1424285.1905,0.002873,0.619329,0.775127,0.124907,0.0014,-0.0001,0.0,0.00076,-0.00112,0.00027,-0.036,-0.0889,9.813
1770803083.7412949,1055163.3514,6125692.1753,1424285.1905,0.002873,0.619329,0.775127,0.124907,0.0014,-0.0001,0.0,0.00014,0.00143,0.00035,-0.0362,-0.0966,9.8056
1770803083.7935634,1055163.3514,6125692.1753,1424285.1905,0.002873,0.619329,0.775127,0.124907,0.0014,-0.0001,0.0,0.00063,-0.00233,1e-05,-0.0421,-0.0852,9.8022
1770803083.8433523,1055163.351,6125692.1753,1424285.1904,0.002898,0.619319,0.775132,0.124922,0.0021,-0.0002,-0.0,0.00051,-0.00217,-0.00044,-0.0326,-0.092,9.8219
1770803083.8903668,1055163.351,6125692.1753,1424285.1904,0.002898,0.619319,0.775132,0.124922,0.0021,-0.0002,-0.0,-4e-05,-0.00049,-0.00012,-0.0341,-0.0998,9.8031
1770803083.9411926,1055163.351,6125692.1753,1424285.1904,0.002898,0.619319,0.775132,0.124922,0.0021,-0.0002,-0.0,0.0007,0.00077,-0.00017,-0.0333,-0.0915,9.8165
1770803083.990923,1055163.351,6125692.1753,1424285.1904,0.002898,0.619319,0.775132,0.124922,0.0021,-0.0002,-0.0,0.00059,0.00047,-8e-05,-0.0373,-0.0838,9.7965
1770803084.0417774,1055163.351,6125692.1753,1424285.1904,0.002898,0.619319,0.775132,0.124922,0.0021,-0.0002,-0.0,0.00118,-0.00091,0.00047,-0.0396,-0.0952,9.8088
1770803084.0916948,1055163.3509,6125692.1753,1424285.1904,0.003018,0.619318,0.775117,0.125017,0.0012,-0.0002,-0.0003,0.00035,-0.00143,0.00021,-0.0361,-0.0978,9.8093
1770803084.142872,1055163.3509,6125692.1753,1424285.1904,0.003018,0.619318,0.775117,0.125017,0.0012,-0.0002,-0.0003,-0.00027,0.00057,-0.00018,-0.0434,-0.0801,9.8207
1770803084.1907864,1055163.3509,6125692.1753,1424285.1904,0.003018,0.619318,0.775117,0.125017,0.0012,-0.0002,-0.0003,0.00053,-0.00153,-0.00102,-0.0422,-0.0921,9.8155
1770803084.243812,1055163.3509,6125692.1753,1424285.1904,0.003018,0.619318,0.775117,0.125017,0.0012,-0.0002,-0.0003,0.00163,-0.00345,-0.00029,-0.0469,-0.0863,9.8103
1770803084.2907517,1055163.3509,6125692.1753,1424285.1904,0.003018,0.619318,0.775117,0.125017,0.0012,-0.0002,-0.0003,-0.00018,0.00248,-0.00036,-0.0378,-0.0778,9.817
1770803084.3416064,1055163.3508,6125692.1753,1424285.1903,0.003068,0.619321,0.775112,0.125038,0.0007,-0.0001,0.0001,0.00033,2e-05,-0.00019,-0.0321,-0.1023,9.805
1770803084.3910737,1055163.3508,6125692.1753,1424285.1903,0.003068,0.619321,0.775112,0.125038,0.0007,-0.0001,0.0001,-0.00046,0.00046,-0.00015,-0.0407,-0.0993,9.8054
1770803084.4416206,1055163.3508,6125692.1753,1424285.1903,0.003068,0.619321,0.775112,0.125038,0.0007,-0.0001,0.0001,-0.00122,0.00171,-6e-05,-0.0313,-0.0821,9.811
1770803084.4910648,1055163.3508,6125692.1753,1424285.1903,0.003068,0.619321,0.775112,0.125038,0.0007,-0.0001,0.0001,-0.00055,0.00219,0.00024,-0.0348,-0.0911,9.8125
1770803084.5406425,1055163.3508,6125692.1753,1424285.1903,0.003068,0.619321,0.775112,0.125038,0.0007,-0.0001,0.0001,-0.00077,0.00105,0.00018,-0.0466,-0.1066,9.794
1770803084.5926526,1055163.3508,6125692.1753,1424285.1903,0.003068,0.619321,0.775112,0.125038,0.0007,-0.0001,0.0001,0.0016,-0.00225,-0.00056,-0.0452,-0.0872,9.818
1770803084.643018,1055163.3508,6125692.1753,1424285.1904,0.003128,0.61933,0.775094,0.125098,0.0007,-0.0006,-0.0002,-0.00037,-0.00155,-0.00033,-0.0431,-0.0857,9.7986
1770803084.6904387,1055163.3508,6125692.1753,1424285.1904,0.003128,0.61933,0.775094,0.125098,0.0007,-0.0006,-0.0002,0.00065,-3e-05,0.00049,-0.0509,-0.0992,9.8236
1770803084.7454367,1055163.3508,6125692.1753,1424285.1904,0.003128,0.61933,0.775094,0.125098,0.0007,-0.0006,-0.0002,-0.0008,-0.00085,-0.00048,-0.0372,-0.1032,9.8015
1770803084.791775,1055163.3508,6125692.1753,1424285.1904,0.003128,0.61933,0.775094,0.125098,0.0007,-0.0006,-0.0002,-0.00092,-0.00187,-0.0012,-0.03,-0.0814,9.8147
1770803084.8422549,1055163.3508,6125692.1753,1424285.1904,0.003128,0.61933,0.775094,0.125098,0.0007,-0.0006,-0.0002,0.00076,-0.00151,-0.0004,-0.0303,-0.0934,9.8073
1770803084.8900964,1055163.351,6125692.1753,1424285.1904,0.003105,0.619301,0.77512,0.125081,0.0007,-0.0005,-0.0002,-0.00061,0.00033,-1e-05,-0.0404,-0.0974,9.8082
1770803084.9417684,1055163.351,6125692.1753,1424285.1904,0.003105,0.619301,0.77512,0.125081,0.0007,-0.0005,-0.0002,-0.00188,0.00253,0.00019,-0.0344,-0.0919,9.8126
1770803084.9918087,1055163.351,6125692.1753,1424285.1904,0.003105,0.619301,0.77512,0.125081,0.0007,-0.0005,-0.0002,0.00051,0.00055,0.0002,-0.0379,-0.0831,9.8039
1770803085.0410666,1055163.351,6125692.1753,1424285.1904,0.003105,0.619301,0.77512,0.125081,0.0007,-0.0005,-0.0002,0.0001,0.00023,0.00052,-0.0467,-0.1011,9.808
1770803085.0920696,1055163.351,6125692.1753,1424285.1904,0.003105,0.619301,0.77512,0.125081,0.0007,-0.0005,-0.0002,0.00142,-0.00258,-0.00046,-0.0402,-0.0908,9.8063
1770803085.146741,1055163.3511,6125692.1753,1424285.1904,0.003101,0.619315,0.775107,0.12509,0.001,-0.0003,-0.0002,0.00093,-0.0016,-0.00049,-0.0464,-0.09,9.8116
1770803085.1920447,1055163.3511,6125692.1753,1424285.1904,0.003101,0.619315,0.775107,0.12509,0.001,-0.0003,-0.0002,-0.00207,0.00034,-0.00075,-0.0391,-0.0854,9.8091
1770803085.2404268,1055163.3511,6125692.1753,1424285.1904,0.003101,0.619315,0.775107,0.12509,0.001,-0.0003,-0.0002,8e-05,0.0003,0.00016,-0.0336,-0.093,9.8146
1770803085.2900708,1055163.3511,6125692.1753,1424285.1904,0.003101,0.619315,0.775107,0.12509,0.001,-0.0003,-0.0002,0.00017,-0.00126,2e-05,-0.0302,-0.1033,9.8117
1770803085.3426464,1055163.3511,6125692.1753,1424285.1904,0.003101,0.619315,0.775107,0.12509,0.001,-0.0003,-0.0002,0.00032,0.00132,-0.0,-0.0291,-0.0941,9.812
1770803085.392472,1055163.3511,6125692.1753,1424285.1904,0.003101,0.619315,0.775107,0.12509,0.001,-0.0003,-0.0002,0.0,0.0022,0.00023,-0.0441,-0.0865,9.8068
1770803085.4433057,1055163.3512,6125692.1752,1424285.1904,0.003184,0.619329,0.775083,0.125172,0.0001,-0.0004,-0.0,-0.00104,0.001,2e-05,-0.0434,-0.0959,9.8101
1770803085.4923282,1055163.3512,6125692.1752,1424285.1904,0.003184,0.619329,0.775083,0.125172,0.0001,-0.0004,-0.0,-0.00027,-0.00177,-0.00076,-0.0415,-0.0915,9.8044
1770803085.5436378,1055163.3512,6125692.1752,1424285.1904,0.003184,0.619329,0.775083,0.125172,0.0001,-0.0004,-0.0,-0.0007,0.00351,0.00079,-0.0349,-0.0961,9.8105
1770803085.5897892,1055163.3512,6125692.1752,1424285.1904,0.003184,0.619329,0.775083,0.125172,0.0001,-0.0004,-0.0,0.00238,-0.00138,0.00042,-0.0519,-0.1018,9.809
1770803085.6477861,1055163.3512,6125692.1752,1424285.1904,0.003184,0.619329,0.775083,0.125172,0.0001,-0.0004,-0.0,-3e-05,0.00052,-0.0002,-0.0367,-0.0914,9.8045
1770803085.6905718,1055163.3514,6125692.1752,1424285.1904,0.003122,0.619303,0.77511,0.125134,0.0002,-0.0002,0.0001,-0.00065,0.00068,-0.00074,-0.0407,-0.0919,9.8203
1770803085.7402368,1055163.3514,6125692.1752,1424285.1904,0.003122,0.619303,0.77511,0.125134,0.0002,-0.0002,0.0001,0.00013,-0.00016,4e-05,-0.0396,-0.0925,9.8124
1770803085.792542,1055163.3514,6125692.1752,1424285.1904,0.003122,0.619303,0.77511,0.125134,0.0002,-0.0002,0.0001,0.00098,0.00064,0.00011,-0.028,-0.0949,9.8189
1770803085.8421855,1055163.3514,6125692.1752,1424285.1904,0.003122,0.619303,0.77511,0.125134,0.0002,-0.0002,0.0001,0.00087,0.00054,-0.00014,-0.0211,-0.093,9.7991
1770803085.890547,1055163.3514,6125692.1752,1424285.1904,0.003122,0.619303,0.77511,0.125134,0.0002,-0.0002,0.0001,-0.00047,0.00295,0.00029,-0.0318,-0.0923,9.8081
1770803085.9438477,1055163.3514,6125692.1752,1424285.1904,0.003122,0.619303,0.77511,0.125134,0.0002,-0.0002,0.0001,0.00054,-0.00011,-0.00012,-0.0235,-0.1028,9.801
1770803085.9923556,1055163.3515,6125692.1752,1424285.1905,0.003132,0.61931,0.775103,0.125144,-0.0007,-0.0004,0.0003,-0.0007,-0.00018,-0.00055,-0.0375,-0.0941,9.8102
1770803086.0414424,1055163.3515,6125692.1752,1424285.1905,0.003132,0.61931,0.775103,0.125144,-0.0007,-0.0004,0.0003,-0.00134,0.00238,-3e-05,-0.0443,-0.0968,9.8028
1770803086.0916426,1055163.3515,6125692.1752,1424285.1905,0.003132,0.61931,0.775103,0.125144,-0.0007,-0.0004,0.0003,-1e-05,-0.00058,-0.00042,-0.0325,-0.0852,9.812
1770803086.1404772,1055163.3515,6125692.1752,1424285.1905,0.003132,0.61931,0.775103,0.125144,-0.0007,-0.0004,0.0003,-0.0001,0.00098,0.00023,-0.0296,-0.0895,9.8121
1770803086.1910045,1055163.3515,6125692.1752,1424285.1905,0.003132,0.61931,0.775103,0.125144,-0.0007,-0.0004,0.0003,-0.00051,-2e-05,0.0001,-0.0437,-0.0956,9.8041
1770803086.2406785,1055163.3516,6125692.1752,1424285.1905,0.003056,0.619321,0.77511,0.125051,-0.0001,-0.0003,-0.0,-0.00036,0.00086,0.00034,-0.0538,-0.0932,9.82
1770803086.2914374,1055163.3516,6125692.1752,1424285.1905,0.003056,0.619321,0.77511,0.125051,-0.0001,-0.0003,-0.0,9e-05,-0.00166,-0.0002,-0.0635,-0.0971,9.8171
1770803086.3442228,1055163.3516,6125692.1752,1424285.1905,0.003056,0.619321,0.77511,0.125051,-0.0001,-0.0003,-0.0,-3e-05,0.00187,0.00013,-0.0465,-0.0962,9.8046
1770803086.3901758,1055163.3516,6125692.1752,1424285.1905,0.003056,0.619321,0.77511,0.125051,-0.0001,-0.0003,-0.0,4e-05,-0.00123,-0.00066,-0.049,-0.0874,9.8079
1770803086.4414146,1055163.3516,6125692.1752,1424285.1905,0.003056,0.619321,0.77511,0.125051,-0.0001,-0.0003,-0.0,0.00159,0.00078,-0.00017,-0.0543,-0.0792,9.8096
1770803086.4908276,1055163.3515,6125692.1752,1424285.1905,0.002954,0.619292,0.775151,0.12494,0.0013,-0.0003,0.0002,0.00035,0.00024,0.0001,-0.0463,-0.0974,9.8134
1770803086.5451863,1055163.3515,6125692.1752,1424285.1905,0.002954,0.619292,0.775151,0.12494,0.0013,-0.0003,0.0002,-0.00116,0.00228,0.00039,-0.0435,-0.1034,9.8046
1770803086.5906296,1055163.3515,6125692.1752,1424285.1905,0.002954,0.619292,0.775151,0.12494,0.0013,-0.0003,0.0002,-0.00014,0.00047,-0.00026,-0.0299,-0.0914,9.8158
1770803086.6406374,1055163.3515,6125692.1752,1424285.1905,0.002954,0.619292,0.775151,0.12494,0.0013,-0.0003,0.0002,0.0011,-0.00146,0.00017,-0.0377,-0.0945,9.805
1770803086.691899,1055163.3515,6125692.1752,1424285.1905,0.002954,0.619292,0.775151,0.12494,0.0013,-0.0003,0.0002,-0.0014,0.00226,0.00016,-0.0497,-0.0928,9.8189
1770803086.7432702,1055163.3515,6125692.1752,1424285.1905,0.002954,0.619292,0.775151,0.12494,0.0013,-0.0003,0.0002,-0.00018,-0.00094,-0.00016,-0.0323,-0.096,9.8108
1770803086.7915416,1055163.3514,6125692.1753,1424285.1904,0.002992,0.619347,0.775099,0.124983,0.0009,-0.0004,0.0001,-3e-05,0.00165,-3e-05,-0.0375,-0.0604,9.814
1770803086.8426442,1055163.3514,6125692.1753,1424285.1904,0.002992,0.619347,0.775099,0.124983,0.0009,-0.0004,0.0001,-0.0022,0.00419,0.00035,-0.0452,-0.0878,9.8105
1770803086.890547,1055163.3514,6125692.1753,1424285.1904,0.002992,0.619347,0.775099,0.124983,0.0009,-0.0004,0.0001,0.00019,0.00119,0.00019,-0.033,-0.1217,9.8172
1770803086.9414723,1055163.3514,6125692.1753,1424285.1904,0.002992,0.619347,0.775099,0.124983,0.0009,-0.0004,0.0001,-0.00102,0.00231,0.00027,-0.0405,-0.0921,9.8115
1770803086.9911044,1055163.3514,6125692.1753,1424285.1904,0.002992,0.619347,0.775099,0.124983,0.0009,-0.0004,0.0001,0.00025,-0.00145,-0.00077,-0.0456,-0.0689,9.8059
1770803087.0402424,1055163.3515,6125692.1752,1424285.1905,0.002946,0.619333,0.775119,0.124934,0.0008,-0.0007,0.0003,-0.00047,0.00381,0.00057,-0.0253,-0.1014,9.7989
1770803087.0913813,1055163.3515,6125692.1752,1424285.1905,0.002946,0.619333,0.775119,0.124934,0.0008,-0.0007,0.0003,0.00101,-0.00334,-0.0001,-0.0596,-0.0868,9.83
1770803087.1402898,1055163.3515,6125692.1752,1424285.1905,0.002946,0.619333,0.775119,0.124934,0.0008,-0.0007,0.0003,-8e-05,-7e-05,-7e-05,-0.0449,-0.0946,9.8125
1770803087.191035,1055163.3515,6125692.1752,1424285.1905,0.002946,0.619333,0.775119,0.124934,0.0008,-0.0007,0.0003,0.00163,-0.0011,0.00032,-0.0434,-0.0854,9.8254
