Topic:,/fixposition/odometry_smooth
time,pos_x,pos_y,pos_z,qx,qy,qz,qw,vel_x,vel_y,vel_z,ang_vel_x,ang_vel_y,ang_vel_z
1770803063.190041,1055167.7095,6125689.4335,1424285.9852,0.09062,-0.631353,-0.765145,-0.087944,0.0083,-0.0025,-0.0067,-0.00112,0.00211,-0.00026
1770803063.2407434,1055167.7095,6125689.4335,1424285.9852,0.09062,-0.631353,-0.765145,-0.087944,0.0083,-0.0025,-0.0067,-0.00055,0.00249,-3e-05
1770803063.2913241,1055167.7095,6125689.4335,1424285.9852,0.09062,-0.631353,-0.765145,-0.087944,0.0083,-0.0025,-0.0067,0.00164,-0.00201,-0.00027
1770803063.339701,1055167.7095,6125689.4335,1424285.9852,0.09062,-0.631353,-0.765145,-0.087944,0.0083,-0.0025,-0.0067,-0.00063,0.0033,0.00023
1770803063.3922296,1055167.7095,6125689.4335,1424285.9852,0.09062,-0.631353,-0.765145,-0.087944,0.0083,-0.0025,-0.0067,-0.00181,0.00114,-0.00039
1770803063.4483848,1055167.7095,6125689.4335,1424285.9852,0.09062,-0.631353,-0.765145,-0.087944,0.0083,-0.0025,-0.0067,0.00181,-0.00188,-0.00041
1770803063.4898105,1055167.7095,6125689.4335,1424285.9852,0.09062,-0.631353,-0.765145,-0.087944,0.0083,-0.0025,-0.0067,-0.00017,2e-05,-0.00026
1770803063.5405867,1055167.7095,6125689.4335,1424285.9852,0.09062,-0.631353,-0.765145,-0.087944,0.0083,-0.0025,-0.0067,-0.00056,0.00077,-0.00037
1770803063.5922334,1055167.7095,6125689.4335,1424285.9852,0.09062,-0.631353,-0.765145,-0.087944,0.0083,-0.0025,-0.0067,0.00163,-0.00447,-9e-05
1770803063.6405752,1055167.7095,6125689.4335,1424285.9852,0.09062,-0.631353,-0.765145,-0.087944,0.0083,-0.0025,-0.0067,-0.00028,0.0013,-0.00047
1770803063.6914978,1055167.7095,6125689.4335,1424285.9852,0.09062,-0.631353,-0.765145,-0.087944,0.0083,-0.0025,-0.0067,0.00043,7e-05,-0.00067
1770803063.739754,1055167.7095,6125689.4335,1424285.9852,0.09062,-0.631353,-0.765145,-0.087944,0.0083,-0.0025,-0.0067,-0.0006,0.0002,0.00017
1770803063.7902117,1055167.7095,6125689.4335,1424285.9852,0.09062,-0.631353,-0.765145,-0.087944,0.0083,-0.0025,-0.0067,0.00024,-0.00051,-0.00053
1770803063.8398888,1055167.7095,6125689.4335,1424285.9852,0.09062,-0.631353,-0.765145,-0.087944,0.0083,-0.0025,-0.0067,-6e-05,-0.00011,-0.00025
1770803063.890897,1055167.7095,6125689.4335,1424285.9852,0.09062,-0.631353,-0.765145,-0.087944,0.0083,-0.0025,-0.0067,-0.00125,0.00292,0.0004
1770803063.9450088,1055167.7095,6125689.4335,1424285.9852,0.09062,-0.631353,-0.765145,-0.087944,0.0083,-0.0025,-0.0067,-0.00096,0.00349,0.0003
1770803063.9897985,1055167.7095,6125689.4335,1424285.9852,0.09062,-0.631353,-0.765145,-0.087944,0.0083,-0.0025,-0.0067,0.00183,-0.00094,0.00049
1770803064.046212,1055167.7095,6125689.4335,1424285.9852,0.09062,-0.631353,-0.765145,-0.087944,0.0083,-0.0025,-0.0067,-0.0006,0.00111,-8e-05
1770803064.0921938,1055167.7095,6125689.4335,1424285.9852,0.09062,-0.631353,-0.765145,-0.087944,0.0083,-0.0025,-0.0067,0.00078,-9e-05,0.00012
1770803064.144307,1055167.7095,6125689.4335,1424285.9852,0.09062,-0.631353,-0.765145,-0.087944,0.0083,-0.0025,-0.0067,-0.00113,0.00177,-0.00039
1770803064.1902342,1055167.7095,6125689.4335,1424285.9852,0.09062,-0.631353,-0.765145,-0.087944,0.0083,-0.0025,-0.0067,0.0032,-0.00514,9e-05
1770803064.24469,1055167.7095,6125689.4335,1424285.9852,0.09062,-0.631353,-0.765145,-0.087944,0.0083,-0.0025,-0.0067,0.00093,-0.00237,1e-05
1770803064.2900105,1055167.7095,6125689.4335,1424285.9852,0.09062,-0.631353,-0.765145,-0.087944,0.0083,-0.0025,-0.0067,0.00115,-0.00191,-8e-05
1770803064.3479567,1055167.7095,6125689.4335,1424285.9852,0.09062,-0.631353,-0.765145,-0.087944,0.0083,-0.0025,-0.0067,-0.00028,-6e-05,5e-05
1770803064.392296,1055167.7095,6125689.4335,1424285.9852,0.09062,-0.631353,-0.765145,-0.087944,0.0083,-0.0025,-0.0067,0.00045,-0.00233,-0.00023
1770803064.4413211,1055167.7095,6125689.4335,1424285.9852,0.09062,-0.631353,-0.765145,-0.087944,0.0083,-0.0025,-0.0067,0.00273,-0.0039,-0.00012
1770803064.492962,1055167.7095,6125689.4335,1424285.9852,0.09062,-0.631353,-0.765145,-0.087944,0.0083,-0.0025,-0.0067,9e-05,-0.00198,-0.00017
1770803064.5430279,1055167.7095,6125689.4335,1424285.9852,0.09062,-0.631353,-0.765145,-0.087944,0.0083,-0.0025,-0.0067,-0.00083,0.00104,0.00034
1770803064.5905972,1055167.7095,6125689.4335,1424285.9852,0.09062,-0.631353,-0.765145,-0.087944,0.0083,-0.0025,-0.0067,0.00073,-0.00237,-0.0003
1770803064.6448195,1055167.7095,6125689.4335,1424285.9852,0.09062,-0.631353,-0.765145,-0.087944,0.0083,-0.0025,-0.0067,0.00066,-0.00012,-5e-05
1770803064.6917481,1055167.7095,6125689.4335,1424285.9852,0.09062,-0.631353,-0.765145,-0.087944,0.0083,-0.0025,-0.0067,0.00044,0.00206,0.00017
1770803064.741447,1055167.7095,6125689.4335,1424285.9852,0.09062,-0.631353,-0.765145,-0.087944,0.0083,-0.0025,-0.0067,0.00028,0.00216,1e-05
1770803064.7933187,1055167.7095,6125689.4335,1424285.9852,0.09062,-0.631353,-0.765145,-0.087944,0.0083,-0.0025,-0.0067,0.00093,-0.00359,-0.00071
1770803064.844388,1055167.7095,6125689.4335,1424285.9852,0.09062,-0.631353,-0.765145,-0.087944,0.0083,-0.0025,-0.0067,0.00042,0.00385,0.00061
1770803064.9195359,1055167.7095,6125689.4335,1424285.9852,0.09062,-0.631353,-0.765145,-0.087944,0.0083,-0.0025,-0.0067,0.00122,-0.0013,-0.00015
1770803064.943909,1055167.7095,6125689.4335,1424285.9852,0.09062,-0.631353,-0.765145,-0.087944,0.0083,-0.0025,-0.0067,-0.0005,0.00105,0.0
1770803064.9900014,1055167.7095,6125689.4335,1424285.9852,0.09062,-0.631353,-0.765145,-0.087944,0.0083,-0.0025,-0.0067,-0.00018,-0.00202,-0.00082
1770803065.040979,1055167.7095,6125689.4335,1424285.9852,0.09062,-0.631353,-0.765145,-0.087944,0.0083,-0.0025,-0.0067,-0.002,0.00104,-0.0004
1770803065.0915215,1055167.7095,6125689.4335,1424285.9852,0.09062,-0.631353,-0.765145,-0.087944,0.0083,-0.0025,-0.0067,-0.00076,0.00019,0.00041
1770803065.1433156,1055167.7095,6125689.4335,1424285.9852,0.09062,-0.631353,-0.765145,-0.087944,0.0083,-0.0025,-0.0067,0.00088,-0.00066,0.0007
1770803065.1903572,1055167.7095,6125689.4335,1424285.9852,0.09062,-0.631353,-0.765145,-0.087944,0.0083,-0.0025,-0.0067,-0.00212,0.00507,0.00085
1770803065.2447262,1055167.7095,6125689.4335,1424285.9852,0.09062,-0.631353,-0.765145,-0.087944,0.0083,-0.0025,-0.0067,0.00163,-0.00551,-0.00055
1770803065.293394,1055167.7095,6125689.4335,1424285.9852,0.09062,-0.631353,-0.765145,-0.087944,0.0083,-0.0025,-0.0067,0.00022,0.00087,0.00016
1770803065.340885,1055167.7095,6125689.4335,1424285.9852,0.09062,-0.631353,-0.765145,-0.087944,0.0083,-0.0025,-0.0067,0.00129,-0.0013,0.00016
1770803065.4002397,1055167.7095,6125689.4335,1424285.9852,0.09062,-0.631353,-0.765145,-0.087944,0.0083,-0.0025,-0.0067,0.00137,-0.0055,-0.00042
1770803065.4405084,1055167.7095,6125689.4335,1424285.9852,0.09062,-0.631353,-0.765145,-0.087944,0.0083,-0.0025,-0.0067,-0.00096,-0.00107,0.00013
1770803065.4911895,1055167.7095,6125689.4335,1424285.9852,0.09062,-0.631353,-0.765145,-0.087944,0.0083,-0.0025,-0.0067,0.00027,0.00057,-0.00031
1770803065.5418413,1055167.7095,6125689.4335,1424285.9852,0.09062,-0.631353,-0.765145,-0.087944,0.0083,-0.0025,-0.0067,-5e-05,0.00079,0.00025
1770803065.592875,1055167.7095,6125689.4335,1424285.9852,0.09062,-0.631353,-0.765145,-0.087944,0.0083,-0.0025,-0.0067,0.00111,-0.00264,-0.0003
1770803065.6407518,1055167.7095,6125689.4335,1424285.9852,0.09062,-0.631353,-0.765145,-0.087944,0.0083,-0.0025,-0.0067,-0.00058,0.00057,-0.00047
1770803065.6916611,1055167.7095,6125689.4335,1424285.9852,0.09062,-0.631353,-0.765145,-0.087944,0.0083,-0.0025,-0.0067,0.00026,-2e-05,0.0003
1770803065.7412646,1055167.7095,6125689.4335,1424285.9852,0.09062,-0.631353,-0.765145,-0.087944,0.0083,-0.0025,-0.0067,-0.00038,0.0004,-0.00014
1770803065.7948294,1055167.7095,6125689.4335,1424285.9852,0.09062,-0.631353,-0.765145,-0.087944,0.0083,-0.0025,-0.0067,0.00055,-0.00241,-0.00062
1770803065.8407757,1055167.7095,6125689.4335,1424285.9852,0.09062,-0.631353,-0.765145,-0.087944,0.0083,-0.0025,-0.0067,-0.00087,0.00203,0.00025
1770803065.8917816,1055167.7095,6125689.4335,1424285.9852,0.09062,-0.631353,-0.765145,-0.087944,0.0083,-0.0025,-0.0067,-0.00067,0.00141,0.00013
1770803065.9416845,1055167.7095,6125689.4335,1424285.9852,0.09062,-0.631353,-0.765145,-0.087944,0.0083,-0.0025,-0.0067,0.00158,-0.00087,5e-05
1770803065.9895375,1055167.7095,6125689.4335,1424285.9852,0.09062,-0.631353,-0.765145,-0.087944,0.0083,-0.0025,-0.0067,-0.00095,0.00194,-0.00014
1770803066.0404031,1055167.7095,6125689.4335,1424285.9852,0.09062,-0.631353,-0.765145,-0.087944,0.0083,-0.0025,-0.0067,0.00062,-0.00201,5e-05
1770803066.0940714,1055167.7095,6125689.4335,1424285.9852,0.09062,-0.631353,-0.765145,-0.087944,0.0083,-0.0025,-0.0067,-0.00045,0.00084,0.00013
1770803066.1447291,1055167.7095,6125689.4335,1424285.9852,0.09062,-0.631353,-0.765145,-0.087944,0.0083,-0.0025,-0.0067,0.00049,-0.00091,0.00023
1770803066.1979113,1055167.7095,6125689.4335,1424285.9852,0.09062,-0.631353,-0.765145,-0.087944,0.0083,-0.0025,-0.0067,0.00034,0.00064,7e-05
1770803066.2398026,1055167.7095,6125689.4335,1424285.9852,0.09062,-0.631353,-0.765145,-0.087944,0.0083,-0.0025,-0.0067,5e-05,0.00026,-0.00067
1770803066.2934527,1055167.7095,6125689.4335,1424285.9852,0.09062,-0.631353,-0.765145,-0.087944,0.0083,-0.0025,-0.0067,0.00049,-0.00211,-0.00034
1770803066.340613,1055167.7095,6125689.4335,1424285.9852,0.09062,-0.631353,-0.765145,-0.087944,0.0083,-0.0025,-0.0067,0.00011,0.00067,0.00023
1770803066.3955374,1055167.7095,6125689.4335,1424285.9852,0.09062,-0.631353,-0.765145,-0.087944,0.0083,-0.0025,-0.0067,-0.00089,0.00091,6e-05
1770803066.440333,1055167.7095,6125689.4335,1424285.9852,0.09062,-0.631353,-0.765145,-0.087944,0.0083,-0.0025,-0.0067,-0.00024,0.00071,0.00018
1770803066.4982698,1055167.7095,6125689.4335,1424285.9852,0.09062,-0.631353,-0.765145,-0.087944,0.0083,-0.0025,-0.0067,-0.00095,0.00119,-0.00034
1770803066.5496995,1055167.7095,6125689.4335,1424285.9852,0.09062,-0.631353,-0.765145,-0.087944,0.0083,-0.0025,-0.0067,-0.00108,0.00172,0.00032
1770803066.5910707,1055167.7095,6125689.4335,1424285.9852,0.09062,-0.631353,-0.765145,-0.087944,0.0083,-0.0025,-0.0067,-0.00074,0.00144,0.00024
1770803066.641175,1055167.7095,6125689.4335,1424285.9852,0.09062,-0.631353,-0.765145,-0.087944,0.0083,-0.0025,-0.0067,-0.00052,3e-05,-0.0001
1770803066.6944613,1055167.7095,6125689.4335,1424285.9852,0.09062,-0.631353,-0.765145,-0.087944,0.0083,-0.0025,-0.0067,-0.00078,0.00304,0.00022
1770803066.742301,1055167.7095,6125689.4335,1424285.9852,0.09062,-0.631353,-0.765145,-0.087944,0.0083,-0.0025,-0.0067,-0.00095,0.00151,-0.00047
1770803066.797354,1055167.7095,6125689.4335,1424285.9852,0.09062,-0.631353,-0.765145,-0.087944,0.0083,-0.0025,-0.0067,0.00187,-0.00285,-0.0005
1770803066.8424938,1055167.7095,6125689.4335,1424285.9852,0.09062,-0.631353,-0.765145,-0.087944,0.0083,-0.0025,-0.0067,5e-05,-0.00147,-9e-05
1770803066.8922532,1055167.7095,6125689.4335,1424285.9852,0.09062,-0.631353,-0.765145,-0.087944,0.0083,-0.0025,-0.0067,0.0003,-0.00176,-0.00022
1770803066.9415815,1055167.7095,6125689.4335,1424285.9852,0.09062,-0.631353,-0.765145,-0.087944,0.0083,-0.0025,-0.0067,0.00022,0.00071,0.00024
1770803066.9896991,1055167.7095,6125689.4335,1424285.9852,0.09062,-0.631353,-0.765145,-0.087944,0.0083,-0.0025,-0.0067,-0.00044,0.00149,-0.00014
1770803067.042484,1055167.7095,6125689.4335,1424285.9852,0.09062,-0.631353,-0.765145,-0.087944,0.0083,-0.0025,-0.0067,-0.00046,7e-05,0.00019
1770803067.0908003,1055167.7095,6125689.4335,1424285.9852,0.09062,-0.631353,-0.765145,-0.087944,0.0083,-0.0025,-0.0067,-0.00079,0.00147,-0.00046
1770803067.1429038,1055167.7095,6125689.4335,1424285.9852,0.09062,-0.631353,-0.765145,-0.087944,0.0083,-0.0025,-0.0067,0.00176,-0.00178,-0.0003
1770803067.192928,1055167.7095,6125689.4335,1424285.9852,0.09062,-0.631353,-0.765145,-0.087944,0.0083,-0.0025,-0.0067,-0.00115,0.00299,-0.0002
1770803067.240985,1055167.7095,6125689.4335,1424285.9852,0.09062,-0.631353,-0.765145,-0.087944,0.0083,-0.0025,-0.0067,-0.00091,0.00223,-3e-05
1770803067.291519,1055167.7095,6125689.4335,1424285.9852,0.09062,-0.631353,-0.765145,-0.087944,0.0083,-0.0025,-0.0067,0.00038,0.00011,-0.00013
1770803067.341283,1055167.7095,6125689.4335,1424285.9852,0.09062,-0.631353,-0.765145,-0.087944,0.0083,-0.0025,-0.0067,-0.0008,0.0024,0.00015
1770803067.3912098,1055167.7095,6125689.4335,1424285.9852,0.09062,-0.631353,-0.765145,-0.087944,0.0083,-0.0025,-0.0067,0.00206,-0.00281,5e-05
1770803067.4406197,1055167.7095,6125689.4335,1424285.9852,0.09062,-0.631353,-0.765145,-0.087944,0.0083,-0.0025,-0.0067,0.00063,-0.00072,0.00034
1770803067.490555,1055167.7095,6125689.4335,1424285.9852,0.09062,-0.631353,-0.765145,-0.087944,0.0083,-0.0025,-0.0067,0.00176,-0.00249,-0.0005
1770803067.5405521,1055167.7095,6125689.4335,1424285.9852,0.09062,-0.631353,-0.765145,-0.087944,0.0083,-0.0025,-0.0067,-0.00127,0.00216,0.00066
1770803067.5908165,1055167.7095,6125689.4335,1424285.9852,0.09062,-0.631353,-0.765145,-0.087944,0.0083,-0.0025,-0.0067,-0.00085,0.00087,-0.00032
1770803067.642855,1055167.7095,6125689.4335,1424285.9852,0.09062,-0.631353,-0.765145,-0.087944,0.0083,-0.0025,-0.0067,0.00084,0.00052,-1e-05
1770803067.6906145,1055167.7095,6125689.4335,1424285.9852,0.09062,-0.631353,-0.765145,-0.087944,0.0083,-0.0025,-0.0067,-0.00119,-0.00058,0.00019
1770803067.7406428,1055167.7095,6125689.4335,1424285.9852,0.09062,-0.631353,-0.765145,-0.087944,0.0083,-0.0025,-0.0067,0.00074,0.00234,0.00073
1770803067.7898364,1055167.7095,6125689.4335,1424285.9852,0.09062,-0.631353,-0.765145,-0.087944,0.0083,-0.0025,-0.0067,0.00101,-0.00154,0.00013
1770803067.8412473,1055167.7095,6125689.4335,1424285.9852,0.09062,-0.631353,-0.765145,-0.087944,0.0083,-0.0025,-0.0067,-1e-05,-0.00034,4e-05
1770803067.8916328,1055167.7095,6125689.4335,1424285.9852,0.09062,-0.631353,-0.765145,-0.087944,0.0083,-0.0025,-0.0067,0.0018,-0.00317,-0.00051
1770803067.9409719,1055167.7095,6125689.4335,1424285.9852,0.09062,-0.631353,-0.765145,-0.087944,0.0083,-0.0025,-0.0067,0.0012,-0.00246,-0.00019
1770803067.99061,1055167.7095,6125689.4335,1424285.9852,0.09062,-0.631353,-0.765145,-0.087944,0.0083,-0.0025,-0.0067,-0.00031,0.0021,0.00059
1770803068.0414586,1055167.7095,6125689.4335,1424285.9852,0.09062,-0.631353,-0.765145,-0.087944,0.0083,-0.0025,-0.0067,-0.0006,-0.00164,-5e-05
1770803068.091959,1055167.7095,6125689.4335,1424285.9852,0.09062,-0.631353,-0.765145,-0.087944,0.0083,-0.0025,-0.0067,4e-05,-0.00083,0.00017
1770803068.1406894,1055167.7095,6125689.4335,1424285.9852,0.09062,-0.631353,-0.765145,-0.087944,0.0083,-0.0025,-0.0067,0.00096,-0.00202,-0.00031
1770803068.1913195,1055167.7095,6125689.4335,1424285.9852,0.09062,-0.631353,-0.765145,-0.087944,0.0083,-0.0025,-0.0067,-0.00015,0.00193,-0.0002
1770803068.2408185,1055167.7095,6125689.4335,1424285.9852,0.09062,-0.631353,-0.765145,-0.087944,0.0083,-0.0025,-0.0067,-0.00184,0.00419,0.00059
1770803068.2903144,1055167.7095,6125689.4335,1424285.9852,0.09062,-0.631353,-0.765145,-0.087944,0.0083,-0.0025,-0.0067,0.0,-0.00014,9e-05
1770803068.3407001,1055167.7095,6125689.4335,1424285.9852,0.09062,-0.631353,-0.765145,-0.087944,0.0083,-0.0025,-0.0067,-9e-05,0.00164,0.00052
1770803068.3900757,1055167.7095,6125689.4335,1424285.9852,0.09062,-0.631353,-0.765145,-0.087944,0.0083,-0.0025,-0.0067,-0.00068,0.001,0.00024
1770803068.442926,1055167.7095,6125689.4335,1424285.9852,0.09062,-0.631353,-0.765145,-0.087944,0.0083,-0.0025,-0.0067,-0.00142,0.00247,-6e-05
1770803068.4896677,1055167.7095,6125689.4335,1424285.9852,0.09062,-0.631353,-0.765145,-0.087944,0.0083,-0.0025,-0.0067,0.00057,-0.00059,-0.00021
1770803068.547372,1055167.7095,6125689.4335,1424285.9852,0.09062,-0.631353,-0.765145,-0.087944,0.0083,-0.0025,-0.0067,0.00087,-0.00075,5e-05
1770803068.5927694,1055167.7095,6125689.4335,1424285.9852,0.09062,-0.631353,-0.765145,-0.087944,0.0083,-0.0025,-0.0067,0.00087,-0.00052,6e-05
1770803068.6481736,1055167.7095,6125689.4335,1424285.9852,0.09062,-0.631353,-0.765145,-0.087944,0.0083,-0.0025,-0.0067,0.00124,-0.00206,-0.00015
1770803068.6908174,1055167.7095,6125689.4335,1424285.9852,0.09062,-0.631353,-0.765145,-0.087944,0.0083,-0.0025,-0.0067,-0.00073,-0.0001,-0.0004
1770803068.750887,1055167.7095,6125689.4335,1424285.9852,0.09062,-0.631353,-0.765145,-0.087944,0.0083,-0.0025,-0.0067,-0.00157,0.00392,0.0002
1770803068.7916534,1055167.7095,6125689.4335,1424285.9852,0.09062,-0.631353,-0.765145,-0.087944,0.0083,-0.0025,-0.0067,0.00049,-0.0003,0.00019
1770803068.8447373,1055167.7095,6125689.4335,1424285.9852,0.09062,-0.631353,-0.765145,-0.087944,0.0083,-0.0025,-0.0067,0.00122,-0.00197,-0.00015
1770803068.8914845,1055167.7095,6125689.4335,1424285.9852,0.09062,-0.631353,-0.765145,-0.087944,0.0083,-0.0025,-0.0067,0.00107,-0.00066,1e-05
1770803068.9428947,1055167.7095,6125689.4335,1424285.9852,0.09062,-0.631353,-0.765145,-0.087944,0.0083,-0.0025,-0.0067,-0.00099,0.00279,0.00021
1770803068.9914045,1055167.7095,6125689.4335,1424285.9852,0.09062,-0.631353,-0.765145,-0.087944,0.0083,-0.0025,-0.0067,-0.00033,-0.00146,-0.00045
1770803069.0426483,1055167.7095,6125689.4335,1424285.9852,0.09062,-0.631353,-0.765145,-0.087944,0.0083,-0.0025,-0.0067,0.00229,-0.00462,3e-05
1770803069.0904148,1055167.7095,6125689.4335,1424285.9852,0.09062,-0.631353,-0.765145,-0.087944,0.0083,-0.0025,-0.0067,-0.00118,0.00164,9e-05
1770803069.1400902,1055167.7095,6125689.4335,1424285.9852,0.09062,-0.631353,-0.765145,-0.087944,0.0083,-0.0025,-0.0067,-0.00051,3e-05,0.00039
1770803069.1908808,1055167.7095,6125689.4335,1424285.9852,0.09062,-0.631353,-0.765145,-0.087944,0.0083,-0.0025,-0.0067,-0.00026,-0.00134,0.0
1770803069.2404687,1055167.7095,6125689.4335,1424285.9852,0.09062,-0.631353,-0.765145,-0.087944,0.0083,-0.0025,-0.0067,0.0008,-0.00346,-0.00027
1770803069.2922416,1055167.7095,6125689.4335,1424285.9852,0.09062,-0.631353,-0.765145,-0.087944,0.0083,-0.0025,-0.0067,-5e-05,0.00021,0.00016
1770803069.3409972,1055167.7095,6125689.4335,1424285.9852,0.09062,-0.631353,-0.765145,-0.087944,0.0083,-0.0025,-0.0067,0.00245,-0.00212,-0.00025
1770803069.39126,1055167.7095,6125689.4335,1424285.9852,0.09062,-0.631353,-0.765145,-0.087944,0.0083,-0.0025,-0.0067,0.00052,0.00092,-0.00016
1770803069.4416811,1055167.7095,6125689.4335,1424285.9852,0.09062,-0.631353,-0.765145,-0.087944,0.0083,-0.0025,-0.0067,-0.00096,0.00475,0.00048
1770803069.495636,1055167.7095,6125689.4335,1424285.9852,0.09062,-0.631353,-0.765145,-0.087944,0.0083,-0.0025,-0.0067,-8e-05,-0.00023,-0.00066
1770803069.5424705,1055167.7095,6125689.4335,1424285.9852,0.09062,-0.631353,-0.765145,-0.087944,0.0083,-0.0025,-0.0067,-0.00046,0.00328,-0.00013
1770803069.590448,1055167.7095,6125689.4335,1424285.9852,0.09062,-0.631353,-0.765145,-0.087944,0.0083,-0.0025,-0.0067,-0.00177,0.00548,0.00087
1770803069.640294,1055167.7095,6125689.4335,1424285.9852,0.09062,-0.631353,-0.765145,-0.087944,0.0083,-0.0025,-0.0067,0.0004,0.00019,0.00024
1770803069.6908095,1055167.7095,6125689.4335,1424285.9852,0.09062,-0.631353,-0.765145,-0.087944,0.0083,-0.0025,-0.0067,0.00037,0.00173,0.00038
1770803069.7419014,1055167.7095,6125689.4335,1424285.9852,0.09062,-0.631353,-0.765145,-0.087944,0.0083,-0.0025,-0.0067,0.00036,0.00054,-0.00026
1770803069.7926672,1055167.7095,6125689.4335,1424285.9852,0.09062,-0.631353,-0.765145,-0.087944,0.0083,-0.0025,-0.0067,0.00036,0.00118,-6e-05
1770803069.8438225,1055167.7095,6125689.4335,1424285.9852,0.09062,-0.631353,-0.765145,-0.087944,0.0083,-0.0025,-0.0067,8e-05,-0.00186,-0.00031
1770803069.8920496,1055167.7095,6125689.4335,1424285.9852,0.09062,-0.631353,-0.765145,-0.087944,0.0083,-0.0025,-0.0067,0.00106,-0.00278,-0.00047
1770803069.941397,1055167.7095,6125689.4335,1424285.9852,0.09062,-0.631353,-0.765145,-0.087944,0.0083,-0.0025,-0.0067,-0.0023,0.00241,0.00024
1770803069.9920688,1055167.7095,6125689.4335,1424285.9852,0.09062,-0.631353,-0.765145,-0.087944,0.0083,-0.0025,-0.0067,0.00031,-0.00039,0.0002
1770803070.0409224,1055167.7095,6125689.4335,1424285.9852,0.09062,-0.631353,-0.765145,-0.087944,0.0083,-0.0025,-0.0067,-0.00185,0.0076,0.0008
1770803070.0910702,1055167.7095,6125689.4335,1424285.9852,0.09062,-0.631353,-0.765145,-0.087944,0.0083,-0.0025,-0.0067,-0.00012,-2e-05,3e-05
1770803070.139901,1055167.7095,6125689.4335,1424285.9852,0.09062,-0.631353,-0.765145,-0.087944,0.0083,-0.0025,-0.0067,5e-05,-0.00056,-0.00033
1770803070.1921356,1055167.7095,6125689.4335,1424285.9852,0.09062,-0.631353,-0.765145,-0.087944,0.0083,-0.0025,-0.0067,0.00044,-0.00177,-3e-05
1770803070.2406027,1055167.7095,6125689.4335,1424285.9852,0.09062,-0.631353,-0.765145,-0.087944,0.0083,-0.0025,-0.0067,-0.00101,0.00248,0.00014
1770803070.2904038,1055167.7095,6125689.4335,1424285.9852,0.09062,-0.631353,-0.765145,-0.087944,0.0083,-0.0025,-0.0067,0.0,-0.00237,-0.00056
1770803070.3418574,1055167.7095,6125689.4335,1424285.9852,0.09062,-0.631353,-0.765145,-0.087944,0.0083,-0.0025,-0.0067,-0.00024,0.00012,-0.00024
1770803070.3919022,1055167.7095,6125689.4335,1424285.9852,0.09062,-0.631353,-0.765145,-0.087944,0.0083,-0.0025,-0.0067,-0.00106,-0.0001,-0.00066
1770803070.4406667,1055167.7095,6125689.4335,1424285.9852,0.09062,-0.631353,-0.765145,-0.087944,0.0083,-0.0025,-0.0067,0.00011,-0.00266,-4e-05
1770803070.490553,1055167.7095,6125689.4335,1424285.9852,0.09062,-0.631353,-0.765145,-0.087944,0.0083,-0.0025,-0.0067,-0.00052,-0.002,-0.00048
1770803070.5411382,1055167.7095,6125689.4335,1424285.9852,0.09062,-0.631353,-0.765145,-0.087944,0.0083,-0.0025,-0.0067,0.00034,-0.00171,0.00015
1770803070.594405,1055167.7095,6125689.4335,1424285.9852,0.09062,-0.631353,-0.765145,-0.087944,0.0083,-0.0025,-0.0067,0.00106,-0.0017,0.00014
1770803070.6400504,1055167.7095,6125689.4335,1424285.9852,0.09062,-0.631353,-0.765145,-0.087944,0.0083,-0.0025,-0.0067,0.00017,-0.00267,-0.00017
1770803070.6962473,1055167.7095,6125689.4335,1424285.9852,0.09062,-0.631353,-0.765145,-0.087944,0.0083,-0.0025,-0.0067,0.00197,-0.00212,-0.00028
1770803070.7402215,1055167.7095,6125689.4335,1424285.9852,0.09062,-0.631353,-0.765145,-0.087944,0.0083,-0.0025,-0.0067,-0.00071,0.00267,6e-05
1770803070.7981966,1055167.7095,6125689.4335,1424285.9852,0.09062,-0.631353,-0.765145,-0.087944,0.0083,-0.0025,-0.0067,0.00042,-0.00164,-0.00041
1770803070.8407915,1055167.7095,6125689.4335,1424285.9852,0.09062,-0.631353,-0.765145,-0.087944,0.0083,-0.0025,-0.0067,-0.00182,0.0021,0.00023
1770803070.8929446,1055167.7095,6125689.4335,1424285.9852,0.09062,-0.631353,-0.765145,-0.087944,0.0083,-0.0025,-0.0067,0.00066,-0.00144,-4e-05
1770803070.9401312,1055167.7095,6125689.4335,1424285.9852,0.09062,-0.631353,-0.765145,-0.087944,0.0083,-0.0025,-0.0067,0.00119,0.00047,0.00021
1770803070.9932413,1055167.7095,6125689.4335,1424285.9852,0.09062,-0.631353,-0.765145,-0.087944,0.0083,-0.0025,-0.0067,6e-05,0.0003,-0.00015
1770803071.0417662,1055167.7095,6125689.4335,1424285.9852,0.09062,-0.631353,-0.765145,-0.087944,0.0083,-0.0025,-0.0067,0.0,0.0002,0.00023
1770803071.0919476,1055167.7095,6125689.4335,1424285.9852,0.09062,-0.631353,-0.765145,-0.087944,0.0083,-0.0025,-0.0067,0.00033,-0.00072,0.0003
1770803071.1413321,1055167.7095,6125689.4335,1424285.9852,0.09062,-0.631353,-0.765145,-0.087944,0.0083,-0.0025,-0.0067,-3e-05,-0.00452,8e-05
1770803071.191963,1055167.7095,6125689.4335,1424285.9852,0.09062,-0.631353,-0.765145,-0.087944,0.0083,-0.0025,-0.0067,0.00012,0.00054,0.00056
1770803071.241076,1055167.7095,6125689.4335,1424285.9852,0.09062,-0.631353,-0.765145,-0.087944,0.0083,-0.0025,-0.0067,0.00074,-0.00412,-0.00012
1770803071.292989,1055167.7095,6125689.4335,1424285.9852,0.09062,-0.631353,-0.765145,-0.087944,0.0083,-0.0025,-0.0067,-5e-05,-0.0003,0.00067
1770803071.3438015,1055167.7095,6125689.4335,1424285.9852,0.09062,-0.631353,-0.765145,-0.087944,0.0083,-0.0025,-0.0067,-0.00022,-0.00151,0.00011
1770803071.3917856,1055167.7095,6125689.4335,1424285.9852,0.09062,-0.631353,-0.765145,-0.087944,0.0083,-0.0025,-0.0067,0.00248,-0.00244,0.00022
1770803071.4399521,1055167.7095,6125689.4335,1424285.9852,0.09062,-0.631353,-0.765145,-0.087944,0.0083,-0.0025,-0.0067,-0.00061,0.00185,0.00063
1770803071.4926195,1055167.7095,6125689.4335,1424285.9852,0.09062,-0.631353,-0.765145,-0.087944,0.0083,-0.0025,-0.0067,0.00146,-0.00314,0.00029
1770803071.540848,1055167.7095,6125689.4335,1424285.9852,0.09062,-0.631353,-0.765145,-0.087944,0.0083,-0.0025,-0.0067,0.00107,-0.00471,-0.00082
1770803071.5905178,1055167.7095,6125689.4335,1424285.9852,0.09062,-0.631353,-0.765145,-0.087944,0.0083,-0.0025,-0.0067,0.00162,-0.00281,-0.00023
1770803071.6411724,1055167.7095,6125689.4335,1424285.9852,0.09062,-0.631353,-0.765145,-0.087944,0.0083,-0.0025,-0.0067,0.00047,-0.00119,-0.00025
1770803071.698274,1055167.7095,6125689.4335,1424285.9852,0.09062,-0.631353,-0.765145,-0.087944,0.0083,-0.0025,-0.0067,0.00017,0.00075,0.00018
1770803071.7460341,1055167.7095,6125689.4335,1424285.9852,0.09062,-0.631353,-0.765145,-0.087944,0.0083,-0.0025,-0.0067,-0.00021,0.00018,0.00043
1770803071.790769,1055167.7095,6125689.4335,1424285.9852,0.09062,-0.631353,-0.765145,-0.087944,0.0083,-0.0025,-0.0067,-0.00157,0.00344,2e-05
1770803071.8407362,1055167.7095,6125689.4335,1424285.9852,0.09062,-0.631353,-0.765145,-0.087944,0.0083,-0.0025,-0.0067,-0.00103,0.00474,0.00113
1770803071.8908873,1055167.7095,6125689.4335,1424285.9852,0.09062,-0.631353,-0.765145,-0.087944,0.0083,-0.0025,-0.0067,0.00049,0.00062,-0.00016
1770803071.9412704,1055167.7095,6125689.4335,1424285.9852,0.09062,-0.631353,-0.765145,-0.087944,0.0083,-0.0025,-0.0067,0.00025,0.00121,0.00038
1770803071.9941416,1055167.7095,6125689.4335,1424285.9852,0.09062,-0.631353,-0.765145,-0.087944,0.0083,-0.0025,-0.0067,0.00164,-0.00406,-0.00035
1770803072.0408826,1055167.7095,6125689.4335,1424285.9852,0.09062,-0.631353,-0.765145,-0.087944,0.0083,-0.0025,-0.0067,0.00116,-0.00153,-0.00045
1770803072.091926,1055167.7095,6125689.4335,1424285.9852,0.09062,-0.631353,-0.765145,-0.087944,0.0083,-0.0025,-0.0067,0.0019,-0.00312,-0.00041
1770803072.1405892,1055167.7095,6125689.4335,1424285.9852,0.09062,-0.631353,-0.765145,-0.087944,0.0083,-0.0025,-0.0067,0.00022,0.00098,0.0004
1770803072.1911926,1055167.7095,6125689.4335,1424285.9852,0.09062,-0.631353,-0.765145,-0.087944,0.0083,-0.0025,-0.0067,0.00177,-0.00432,-0.0009
1770803072.2405758,1055167.7095,6125689.4335,1424285.9852,0.09062,-0.631353,-0.765145,-0.087944,0.0083,-0.0025,-0.0067,0.00072,-0.00135,-0.00024
1770803072.2904763,1055167.7095,6125689.4335,1424285.9852,0.09062,-0.631353,-0.765145,-0.087944,0.0083,-0.0025,-0.0067,0.00117,-0.00085,0.0002
1770803072.3417394,1055167.7095,6125689.4335,1424285.9852,0.09062,-0.631353,-0.765145,-0.087944,0.0083,-0.0025,-0.0067,0.00036,-0.00131,-0.00021
1770803072.3905964,1055167.7095,6125689.4335,1424285.9852,0.09062,-0.631353,-0.765145,-0.087944,0.0083,-0.0025,-0.0067,-0.00156,0.00359,0.0002
1770803072.4420373,1055167.7095,6125689.4335,1424285.9852,0.09062,-0.631353,-0.765145,-0.087944,0.0083,-0.0025,-0.0067,-0.00199,0.00135,-0.0002
1770803072.4918358,1055167.7095,6125689.4335,1424285.9852,0.09062,-0.631353,-0.765145,-0.087944,0.0083,-0.0025,-0.0067,-0.00045,0.0005,0.00016
1770803072.5413406,1055167.7095,6125689.4335,1424285.9852,0.09062,-0.631353,-0.765145,-0.087944,0.0083,-0.0025,-0.0067,-0.00173,0.00249,-0.00045
1770803072.5911858,1055167.7095,6125689.4335,1424285.9852,0.09062,-0.631353,-0.765145,-0.087944,0.0083,-0.0025,-0.0067,-0.00172,0.00179,0.00029
1770803072.6466975,1055167.7095,6125689.4335,1424285.9852,0.09062,-0.631353,-0.765145,-0.087944,0.0083,-0.0025,-0.0067,-5e-05,-0.00165,-0.00033
1770803072.6906903,1055167.7095,6125689.4335,1424285.9852,0.09062,-0.631353,-0.765145,-0.087944,0.0083,-0.0025,-0.0067,-0.00014,-0.00137,-8e-05
1770803072.7436903,1055167.7095,6125689.4335,1424285.9852,0.09062,-0.631353,-0.765145,-0.087944,0.0083,-0.0025,-0.0067,0.00144,-0.00413,-0.00018
1770803072.790222,1055167.7095,6125689.4335,1424285.9852,0.09062,-0.631353,-0.765145,-0.087944,0.0083,-0.0025,-0.0067,-0.00058,0.00072,0.00025
1770803072.847072,1055167.7095,6125689.4335,1424285.9852,0.09062,-0.631353,-0.765145,-0.087944,0.0083,-0.0025,-0.0067,0.00039,-0.0012,-0.00043
1770803072.8973513,1055167.7095,6125689.4335,1424285.9852,0.09062,-0.631353,-0.765145,-0.087944,0.0083,-0.0025,-0.0067,0.00213,-0.00334,-9e-05
1770803072.949665,1055167.7095,6125689.4335,1424285.9852,0.09062,-0.631353,-0.765145,-0.087944,0.0083,-0.0025,-0.0067,0.00056,0.00187,-0.00017
1770803072.9917076,1055167.7095,6125689.4335,1424285.9852,0.09062,-0.631353,-0.765145,-0.087944,0.0083,-0.0025,-0.0067,-8e-05,0.00061,-0.0004
1770803073.0414734,1055167.7095,6125689.4335,1424285.9852,0.09062,-0.631353,-0.765145,-0.087944,0.0083,-0.0025,-0.0067,-0.00013,0.00219,0.0004
1770803073.0905545,1055167.7095,6125689.4335,1424285.9852,0.09062,-0.631353,-0.765145,-0.087944,0.0083,-0.0025,-0.0067,-0.00023,0.00127,0.00022
1770803073.156038,1055167.7095,6125689.4335,1424285.9852,0.09062,-0.631353,-0.765145,-0.087944,0.0083,-0.0025,-0.0067,0.00058,-0.00156,0.00011
1770803073.191005,1055167.7095,6125689.4335,1424285.9852,0.09062,-0.631353,-0.765145,-0.087944,0.0083,-0.0025,-0.0067,0.0006,-0.00047,-0.00014
1770803073.2401392,1055167.7095,6125689.4335,1424285.9852,0.09062,-0.631353,-0.765145,-0.087944,0.0083,-0.0025,-0.0067,0.00052,-0.00026,-4e-05
1770803073.2923148,1055167.7095,6125689.4335,1424285.9852,0.09062,-0.631353,-0.765145,-0.087944,0.0083,-0.0025,-0.0067,-0.00127,0.00211,0.00015
1770803073.3495743,1055167.7095,6125689.4335,1424285.9852,0.09062,-0.631353,-0.765145,-0.087944,0.0083,-0.0025,-0.0067,-0.00038,0.00214,0.00011
1770803073.3904586,1055167.7095,6125689.4335,1424285.9852,0.09062,-0.631353,-0.765145,-0.087944,0.0083,-0.0025,-0.0067,0.0003,0.00042,0.00024
1770803073.4412,1055167.7095,6125689.4335,1424285.9852,0.09062,-0.631353,-0.765145,-0.087944,0.0083,-0.0025,-0.0067,-0.00043,0.00195,0.0003
1770803073.4907303,1055167.7095,6125689.4335,1424285.9852,0.09062,-0.631353,-0.765145,-0.087944,0.0083,-0.0025,-0.0067,-0.00127,0.00273,-5e-05
1770803073.5432396,1055167.7095,6125689.4335,1424285.9852,0.09062,-0.631353,-0.765145,-0.087944,0.0083,-0.0025,-0.0067,-0.0014,0.0012,0.00016
1770803073.5942106,1055167.7095,6125689.4335,1424285.9852,0.09062,-0.631353,-0.765145,-0.087944,0.0083,-0.0025,-0.0067,0.00028,-0.00255,-0.00068
1770803073.641072,1055167.7095,6125689.4335,1424285.9852,0.09062,-0.631353,-0.765145,-0.087944,0.0083,-0.0025,-0.0067,-0.00033,0.00073,-0.00027
1770803073.6910002,1055167.7095,6125689.4335,1424285.9852,0.09062,-0.631353,-0.765145,-0.087944,0.0083,-0.0025,-0.0067,0.00012,-0.00056,0.00022
1770803073.7408655,1055167.7095,6125689.4335,1424285.9852,0.09062,-0.631353,-0.765145,-0.087944,0.0083,-0.0025,-0.0067,-0.00317,0.00512,0.00012
1770803073.790731,1055167.7095,6125689.4335,1424285.9852,0.09062,-0.631353,-0.765145,-0.087944,0.0083,-0.0025,-0.0067,0.00052,0.00091,-0.00029
1770803073.8414795,1055167.7095,6125689.4335,1424285.9852,0.09062,-0.631353,-0.765145,-0.087944,0.0083,-0.0025,-0.0067,6e-05,-0.00116,-6e-05
1770803073.8923936,1055167.7095,6125689.4335,1424285.9852,0.09062,-0.631353,-0.765145,-0.087944,0.0083,-0.0025,-0.0067,-0.00191,0.00406,0.00065
1770803073.9404652,1055167.7095,6125689.4335,1424285.9852,0.09062,-0.631353,-0.765145,-0.087944,0.0083,-0.0025,-0.0067,2e-05,0.00113,0.00013
1770803073.9899213,1055167.7095,6125689.4335,1424285.9852,0.09062,-0.631353,-0.765145,-0.087944,0.0083,-0.0025,-0.0067,0.0008,-0.00037,7e-05
1770803074.0442555,1055167.7095,6125689.4335,1424285.9852,0.09062,-0.631353,-0.765145,-0.087944,0.0083,-0.0025,-0.0067,4e-05,0.00035,3e-05
1770803074.093214,1055167.7095,6125689.4335,1424285.9852,0.09062,-0.631353,-0.765145,-0.087944,0.0083,-0.0025,-0.0067,5e-05,-0.00064,0.00029
1770803074.1414797,1055167.7095,6125689.4335,1424285.9852,0.09062,-0.631353,-0.765145,-0.087944,0.0083,-0.0025,-0.0067,0.0017,-0.00356,-0.00027
1770803074.191137,1055167.7095,6125689.4335,1424285.9852,0.09062,-0.631353,-0.765145,-0.087944,0.0083,-0.0025,-0.0067,0.0014,-0.00434,-0.00035
1770803074.240671,1055167.7095,6125689.4335,1424285.9852,0.09062,-0.631353,-0.765145,-0.087944,0.0083,-0.0025,-0.0067,-0.00028,0.00152,-7e-05
1770803074.291434,1055167.7095,6125689.4335,1424285.9852,0.09062,-0.631353,-0.765145,-0.087944,0.0083,-0.0025,-0.0067,-2e-05,-0.00262,-4e-05
1770803074.3411527,1055167.7095,6125689.4335,1424285.9852,0.09062,-0.631353,-0.765145,-0.087944,0.0083,-0.0025,-0.0067,-0.00072,0.00012,-1e-05
1770803074.3930202,1055167.7095,6125689.4335,1424285.9852,0.09062,-0.631353,-0.765145,-0.087944,0.0083,-0.0025,-0.0067,-2e-05,-0.00034,-0.00031
1770803074.4419522,1055167.7095,6125689.4335,1424285.9852,0.09062,-0.631353,-0.765145,-0.087944,0.0083,-0.0025,-0.0067,0.00088,-0.00151,-0.00023
1770803074.490829,1055167.7095,6125689.4335,1424285.9852,0.09062,-0.631353,-0.765145,-0.087944,0.0083,-0.0025,-0.0067,-0.00037,0.00068,0.0004
1770803074.5408719,1055167.7095,6125689.4335,1424285.9852,0.09062,-0.631353,-0.765145,-0.087944,0.0083,-0.0025,-0.0067,-0.00129,-0.00011,0.00018
1770803074.5911067,1055167.7095,6125689.4335,1424285.9852,0.09062,-0.631353,-0.765145,-0.087944,0.0083,-0.0025,-0.0067,-0.00048,0.00137,0.00026
1770803074.6428807,1055167.7095,6125689.4335,1424285.9852,0.09062,-0.631353,-0.765145,-0.087944,0.0083,-0.0025,-0.0067,0.00017,-0.00145,-0.00016
1770803074.691627,1055167.7095,6125689.4335,1424285.9852,0.09062,-0.631353,-0.765145,-0.087944,0.0083,-0.0025,-0.0067,0.00097,-0.00088,0.00032
1770803074.7415228,1055167.7095,6125689.4335,1424285.9852,0.09062,-0.631353,-0.765145,-0.087944,0.0083,-0.0025,-0.0067,-0.00074,0.0015,-9e-05
1770803074.795178,1055167.7095,6125689.4335,1424285.9852,0.09062,-0.631353,-0.765145,-0.087944,0.0083,-0.0025,-0.0067,-0.00172,0.00096,0.0001
1770803074.8565543,1055167.7095,6125689.4335,1424285.9852,0.09062,-0.631353,-0.765145,-0.087944,0.0083,-0.0025,-0.0067,-0.0001,-0.00105,-0.00013
1770803074.896625,1055167.7095,6125689.4335,1424285.9852,0.09062,-0.631353,-0.765145,-0.087944,0.0083,-0.0025,-0.0067,-0.00087,0.0028,0.00055
1770803074.9406068,1055167.7095,6125689.4335,1424285.9852,0.09062,-0.631353,-0.765145,-0.087944,0.0083,-0.0025,-0.0067,-6e-05,0.001,-0.00036
1770803074.9987855,1055167.7095,6125689.4335,1424285.9852,0.09062,-0.631353,-0.765145,-0.087944,0.0083,-0.0025,-0.0067,-0.00116,0.00201,-0.00018
1770803075.0404892,1055167.7095,6125689.4335,1424285.9852,0.09062,-0.631353,-0.765145,-0.087944,0.0083,-0.0025,-0.0067,0.00031,-0.0012,-0.00054
1770803075.0902119,1055167.7095,6125689.4335,1424285.9852,0.09062,-0.631353,-0.765145,-0.087944,0.0083,-0.0025,-0.0067,0.00128,-0.00219,-0.00018
1770803075.1412008,1055167.7095,6125689.4335,1424285.9852,0.09062,-0.631353,-0.765145,-0.087944,0.0083,-0.0025,-0.0067,-0.00067,0.00023,0.00028
1770803075.191771,1055167.7095,6125689.4335,1424285.9852,0.09062,-0.631353,-0.765145,-0.087944,0.0083,-0.0025,-0.0067,-0.00057,0.00112,-0.00054
1770803075.2417278,1055167.7095,6125689.4335,1424285.9852,0.09062,-0.631353,-0.765145,-0.087944,0.0083,-0.0025,-0.0067,0.00119,-0.00233,-0.00046
1770803075.294837,1055167.7095,6125689.4335,1424285.9852,0.09062,-0.631353,-0.765145,-0.087944,0.0083,-0.0025,-0.0067,0.00037,0.00045,-0.00016
1770803075.3409026,1055167.7095,6125689.4335,1424285.9852,0.09062,-0.631353,-0.765145,-0.087944,0.0083,-0.0025,-0.0067,-0.00226,0.00341,0.0003
1770803075.3935297,1055167.7095,6125689.4335,1424285.9852,0.09062,-0.631353,-0.765145,-0.087944,0.0083,-0.0025,-0.0067,0.00065,0.00059,-0.00023
1770803075.440156,1055167.7095,6125689.4335,1424285.9852,0.09062,-0.631353,-0.765145,-0.087944,0.0083,-0.0025,-0.0067,0.00062,0.00015,-8e-05
1770803075.4905887,1055167.7095,6125689.4335,1424285.9852,0.09062,-0.631353,-0.765145,-0.087944,0.0083,-0.0025,-0.0067,-0.00028,0.00209,-0.00013
1770803075.541247,1055167.7095,6125689.4335,1424285.9852,0.09062,-0.631353,-0.765145,-0.087944,0.0083,-0.0025,-0.0067,0.00027,0.0007,-7e-05
1770803075.593841,1055167.7095,6125689.4335,1424285.9852,0.09062,-0.631353,-0.765145,-0.087944,0.0083,-0.0025,-0.0067,-0.00029,0.00261,0.00053
1770803075.641002,1055167.7095,6125689.4335,1424285.9852,0.09062,-0.631353,-0.765145,-0.087944,0.0083,-0.0025,-0.0067,-0.00066,0.00341,0.00019
1770803075.6921794,1055167.7095,6125689.4335,1424285.9852,0.09062,-0.631353,-0.765145,-0.087944,0.0083,-0.0025,-0.0067,-0.00053,0.00089,-1e-05
1770803075.7414606,1055167.7095,6125689.4335,1424285.9852,0.09062,-0.631353,-0.765145,-0.087944,0.0083,-0.0025,-0.0067,0.0012,-0.00212,-0.0006
1770803075.7942436,1055167.7095,6125689.4335,1424285.9852,0.09062,-0.631353,-0.765145,-0.087944,0.0083,-0.0025,-0.0067,-0.00098,0.00335,0.00023
1770803075.8422916,1055167.7095,6125689.4335,1424285.9852,0.09062,-0.631353,-0.765145,-0.087944,0.0083,-0.0025,-0.0067,0.00052,0.00335,0.00055
1770803075.891195,1055167.7095,6125689.4335,1424285.9852,0.09062,-0.631353,-0.765145,-0.087944,0.0083,-0.0025,-0.0067,0.00021,0.00207,0.0005
1770803075.942584,1055167.7095,6125689.4335,1424285.9852,0.09062,-0.631353,-0.765145,-0.087944,0.0083,-0.0025,-0.0067,-0.00086,0.00037,-0.00022
1770803075.9926333,1055167.7095,6125689.4335,1424285.9852,0.09062,-0.631353,-0.765145,-0.087944,0.0083,-0.0025,-0.0067,0.00111,-0.00126,8e-05
1770803076.0417016,1055167.7095,6125689.4335,1424285.9852,0.09062,-0.631353,-0.765145,-0.087944,0.0083,-0.0025,-0.0067,-0.00073,0.00158,0.00024
1770803076.0924656,1055167.7095,6125689.4335,1424285.9852,0.09062,-0.631353,-0.765145,-0.087944,0.0083,-0.0025,-0.0067,-0.00136,0.00333,0.00022
1770803076.1407623,1055167.7095,6125689.4335,1424285.9852,0.09062,-0.631353,-0.765145,-0.087944,0.0083,-0.0025,-0.0067,0.00111,-0.00178,0.00035
1770803076.1922386,1055167.7095,6125689.4335,1424285.9852,0.09062,-0.631353,-0.765145,-0.087944,0.0083,-0.0025,-0.0067,-0.00077,0.00024,-0.00047
1770803076.2415257,1055167.7095,6125689.4335,1424285.9852,0.09062,-0.631353,-0.765145,-0.087944,0.0083,-0.0025,-0.0067,-0.0015,0.00233,6e-05
1770803076.2916944,1055167.7095,6125689.4335,1424285.9852,0.09062,-0.631353,-0.765145,-0.087944,0.0083,-0.0025,-0.0067,-0.00028,-0.00062,-0.00053
1770803076.3409488,1055167.7095,6125689.4335,1424285.9852,0.09062,-0.631353,-0.765145,-0.087944,0.0083,-0.0025,-0.0067,0.00199,-0.00149,-0.00045
1770803076.390147,1055167.7095,6125689.4335,1424285.9852,0.09062,-0.631353,-0.765145,-0.087944,0.0083,-0.0025,-0.0067,0.00019,-0.00156,-0.00031
1770803076.4408388,1055167.7095,6125689.4335,1424285.9852,0.09062,-0.631353,-0.765145,-0.087944,0.0083,-0.0025,-0.0067,0.001,-0.00065,-0.00026
1770803076.490788,1055167.7095,6125689.4335,1424285.9852,0.09062,-0.631353,-0.765145,-0.087944,0.0083,-0.0025,-0.0067,-0.00119,0.00141,-9e-05
1770803076.5408678,1055167.7095,6125689.4335,1424285.9852,0.09062,-0.631353,-0.765145,-0.087944,0.0083,-0.0025,-0.0067,-0.00083,-0.00044,-0.00032
1770803076.5923922,1055167.7095,6125689.4335,1424285.9852,0.09062,-0.631353,-0.765145,-0.087944,0.0083,-0.0025,-0.0067,0.00051,-0.0013,0.00055
1770803076.6428337,1055167.7095,6125689.4335,1424285.9852,0.09062,-0.631353,-0.765145,-0.087944,0.0083,-0.0025,-0.0067,0.00097,-0.00133,-0.00049
1770803076.6936657,1055167.7095,6125689.4335,1424285.9852,0.09062,-0.631353,-0.765145,-0.087944,0.0083,-0.0025,-0.0067,-0.00038,0.00157,0.00041
1770803076.7438586,1055167.7095,6125689.4335,1424285.9852,0.09062,-0.631353,-0.765145,-0.087944,0.0083,-0.0025,-0.0067,0.00058,-0.00051,-9e-05
1770803076.790997,1055167.7095,6125689.4335,1424285.9852,0.09062,-0.631353,-0.765145,-0.087944,0.0083,-0.0025,-0.0067,0.00242,-0.00129,-7e-05
1770803076.841452,1055167.7095,6125689.4335,1424285.9852,0.09062,-0.631353,-0.765145,-0.087944,0.0083,-0.0025,-0.0067,0.00071,0.00073,-5e-05
1770803076.8904612,1055167.7095,6125689.4335,1424285.9852,0.09062,-0.631353,-0.765145,-0.087944,0.0083,-0.0025,-0.0067,0.00025,-0.00138,-0.00012
1770803076.9443245,1055167.7095,6125689.4335,1424285.9852,0.09062,-0.631353,-0.765145,-0.087944,0.0083,-0.0025,-0.0067,-0.00035,-0.00133,-0.00036
1770803076.9917765,1055167.7095,6125689.4335,1424285.9852,0.09062,-0.631353,-0.765145,-0.087944,0.0083,-0.0025,-0.0067,0.00217,-0.00309,0.00064
1770803077.0498302,1055167.7095,6125689.4335,1424285.9852,0.09062,-0.631353,-0.765145,-0.087944,0.0083,-0.0025,-0.0067,-0.00078,0.00295,0.00047
1770803077.0911033,1055167.7095,6125689.4335,1424285.9852,0.09062,-0.631353,-0.765145,-0.087944,0.0083,-0.0025,-0.0067,-0.00093,-0.00034,-0.00065
1770803077.1488125,1055167.7095,6125689.4335,1424285.9852,0.09062,-0.631353,-0.765145,-0.087944,0.0083,-0.0025,-0.0067,0.00051,0.00103,0.00017
1770803077.1947033,1055167.7095,6125689.4335,1424285.9852,0.09062,-0.631353,-0.765145,-0.087944,0.0083,-0.0025,-0.0067,0.00052,0.00035,8e-05
1770803077.2417877,1055167.7095,6125689.4335,1424285.9852,0.09062,-0.631353,-0.765145,-0.087944,0.0083,-0.0025,-0.0067,-5e-05,-0.00121,0.0004
1770803077.291272,1055167.7095,6125689.4335,1424285.9852,0.09062,-0.631353,-0.765145,-0.087944,0.0083,-0.0025,-0.0067,0.00023,-0.00147,-7e-05
1770803077.3470318,1055167.7095,6125689.4335,1424285.9852,0.09062,-0.631353,-0.765145,-0.087944,0.0083,-0.0025,-0.0067,-4e-05,0.00159,0.00039
1770803077.3949773,1055167.7095,6125689.4335,1424285.9852,0.09062,-0.631353,-0.765145,-0.087944,0.0083,-0.0025,-0.0067,-0.00141,0.00295,0.0002
1770803077.4452384,1055167.7095,6125689.4335,1424285.9852,0.09062,-0.631353,-0.765145,-0.087944,0.0083,-0.0025,-0.0067,0.00016,0.0009,0.00049
1770803077.4907656,1055167.7095,6125689.4335,1424285.9852,0.09062,-0.631353,-0.765145,-0.087944,0.0083,-0.0025,-0.0067,0.00136,-0.00245,-0.00016
1770803077.5475364,1055167.7095,6125689.4335,1424285.9852,0.09062,-0.631353,-0.765145,-0.087944,0.0083,-0.0025,-0.0067,0.00141,-0.00425,-0.00076
1770803077.5920422,1055167.7095,6125689.4335,1424285.9852,0.09062,-0.631353,-0.765145,-0.087944,0.0083,-0.0025,-0.0067,0.00081,-0.00078,-0.00059
1770803077.6495516,1055167.7095,6125689.4335,1424285.9852,0.09062,-0.631353,-0.765145,-0.087944,0.0083,-0.0025,-0.0067,-0.00028,-0.00035,-0.00026
1770803077.6927218,1055167.7095,6125689.4335,1424285.9852,0.09062,-0.631353,-0.765145,-0.087944,0.0083,-0.0025,-0.0067,0.00033,0.00042,9e-05
1770803077.742508,1055167.7095,6125689.4335,1424285.9852,0.09062,-0.631353,-0.765145,-0.087944,0.0083,-0.0025,-0.0067,0.0009,-0.00346,-0.00033
1770803077.7914536,1055167.7095,6125689.4335,1424285.9852,0.09062,-0.631353,-0.765145,-0.087944,0.0083,-0.0025,-0.0067,0.00088,-8e-05,-2e-05
1770803077.840472,1055167.7095,6125689.4335,1424285.9852,0.09062,-0.631353,-0.765145,-0.087944,0.0083,-0.0025,-0.0067,2e-05,-0.00127,-0.00101
1770803077.8917415,1055167.7095,6125689.4335,1424285.9852,0.09062,-0.631353,-0.765145,-0.087944,0.0083,-0.0025,-0.0067,0.00052,-0.00085,7e-05
1770803077.9409063,1055167.7095,6125689.4335,1424285.9852,0.09062,-0.631353,-0.765145,-0.087944,0.0083,-0.0025,-0.0067,-0.00151,0.00057,-0.00014
1770803077.9924564,1055167.7095,6125689.4335,1424285.9852,0.09062,-0.631353,-0.765145,-0.087944,0.0083,-0.0025,-0.0067,-0.00268,0.00355,0.00035
1770803078.0413387,1055167.7095,6125689.4335,1424285.9852,0.09062,-0.631353,-0.765145,-0.087944,0.0083,-0.0025,-0.0067,0.00081,-0.00052,0.00027
1770803078.091765,1055167.7095,6125689.4335,1424285.9852,0.09062,-0.631353,-0.765145,-0.087944,0.0083,-0.0025,-0.0067,-8e-05,0.00082,0.00036
1770803078.1408756,1055167.7095,6125689.4335,1424285.9852,0.09062,-0.631353,-0.765145,-0.087944,0.0083,-0.0025,-0.0067,0.00038,-0.00058,0.00035
1770803078.197035,1055167.7095,6125689.4335,1424285.9852,0.09062,-0.631353,-0.765145,-0.087944,0.0083,-0.0025,-0.0067,-0.00039,-0.00122,9e-05
1770803078.2450862,1055167.7095,6125689.4335,1424285.9852,0.09062,-0.631353,-0.765145,-0.087944,0.0083,-0.0025,-0.0067,-0.00033,0.00177,4e-05
1770803078.2960134,1055167.7095,6125689.4335,1424285.9852,0.09062,-0.631353,-0.765145,-0.087944,0.0083,-0.0025,-0.0067,-0.00211,0.00151,-3e-05
1770803078.3405693,1055167.7095,6125689.4335,1424285.9852,0.09062,-0.631353,-0.765145,-0.087944,0.0083,-0.0025,-0.0067,-0.00102,0.00146,0.00049
1770803078.3949378,1055167.7095,6125689.4335,1424285.9852,0.09062,-0.631353,-0.765145,-0.087944,0.0083,-0.0025,-0.0067,0.00188,-0.00388,-0.00049
1770803078.4405243,1055167.7095,6125689.4335,1424285.9852,0.09062,-0.631353,-0.765145,-0.087944,0.0083,-0.0025,-0.0067,0.0007,0.00026,0.00017
1770803078.490844,1055167.7095,6125689.4335,1424285.9852,0.09062,-0.631353,-0.765145,-0.087944,0.0083,-0.0025,-0.0067,0.0001,0.00085,0.00029
1770803078.544262,1055167.7095,6125689.4335,1424285.9852,0.09062,-0.631353,-0.765145,-0.087944,0.0083,-0.0025,-0.0067,-0.00202,0.00317,0.00043
1770803078.595158,1055167.7095,6125689.4335,1424285.9852,0.09062,-0.631353,-0.765145,-0.087944,0.0083,-0.0025,-0.0067,-0.00057,-0.00026,-4e-05
1770803078.6426065,1055167.7095,6125689.4335,1424285.9852,0.09062,-0.631353,-0.765145,-0.087944,0.0083,-0.0025,-0.0067,0.00112,-0.00088,-0.0003
1770803078.6943462,1055167.7095,6125689.4335,1424285.9852,0.09062,-0.631353,-0.765145,-0.087944,0.0083,-0.0025,-0.0067,0.00014,-0.00117,6e-05
1770803078.7446082,1055167.7095,6125689.4335,1424285.9852,0.09062,-0.631353,-0.765145,-0.087944,0.0083,-0.0025,-0.0067,-0.00053,0.00222,6e-05
1770803078.791976,1055167.7095,6125689.4335,1424285.9852,0.09062,-0.631353,-0.765145,-0.087944,0.0083,-0.0025,-0.0067,-0.00069,0.00123,0.00024
1770803078.8412344,1055167.7095,6125689.4335,1424285.9852,0.09062,-0.631353,-0.765145,-0.087944,0.0083,-0.0025,-0.0067,-0.0002,0.00074,0.00026
1770803078.894411,1055167.7095,6125689.4335,1424285.9852,0.09062,-0.631353,-0.765145,-0.087944,0.0083,-0.0025,-0.0067,0.00083,-0.00282,0.0001
1770803078.940932,1055167.7095,6125689.4335,1424285.9852,0.09062,-0.631353,-0.765145,-0.087944,0.0083,-0.0025,-0.0067,0.00121,-0.00311,-0.00014
1770803078.9926112,1055167.7095,6125689.4335,1424285.9852,0.09062,-0.631353,-0.765145,-0.087944,0.0083,-0.0025,-0.0067,-0.00054,0.00073,-0.0001
1770803079.043845,1055167.7095,6125689.4335,1424285.9852,0.09062,-0.631353,-0.765145,-0.087944,0.0083,-0.0025,-0.0067,0.00065,-0.00068,5e-05
1770803079.093569,1055167.7095,6125689.4335,1424285.9852,0.09062,-0.631353,-0.765145,-0.087944,0.0083,-0.0025,-0.0067,-0.00321,0.00671,0.00037
1770803079.1437433,1055167.7095,6125689.4335,1424285.9852,0.09062,-0.631353,-0.765145,-0.087944,0.0083,-0.0025,-0.0067,-0.00032,-0.00046,-0.00028
1770803079.19592,1055167.7095,6125689.4335,1424285.9852,0.09062,-0.631353,-0.765145,-0.087944,0.0083,-0.0025,-0.0067,0.00106,-0.00299,0.00023
1770803079.2434726,1055167.7095,6125689.4335,1424285.9852,0.09062,-0.631353,-0.765145,-0.087944,0.0083,-0.0025,-0.0067,0.00161,-0.00155,-0.00017
1770803079.3000438,1055167.7095,6125689.4335,1424285.9852,0.09062,-0.631353,-0.765145,-0.087944,0.0083,-0.0025,-0.0067,-0.00036,0.00016,0.0001
1770803079.3447824,1055167.7095,6125689.4335,1424285.9852,0.09062,-0.631353,-0.765145,-0.087944,0.0083,-0.0025,-0.0067,0.00067,0.00015,0.00039
1770803079.3954053,1055167.7095,6125689.4335,1424285.9852,0.09062,-0.631353,-0.765145,-0.087944,0.0083,-0.0025,-0.0067,-0.00044,0.00216,0.00061
1770803079.4402254,1055167.7095,6125689.4335,1424285.9852,0.09062,-0.631353,-0.765145,-0.087944,0.0083,-0.0025,-0.0067,0.00101,0.00024,-0.00033
1770803079.4930775,1055167.7095,6125689.4335,1424285.9852,0.09062,-0.631353,-0.765145,-0.087944,0.0083,-0.0025,-0.0067,-0.00153,0.00164,-0.00016
1770803079.5405283,1055167.7095,6125689.4335,1424285.9852,0.09062,-0.631353,-0.765145,-0.087944,0.0083,-0.0025,-0.0067,0.00096,-0.00364,-0.00085
1770803079.5944605,1055167.7095,6125689.4335,1424285.9852,0.09062,-0.631353,-0.765145,-0.087944,0.0083,-0.0025,-0.0067,0.00123,-0.00209,-0.0
1770803079.6414428,1055167.7095,6125689.4335,1424285.9852,0.09062,-0.631353,-0.765145,-0.087944,0.0083,-0.0025,-0.0067,-0.00043,0.00177,0.00037
1770803079.693923,1055167.7095,6125689.4335,1424285.9852,0.09062,-0.631353,-0.765145,-0.087944,0.0083,-0.0025,-0.0067,0.00048,-0.0019,0.00039
1770803079.7420135,1055167.7095,6125689.4335,1424285.9852,0.09062,-0.631353,-0.765145,-0.087944,0.0083,-0.0025,-0.0067,0.00056,-0.00261,-0.0001
1770803079.7907507,1055167.7095,6125689.4335,1424285.9852,0.09062,-0.631353,-0.765145,-0.087944,0.0083,-0.0025,-0.0067,0.00159,-0.00244,-4e-05
1770803079.84103,1055167.7095,6125689.4335,1424285.9852,0.09062,-0.631353,-0.765145,-0.087944,0.0083,-0.0025,-0.0067,-0.00081,0.00208,0.00016
1770803079.8910859,1055167.7095,6125689.4335,1424285.9852,0.09062,-0.631353,-0.765145,-0.087944,0.0083,-0.0025,-0.0067,-0.00115,0.00187,0.00043
1770803079.9406655,1055167.7095,6125689.4335,1424285.9852,0.09062,-0.631353,-0.765145,-0.087944,0.0083,-0.0025,-0.0067,-0.0001,-0.00067,-0.00014
1770803079.9917352,1055167.7095,6125689.4335,1424285.9852,0.09062,-0.631353,-0.765145,-0.087944,0.0083,-0.0025,-0.0067,-0.00062,0.00037,0.0002
1770803080.0413966,1055167.7095,6125689.4335,1424285.9852,0.09062,-0.631353,-0.765145,-0.087944,0.0083,-0.0025,-0.0067,0.00099,-0.00081,-6e-05
1770803080.0914261,1055167.7095,6125689.4335,1424285.9852,0.09062,-0.631353,-0.765145,-0.087944,0.0083,-0.0025,-0.0067,0.00098,0.0004,0.00035
1770803080.1411035,1055167.7095,6125689.4335,1424285.9852,0.09062,-0.631353,-0.765145,-0.087944,0.0083,-0.0025,-0.0067,0.00063,-0.00251,-0.00067
1770803080.196134,1055167.7095,6125689.4335,1424285.9852,0.09062,-0.631353,-0.765145,-0.087944,0.0083,-0.0025,-0.0067,-0.0007,0.00073,0.00012
1770803080.242066,1055167.7095,6125689.4335,1424285.9852,0.09062,-0.631353,-0.765145,-0.087944,0.0083,-0.0025,-0.0067,-0.00063,6e-05,-0.00037
1770803080.2920496,1055167.7095,6125689.4335,1424285.9852,0.09062,-0.631353,-0.765145,-0.087944,0.0083,-0.0025,-0.0067,-0.00071,0.00445,0.00027
1770803080.3441527,1055167.7095,6125689.4335,1424285.9852,0.09062,-0.631353,-0.765145,-0.087944,0.0083,-0.0025,-0.0067,0.00079,-0.00049,0.00016
1770803080.3911674,1055167.7095,6125689.4335,1424285.9852,0.09062,-0.631353,-0.765145,-0.087944,0.0083,-0.0025,-0.0067,0.00082,0.00125,7e-05
1770803080.4404998,1055167.7095,6125689.4335,1424285.9852,0.09062,-0.631353,-0.765145,-0.087944,0.0083,-0.0025,-0.0067,-0.00139,0.00406,0.00035
1770803080.4917579,1055167.7095,6125689.4335,1424285.9852,0.09062,-0.631353,-0.765145,-0.087944,0.0083,-0.0025,-0.0067,0.00096,-0.00155,-0.0
1770803080.5405376,1055167.7095,6125689.4335,1424285.9852,0.09062,-0.631353,-0.765145,-0.087944,0.0083,-0.0025,-0.0067,-0.00132,0.00208,-0.0003
1770803080.595318,1055167.7095,6125689.4335,1424285.9852,0.09062,-0.631353,-0.765145,-0.087944,0.0083,-0.0025,-0.0067,0.00067,-0.00131,-0.00024
1770803080.646366,1055167.7095,6125689.4335,1424285.9852,0.09062,-0.631353,-0.765145,-0.087944,0.0083,-0.0025,-0.0067,-0.00017,-0.00174,-0.00025
1770803080.6913826,1055167.7095,6125689.4335,1424285.9852,0.09062,-0.631353,-0.765145,-0.087944,0.0083,-0.0025,-0.0067,-0.00071,0.00084,0.00034
1770803080.74125,1055167.7095,6125689.4335,1424285.9852,0.09062,-0.631353,-0.765145,-0.087944,0.0083,-0.0025,-0.0067,-0.00109,0.00154,5e-05
1770803080.7915037,1055167.7095,6125689.4335,1424285.9852,0.09062,-0.631353,-0.765145,-0.087944,0.0083,-0.0025,-0.0067,-0.00023,0.00066,-0.00023
1770803080.8433578,1055167.7095,6125689.4335,1424285.9852,0.09062,-0.631353,-0.765145,-0.087944,0.0083,-0.0025,-0.0067,0.00106,-0.00207,-0.00042
1770803080.8912067,1055167.7095,6125689.4335,1424285.9852,0.09062,-0.631353,-0.765145,-0.087944,0.0083,-0.0025,-0.0067,-0.00102,0.00173,0.0001
1770803080.9401455,1055167.7095,6125689.4335,1424285.9852,0.09062,-0.631353,-0.765145,-0.087944,0.0083,-0.0025,-0.0067,8e-05,0.00154,-0.00031
1770803080.993171,1055167.7095,6125689.4335,1424285.9852,0.09062,-0.631353,-0.765145,-0.087944,0.0083,-0.0025,-0.0067,0.00062,-0.00139,-0.00096
1770803081.0508919,1055167.7095,6125689.4335,1424285.9852,0.09062,-0.631353,-0.765145,-0.087944,0.0083,-0.0025,-0.0067,0.00046,0.00255,0.00014
1770803081.0911942,1055167.7095,6125689.4335,1424285.9852,0.09062,-0.631353,-0.765145,-0.087944,0.0083,-0.0025,-0.0067,-0.00015,-0.00073,-0.00018
1770803081.1416984,1055167.7095,6125689.4335,1424285.9852,0.09062,-0.631353,-0.765145,-0.087944,0.0083,-0.0025,-0.0067,0.00096,-0.00142,-0.00051
1770803081.1913378,1055167.7095,6125689.4335,1424285.9852,0.09062,-0.631353,-0.765145,-0.087944,0.0083,-0.0025,-0.0067,0.00057,-0.00283,-0.00039
1770803081.2452857,1055167.7095,6125689.4335,1424285.9852,0.09062,-0.631353,-0.765145,-0.087944,0.0083,-0.0025,-0.0067,0.00131,-0.00097,0.00016
1770803081.292281,1055167.7095,6125689.4335,1424285.9852,0.09062,-0.631353,-0.765145,-0.087944,0.0083,-0.0025,-0.0067,-0.00148,0.00062,-4e-05
1770803081.346796,1055167.7095,6125689.4335,1424285.9852,0.09062,-0.631353,-0.765145,-0.087944,0.0083,-0.0025,-0.0067,0.00136,0.00098,0.00054
1770803081.3925598,1055167.7095,6125689.4335,1424285.9852,0.09062,-0.631353,-0.765145,-0.087944,0.0083,-0.0025,-0.0067,0.00121,0.00025,0.00034
1770803081.4492853,1055167.7095,6125689.4335,1424285.9852,0.09062,-0.631353,-0.765145,-0.087944,0.0083,-0.0025,-0.0067,-0.00069,0.00232,0.00032
1770803081.4906483,1055167.7095,6125689.4335,1424285.9852,0.09062,-0.631353,-0.765145,-0.087944,0.0083,-0.0025,-0.0067,0.00041,-0.0017,-0.00081
1770803081.5412188,1055167.7095,6125689.4335,1424285.9852,0.09062,-0.631353,-0.765145,-0.087944,0.0083,-0.0025,-0.0067,0.00019,0.00045,-0.00045
1770803081.5911436,1055167.7095,6125689.4335,1424285.9852,0.09062,-0.631353,-0.765145,-0.087944,0.0083,-0.0025,-0.0067,-0.00011,0.0012,-0.00035
1770803081.6449556,1055167.7095,6125689.4335,1424285.9852,0.09062,-0.631353,-0.765145,-0.087944,0.0083,-0.0025,-0.0067,0.00044,-0.00032,0.00013
1770803081.6914704,1055167.7095,6125689.4335,1424285.9852,0.09062,-0.631353,-0.765145,-0.087944,0.0083,-0.0025,-0.0067,-0.00096,0.00085,-9e-05
1770803081.7412684,1055167.7095,6125689.4335,1424285.9852,0.09062,-0.631353,-0.765145,-0.087944,0.0083,-0.0025,-0.0067,-0.00029,0.00115,0.00043
1770803081.7915287,1055167.7095,6125689.4335,1424285.9852,0.09062,-0.631353,-0.765145,-0.087944,0.0083,-0.0025,-0.0067,0.00074,-0.00018,-0.00029
1770803081.8407376,1055167.7095,6125689.4335,1424285.9852,0.09062,-0.631353,-0.765145,-0.087944,0.0083,-0.0025,-0.0067,0.00044,-0.00102,0.00015
1770803081.8924148,1055167.7095,6125689.4335,1424285.9852,0.09062,-0.631353,-0.765145,-0.087944,0.0083,-0.0025,-0.0067,5e-05,-0.00153,0.00012
1770803081.9414709,1055167.7095,6125689.4335,1424285.9852,0.09062,-0.631353,-0.765145,-0.087944,0.0083,-0.0025,-0.0067,-0.0002,-0.00312,-0.00035
1770803081.990683,1055167.7095,6125689.4335,1424285.9852,0.09062,-0.631353,-0.765145,-0.087944,0.0083,-0.0025,-0.0067,-0.00037,-0.00094,5e-05
1770803082.0419877,1055167.7095,6125689.4335,1424285.9852,0.09062,-0.631353,-0.765145,-0.087944,0.0083,-0.0025,-0.0067,0.00151,-0.00342,-0.00047
1770803082.0923219,1055167.7095,6125689.4335,1424285.9852,0.09062,-0.631353,-0.765145,-0.087944,0.0083,-0.0025,-0.0067,0.00128,-0.00389,0.00016
1770803082.1403315,1055167.7095,6125689.4335,1424285.9852,0.09062,-0.631353,-0.765145,-0.087944,0.0083,-0.0025,-0.0067,0.00063,-0.00059,-0.00023
1770803082.1905193,1055167.7095,6125689.4335,1424285.9852,0.09062,-0.631353,-0.765145,-0.087944,0.0083,-0.0025,-0.0067,0.00059,-0.00118,-0.00012
1770803082.2410517,1055167.7095,6125689.4335,1424285.9852,0.09062,-0.631353,-0.765145,-0.087944,0.0083,-0.0025,-0.0067,-0.00154,0.00172,-3e-05
1770803082.2923925,1055167.7095,6125689.4335,1424285.9852,0.09062,-0.631353,-0.765145,-0.087944,0.0083,-0.0025,-0.0067,0.00067,0.00031,9e-05
1770803082.3424563,1055167.7095,6125689.4335,1424285.9852,0.09062,-0.631353,-0.765145,-0.087944,0.0083,-0.0025,-0.0067,-0.00081,0.00112,-0.00021
1770803082.3920302,1055167.7095,6125689.4335,1424285.9852,0.09062,-0.631353,-0.765145,-0.087944,0.0083,-0.0025,-0.0067,9e-05,-0.00123,0.00021
1770803082.4410567,1055167.7095,6125689.4335,1424285.9852,0.09062,-0.631353,-0.765145,-0.087944,0.0083,-0.0025,-0.0067,-0.00145,0.00054,-0.00022
1770803082.490624,1055167.7095,6125689.4335,1424285.9852,0.09062,-0.631353,-0.765145,-0.087944,0.0083,-0.0025,-0.0067,-0.00152,0.00293,-1e-05
1770803082.54135,1055167.7095,6125689.4335,1424285.9852,0.09062,-0.631353,-0.765145,-0.087944,0.0083,-0.0025,-0.0067,-0.00072,0.00384,-0.00016
1770803082.5921285,1055167.7095,6125689.4335,1424285.9852,0.09062,-0.631353,-0.765145,-0.087944,0.0083,-0.0025,-0.0067,-0.00189,0.00444,0.00017
1770803082.641186,1055167.7095,6125689.4335,1424285.9852,0.09062,-0.631353,-0.765145,-0.087944,0.0083,-0.0025,-0.0067,0.00162,-0.00388,-0.00035
1770803082.692081,1055167.7095,6125689.4335,1424285.9852,0.09062,-0.631353,-0.765145,-0.087944,0.0083,-0.0025,-0.0067,-0.00052,0.00178,0.00018
1770803082.7440374,1055167.7095,6125689.4335,1424285.9852,0.09062,-0.631353,-0.765145,-0.087944,0.0083,-0.0025,-0.0067,0.00022,-0.00046,-1e-05
1770803082.7916873,1055167.7095,6125689.4335,1424285.9852,0.09062,-0.631353,-0.765145,-0.087944,0.0083,-0.0025,-0.0067,0.00071,-0.00086,-7e-05
1770803082.8405883,1055167.7095,6125689.4335,1424285.9852,0.09062,-0.631353,-0.765145,-0.087944,0.0083,-0.0025,-0.0067,3e-05,0.00176,0.00014
1770803082.8919175,1055167.7095,6125689.4335,1424285.9852,0.09062,-0.631353,-0.765145,-0.087944,0.0083,-0.0025,-0.0067,-3e-05,0.0022,0.00015
1770803082.9409838,1055167.7095,6125689.4335,1424285.9852,0.09062,-0.631353,-0.765145,-0.087944,0.0083,-0.0025,-0.0067,-0.00066,0.00352,6e-05
1770803082.9947498,1055167.7095,6125689.4335,1424285.9852,0.09062,-0.631353,-0.765145,-0.087944,0.0083,-0.0025,-0.0067,-0.00181,0.00361,-0.00032
1770803083.040977,1055167.7095,6125689.4335,1424285.9852,0.09062,-0.631353,-0.765145,-0.087944,0.0083,-0.0025,-0.0067,0.00174,-0.00054,0.00017
1770803083.0906188,1055167.7095,6125689.4335,1424285.9852,0.09062,-0.631353,-0.765145,-0.087944,0.0083,-0.0025,-0.0067,0.00259,-0.00145,-6e-05
1770803083.1414528,1055167.7095,6125689.4335,1424285.9852,0.09062,-0.631353,-0.765145,-0.087944,0.0083,-0.0025,-0.0067,-0.00029,0.00281,0.0003
1770803083.191981,1055167.7095,6125689.4335,1424285.9852,0.09062,-0.631353,-0.765145,-0.087944,0.0083,-0.0025,-0.0067,-0.00096,0.00265,0.00018
1770803083.2418568,1055167.7095,6125689.4335,1424285.9852,0.09062,-0.631353,-0.765145,-0.087944,0.0083,-0.0025,-0.0067,0.00158,-0.00131,-1e-05
1770803083.2922175,1055167.7095,6125689.4335,1424285.9852,0.09062,-0.631353,-0.765145,-0.087944,0.0083,-0.0025,-0.0067,4e-05,-0.00026,-0.00037
1770803083.3413754,1055167.7095,6125689.4335,1424285.9852,0.09062,-0.631353,-0.765145,-0.087944,0.0083,-0.0025,-0.0067,0.00048,0.00121,0.00052
1770803083.3964303,1055167.7095,6125689.4335,1424285.9852,0.09062,-0.631353,-0.765145,-0.087944,0.0083,-0.0025,-0.0067,-6e-05,-0.00176,0.00013
1770803083.4433033,1055167.7095,6125689.4335,1424285.9852,0.09062,-0.631353,-0.765145,-0.087944,0.0083,-0.0025,-0.0067,-0.0019,0.00625,0.00027
1770803083.4978464,1055167.7095,6125689.4335,1424285.9852,0.09062,-0.631353,-0.765145,-0.087944,0.0083,-0.0025,-0.0067,0.00103,-0.00213,-0.00046
1770803083.5404983,1055167.7095,6125689.4335,1424285.9852,0.09062,-0.631353,-0.765145,-0.087944,0.0083,-0.0025,-0.0067,0.00082,-0.00241,-0.00016
1770803083.5917344,1055167.7095,6125689.4335,1424285.9852,0.09062,-0.631353,-0.765145,-0.087944,0.0083,-0.0025,-0.0067,0.0009,-0.00175,-0.00044
1770803083.6413095,1055167.7095,6125689.4335,1424285.9852,0.09062,-0.631353,-0.765145,-0.087944,0.0083,-0.0025,-0.0067,-0.00013,0.00183,0.00017
1770803083.6916852,1055167.7095,6125689.4335,1424285.9852,0.09062,-0.631353,-0.765145,-0.087944,0.0083,-0.0025,-0.0067,0.00076,-0.00112,0.00027
1770803083.7421832,1055167.7095,6125689.4335,1424285.9852,0.09062,-0.631353,-0.765145,-0.087944,0.0083,-0.0025,-0.0067,0.00014,0.00143,0.00035
1770803083.796495,1055167.7095,6125689.4335,1424285.9852,0.09062,-0.631353,-0.765145,-0.087944,0.0083,-0.0025,-0.0067,0.00063,-0.00233,1e-05
1770803083.8436823,1055167.7095,6125689.4335,1424285.9852,0.09062,-0.631353,-0.765145,-0.087944,0.0083,-0.0025,-0.0067,0.00051,-0.00217,-0.00044
1770803083.891774,1055167.7095,6125689.4335,1424285.9852,0.09062,-0.631353,-0.765145,-0.087944,0.0083,-0.0025,-0.0067,-4e-05,-0.00049,-0.00012
1770803083.9411042,1055167.7095,6125689.4335,1424285.9852,0.09062,-0.631353,-0.765145,-0.087944,0.0083,-0.0025,-0.0067,0.0007,0.00077,-0.00017
1770803083.9903655,1055167.7095,6125689.4335,1424285.9852,0.09062,-0.631353,-0.765145,-0.087944,0.0083,-0.0025,-0.0067,0.00059,0.00047,-8e-05
1770803084.0443156,1055167.7095,6125689.4335,1424285.9852,0.09062,-0.631353,-0.765145,-0.087944,0.0083,-0.0025,-0.0067,0.00118,-0.00091,0.00047
1770803084.0912616,1055167.7095,6125689.4335,1424285.9852,0.09062,-0.631353,-0.765145,-0.087944,0.0083,-0.0025,-0.0067,0.00035,-0.00143,0.00021
1770803084.1431355,1055167.7095,6125689.4335,1424285.9852,0.09062,-0.631353,-0.765145,-0.087944,0.0083,-0.0025,-0.0067,-0.00027,0.00057,-0.00018
1770803084.1909745,1055167.7095,6125689.4335,1424285.9852,0.09062,-0.631353,-0.765145,-0.087944,0.0083,-0.0025,-0.0067,0.00053,-0.00153,-0.00102
1770803084.2437375,1055167.7095,6125689.4335,1424285.9852,0.09062,-0.631353,-0.765145,-0.087944,0.0083,-0.0025,-0.0067,0.00163,-0.00345,-0.00029
1770803084.2919207,1055167.7095,6125689.4335,1424285.9852,0.09062,-0.631353,-0.765145,-0.087944,0.0083,-0.0025,-0.0067,-0.00018,0.00248,-0.00036
1770803084.341516,1055167.7095,6125689.4335,1424285.9852,0.09062,-0.631353,-0.765145,-0.087944,0.0083,-0.0025,-0.0067,0.00033,2e-05,-0.00019
1770803084.3908608,1055167.7095,6125689.4335,1424285.9852,0.09062,-0.631353,-0.765145,-0.087944,0.0083,-0.0025,-0.0067,-0.00046,0.00046,-0.00015
1770803084.4404857,1055167.7095,6125689.4335,1424285.9852,0.09062,-0.631353,-0.765145,-0.087944,0.0083,-0.0025,-0.0067,-0.00122,0.00171,-6e-05
1770803084.4914355,1055167.7095,6125689.4335,1424285.9852,0.09062,-0.631353,-0.765145,-0.087944,0.0083,-0.0025,-0.0067,-0.00055,0.00219,0.00024
1770803084.5420463,1055167.7095,6125689.4335,1424285.9852,0.09062,-0.631353,-0.765145,-0.087944,0.0083,-0.0025,-0.0067,-0.00077,0.00105,0.00018
1770803084.5922651,1055167.7095,6125689.4335,1424285.9852,0.09062,-0.631353,-0.765145,-0.087944,0.0083,-0.0025,-0.0067,0.0016,-0.00225,-0.00056
1770803084.6426232,1055167.7095,6125689.4335,1424285.9852,0.09062,-0.631353,-0.765145,-0.087944,0.0083,-0.0025,-0.0067,-0.00037,-0.00155,-0.00033
1770803084.693173,1055167.7095,6125689.4335,1424285.9852,0.09062,-0.631353,-0.765145,-0.087944,0.0083,-0.0025,-0.0067,0.00065,-3e-05,0.00049
1770803084.7439802,1055167.7095,6125689.4335,1424285.9852,0.09062,-0.631353,-0.765145,-0.087944,0.0083,-0.0025,-0.0067,-0.0008,-0.00085,-0.00048
1770803084.7912252,1055167.7095,6125689.4335,1424285.9852,0.09062,-0.631353,-0.765145,-0.087944,0.0083,-0.0025,-0.0067,-0.00092,-0.00187,-0.0012
1770803084.8429508,1055167.7095,6125689.4335,1424285.9852,0.09062,-0.631353,-0.765145,-0.087944,0.0083,-0.0025,-0.0067,0.00076,-0.00151,-0.0004
1770803084.8905392,1055167.7095,6125689.4335,1424285.9852,0.09062,-0.631353,-0.765145,-0.087944,0.0083,-0.0025,-0.0067,-0.00061,0.00033,-1e-05
1770803084.942844,1055167.7095,6125689.4335,1424285.9852,0.09062,-0.631353,-0.765145,-0.087944,0.0083,-0.0025,-0.0067,-0.00188,0.00253,0.00019
1770803084.9919214,1055167.7095,6125689.4335,1424285.9852,0.09062,-0.631353,-0.765145,-0.087944,0.0083,-0.0025,-0.0067,0.00051,0.00055,0.0002
1770803085.0411465,1055167.7095,6125689.4335,1424285.9852,0.09062,-0.631353,-0.765145,-0.087944,0.0083,-0.0025,-0.0067,0.0001,0.00023,0.00052
1770803085.092508,1055167.7095,6125689.4335,1424285.9852,0.09062,-0.631353,-0.765145,-0.087944,0.0083,-0.0025,-0.0067,0.00142,-0.00258,-0.00046
1770803085.1448898,1055167.7095,6125689.4335,1424285.9852,0.09062,-0.631353,-0.765145,-0.087944,0.0083,-0.0025,-0.0067,0.00093,-0.0016,-0.00049
1770803085.1936514,1055167.7095,6125689.4335,1424285.9852,0.09062,-0.631353,-0.765145,-0.087944,0.0083,-0.0025,-0.0067,-0.00207,0.00034,-0.00075
1770803085.240821,1055167.7095,6125689.4335,1424285.9852,0.09062,-0.631353,-0.765145,-0.087944,0.0083,-0.0025,-0.0067,8e-05,0.0003,0.00016
1770803085.2911267,1055167.7095,6125689.4335,1424285.9852,0.09062,-0.631353,-0.765145,-0.087944,0.0083,-0.0025,-0.0067,0.00017,-0.00126,2e-05
1770803085.34154,1055167.7095,6125689.4335,1424285.9852,0.09062,-0.631353,-0.765145,-0.087944,0.0083,-0.0025,-0.0067,0.00032,0.00132,-0.0
1770803085.39121,1055167.7095,6125689.4335,1424285.9852,0.09062,-0.631353,-0.765145,-0.087944,0.0083,-0.0025,-0.0067,0.0,0.0022,0.00023
1770803085.4425504,1055167.7095,6125689.4335,1424285.9852,0.09062,-0.631353,-0.765145,-0.087944,0.0083,-0.0025,-0.0067,-0.00104,0.001,2e-05
1770803085.492391,1055167.7095,6125689.4335,1424285.9852,0.09062,-0.631353,-0.765145,-0.087944,0.0083,-0.0025,-0.0067,-0.00027,-0.00177,-0.00076
1770803085.5437891,1055167.7095,6125689.4335,1424285.9852,0.09062,-0.631353,-0.765145,-0.087944,0.0083,-0.0025,-0.0067,-0.0007,0.00351,0.00079
1770803085.5910914,1055167.7095,6125689.4335,1424285.9852,0.09062,-0.631353,-0.765145,-0.087944,0.0083,-0.0025,-0.0067,0.00238,-0.00138,0.00042
1770803085.6476767,1055167.7095,6125689.4335,1424285.9852,0.09062,-0.631353,-0.765145,-0.087944,0.0083,-0.0025,-0.0067,-3e-05,0.00052,-0.0002
1770803085.691263,1055167.7095,6125689.4335,1424285.9852,0.09062,-0.631353,-0.765145,-0.087944,0.0083,-0.0025,-0.0067,-0.00065,0.00068,-0.00074
1770803085.7490392,1055167.7095,6125689.4335,1424285.9852,0.09062,-0.631353,-0.765145,-0.087944,0.0083,-0.0025,-0.0067,0.00013,-0.00016,4e-05
1770803085.791783,1055167.7095,6125689.4335,1424285.9852,0.09062,-0.631353,-0.765145,-0.087944,0.0083,-0.0025,-0.0067,0.00098,0.00064,0.00011
1770803085.8429523,1055167.7095,6125689.4335,1424285.9852,0.09062,-0.631353,-0.765145,-0.087944,0.0083,-0.0025,-0.0067,0.00087,0.00054,-0.00014
1770803085.891147,1055167.7095,6125689.4335,1424285.9852,0.09062,-0.631353,-0.765145,-0.087944,0.0083,-0.0025,-0.0067,-0.00047,0.00295,0.00029
1770803085.9445758,1055167.7095,6125689.4335,1424285.9852,0.09062,-0.631353,-0.765145,-0.087944,0.0083,-0.0025,-0.0067,0.00054,-0.00011,-0.00012
1770803085.9925616,1055167.7095,6125689.4335,1424285.9852,0.09062,-0.631353,-0.765145,-0.087944,0.0083,-0.0025,-0.0067,-0.0007,-0.00018,-0.00055
1770803086.0413826,1055167.7095,6125689.4335,1424285.9852,0.09062,-0.631353,-0.765145,-0.087944,0.0083,-0.0025,-0.0067,-0.00134,0.00238,-3e-05
1770803086.092163,1055167.7095,6125689.4335,1424285.9852,0.09062,-0.631353,-0.765145,-0.087944,0.0083,-0.0025,-0.0067,-1e-05,-0.00058,-0.00042
1770803086.1419868,1055167.7095,6125689.4335,1424285.9852,0.09062,-0.631353,-0.765145,-0.087944,0.0083,-0.0025,-0.0067,-0.0001,0.00098,0.00023
1770803086.1907651,1055167.7095,6125689.4335,1424285.9852,0.09062,-0.631353,-0.765145,-0.087944,0.0083,-0.0025,-0.0067,-0.00051,-2e-05,0.0001
1770803086.2426121,1055167.7095,6125689.4335,1424285.9852,0.09062,-0.631353,-0.765145,-0.087944,0.0083,-0.0025,-0.0067,-0.00036,0.00086,0.00034
1770803086.2912183,1055167.7095,6125689.4335,1424285.9852,0.09062,-0.631353,-0.765145,-0.087944,0.0083,-0.0025,-0.0067,9e-05,-0.00166,-0.0002
1770803086.3437738,1055167.7095,6125689.4335,1424285.9852,0.09062,-0.631353,-0.765145,-0.087944,0.0083,-0.0025,-0.0067,-3e-05,0.00187,0.00013
1770803086.391121,1055167.7095,6125689.4335,1424285.9852,0.09062,-0.631353,-0.765145,-0.087944,0.0083,-0.0025,-0.0067,4e-05,-0.00123,-0.00066
1770803086.44149,1055167.7095,6125689.4335,1424285.9852,0.09062,-0.631353,-0.765145,-0.087944,0.0083,-0.0025,-0.0067,0.00159,0.00078,-0.00017
1770803086.4917245,1055167.7095,6125689.4335,1424285.9852,0.09062,-0.631353,-0.765145,-0.087944,0.0083,-0.0025,-0.0067,0.00035,0.00024,0.0001
1770803086.5439515,1055167.7095,6125689.4335,1424285.9852,0.09062,-0.631353,-0.765145,-0.087944,0.0083,-0.0025,-0.0067,-0.00116,0.00228,0.00039
1770803086.5909996,1055167.7095,6125689.4335,1424285.9852,0.09062,-0.631353,-0.765145,-0.087944,0.0083,-0.0025,-0.0067,-0.00014,0.00047,-0.00026
1770803086.64108,1055167.7095,6125689.4335,1424285.9852,0.09062,-0.631353,-0.765145,-0.087944,0.0083,-0.0025,-0.0067,0.0011,-0.00146,0.00017
1770803086.693151,1055167.7095,6125689.4335,1424285.9852,0.09062,-0.631353,-0.765145,-0.087944,0.0083,-0.0025,-0.0067,-0.0014,0.00226,0.00016
1770803086.7426193,1055167.7095,6125689.4335,1424285.9852,0.09062,-0.631353,-0.765145,-0.087944,0.0083,-0.0025,-0.0067,-0.00018,-0.00094,-0.00016
1770803086.7919278,1055167.7095,6125689.4335,1424285.9852,0.09062,-0.631353,-0.765145,-0.087944,0.0083,-0.0025,-0.0067,-3e-05,0.00165,-3e-05
1770803086.8425255,1055167.7095,6125689.4335,1424285.9852,0.09062,-0.631353,-0.765145,-0.087944,0.0083,-0.0025,-0.0067,-0.0022,0.00419,0.00035
1770803086.8915675,1055167.7095,6125689.4335,1424285.9852,0.09062,-0.631353,-0.765145,-0.087944,0.0083,-0.0025,-0.0067,0.00019,0.00119,0.00019
1770803086.940632,1055167.7095,6125689.4335,1424285.9852,0.09062,-0.631353,-0.765145,-0.087944,0.0083,-0.0025,-0.0067,-0.00102,0.00231,0.00027
1770803086.9918792,1055167.7095,6125689.4335,1424285.9852,0.09062,-0.631353,-0.765145,-0.087944,0.0083,-0.0025,-0.0067,0.00025,-0.00145,-0.00077
1770803087.0410779,1055167.7095,6125689.4335,1424285.9852,0.09062,-0.631353,-0.765145,-0.087944,0.0083,-0.0025,-0.0067,-0.00047,0.00381,0.00057
1770803087.0914528,1055167.7095,6125689.4335,1424285.9852,0.09062,-0.631353,-0.765145,-0.087944,0.0083,-0.0025,-0.0067,0.00101,-0.00334,-0.0001
1770803087.1409225,1055167.7095,6125689.4335,1424285.9852,0.09062,-0.631353,-0.765145,-0.087944,0.0083,-0.0025,-0.0067,-8e-05,-7e-05,-7e-05
1770803087.1920183,1055167.7095,6125689.4335,1424285.9852,0.09062,-0.631353,-0.765145,-0.087944,0.0083,-0.0025,-0.0067,0.00163,-0.0011,0.00032
