Topic:,/fixposition/poiimu
time,ang_vel_x,ang_vel_y,ang_vel_z,lin_acc_x,lin_acc_y,lin_acc_z
1770803063.1896553,-0.00112,0.00211,-0.00026,-0.0161,-0.0897,9.8219
1770803063.2395353,-0.00055,0.00249,-3e-05,-0.0234,-0.0846,9.8113
1770803063.290462,0.00164,-0.00201,-0.00027,-0.0261,-0.0904,9.8046
1770803063.3392942,-0.00063,0.0033,0.00023,-0.0318,-0.0904,9.8065
1770803063.3916311,-0.00181,0.00114,-0.00039,-0.0343,-0.0871,9.8163
1770803063.4475777,0.00181,-0.00188,-0.00041,-0.0268,-0.089,9.8058
1770803063.4891727,-0.00017,2e-05,-0.00026,-0.024,-0.0926,9.8049
1770803063.5403156,-0.00056,0.00077,-0.00037,-0.0276,-0.0888,9.8177
1770803063.5899708,0.00163,-0.00447,-9e-05,-0.033,-0.0946,9.799
1770803063.6403432,-0.00028,0.0013,-0.00047,-0.0287,-0.0838,9.8132
1770803063.6910706,0.00043,7e-05,-0.00067,-0.0254,-0.0972,9.8007
1770803063.742084,-0.0006,0.0002,0.00017,-0.0082,-0.0939,9.817
1770803063.7892246,0.00024,-0.00051,-0.00053,-0.0178,-0.0963,9.809
1770803063.839434,-6e-05,-0.00011,-0.00025,-0.0196,-0.1002,9.8123
1770803063.8893807,-0.00125,0.00292,0.0004,-0.0363,-0.0915,9.8095
1770803063.9437253,-0.00096,0.00349,0.0003,-0.0096,-0.093,9.7929
1770803063.9895186,0.00183,-0.00094,0.00049,-0.0055,-0.0924,9.8147
1770803064.0452836,-0.0006,0.00111,-8e-05,-0.0425,-0.0983,9.8132
1770803064.092583,0.00078,-9e-05,0.00012,-0.0296,-0.1013,9.815
1770803064.1449218,-0.00113,0.00177,-0.00039,-0.0313,-0.0917,9.8067
1770803064.1899416,0.0032,-0.00514,9e-05,-0.0454,-0.0909,9.8129
1770803064.2445087,0.00093,-0.00237,1e-05,-0.0367,-0.096,9.8096
1770803064.2898047,0.00115,-0.00191,-8e-05,-0.0503,-0.0887,9.8057
1770803064.3484871,-0.00028,-6e-05,5e-05,-0.046,-0.0945,9.8074
1770803064.3919542,0.00045,-0.00233,-0.00023,-0.0498,-0.089,9.8083
1770803064.441513,0.00273,-0.0039,-0.00012,-0.0552,-0.0898,9.8143
1770803064.4906018,9e-05,-0.00198,-0.00017,-0.0457,-0.0912,9.8114
1770803064.5431106,-0.00083,0.00104,0.00034,-0.0708,-0.0985,9.8022
1770803064.5905416,0.00073,-0.00237,-0.0003,-0.071,-0.0893,9.8181
1770803064.6450672,0.00066,-0.00012,-5e-05,-0.0544,-0.0938,9.8133
1770803064.6916513,0.00044,0.00206,0.00017,-0.0056,-0.0884,9.804
1770803064.7405543,0.00028,0.00216,1e-05,-0.0014,-0.0813,9.8132
1770803064.7925687,0.00093,-0.00359,-0.00071,-0.0242,-0.0883,9.8001
1770803064.8440218,0.00042,0.00385,0.00061,-0.03,-0.0915,9.8268
1770803064.9197671,0.00122,-0.0013,-0.00015,-0.0427,-0.098,9.8064
1770803064.9431975,-0.0005,0.00105,0.0,-0.0437,-0.0985,9.8051
1770803064.9894788,-0.00018,-0.00202,-0.00082,-0.0527,-0.0937,9.8203
1770803065.0407948,-0.002,0.00104,-0.0004,-0.0563,-0.0872,9.8078
1770803065.0909755,-0.00076,0.00019,0.00041,-0.062,-0.0983,9.8182
1770803065.1445825,0.00088,-0.00066,0.0007,-0.0516,-0.0899,9.7983
1770803065.1895554,-0.00212,0.00507,0.00085,-0.0522,-0.0909,9.8166
1770803065.244482,0.00163,-0.00551,-0.00055,-0.043,-0.0947,9.8029
1770803065.2934701,0.00022,0.00087,0.00016,-0.0416,-0.0857,9.8213
1770803065.3397653,0.00129,-0.0013,0.00016,-0.0387,-0.0954,9.8024
1770803065.4003272,0.00137,-0.0055,-0.00042,-0.0513,-0.1079,9.8237
1770803065.4411314,-0.00096,-0.00107,0.00013,-0.0562,-0.0982,9.8062
1770803065.4900773,0.00027,0.00057,-0.00031,-0.0494,-0.0893,9.8159
1770803065.5405471,-5e-05,0.00079,0.00025,-0.0445,-0.0928,9.8066
1770803065.5950625,0.00111,-0.00264,-0.0003,-0.0321,-0.0998,9.8074
1770803065.640126,-0.00058,0.00057,-0.00047,-0.0391,-0.0958,9.8236
1770803065.6915996,0.00026,-2e-05,0.0003,-0.0318,-0.0887,9.8006
1770803065.7408602,-0.00038,0.0004,-0.00014,-0.0442,-0.0865,9.8088
1770803065.7944746,0.00055,-0.00241,-0.00062,-0.0349,-0.0961,9.8032
1770803065.8409321,-0.00087,0.00203,0.00025,-0.0452,-0.0967,9.809
1770803065.890324,-0.00067,0.00141,0.00013,-0.0412,-0.0886,9.8074
1770803065.9405742,0.00158,-0.00087,5e-05,-0.0344,-0.0918,9.8131
1770803065.9904537,-0.00095,0.00194,-0.00014,-0.0465,-0.0933,9.8076
1770803066.0398145,0.00062,-0.00201,5e-05,-0.0324,-0.0939,9.8155
1770803066.0923164,-0.00045,0.00084,0.00013,-0.0442,-0.0911,9.8106
1770803066.1427486,0.00049,-0.00091,0.00023,-0.0438,-0.0958,9.8002
1770803066.1986427,0.00034,0.00064,7e-05,-0.0298,-0.0742,9.8317
1770803066.2401366,5e-05,0.00026,-0.00067,-0.0353,-0.099,9.8053
1770803066.2928352,0.00049,-0.00211,-0.00034,-0.0381,-0.0914,9.8163
1770803066.3402855,0.00011,0.00067,0.00023,-0.0404,-0.0883,9.8016
1770803066.3948576,-0.00089,0.00091,6e-05,-0.0312,-0.0931,9.8116
1770803066.439458,-0.00024,0.00071,0.00018,-0.0332,-0.0884,9.8043
1770803066.4980073,-0.00095,0.00119,-0.00034,-0.0404,-0.0927,9.8161
1770803066.5504823,-0.00108,0.00172,0.00032,-0.044,-0.0912,9.8115
1770803066.5905187,-0.00074,0.00144,0.00024,-0.0387,-0.0874,9.8126
1770803066.6418636,-0.00052,3e-05,-0.0001,-0.043,-0.0821,9.8076
1770803066.6932526,-0.00078,0.00304,0.00022,-0.0392,-0.0896,9.8058
1770803066.740752,-0.00095,0.00151,-0.00047,-0.0392,-0.093,9.8169
1770803066.7901733,0.00187,-0.00285,-0.0005,-0.0403,-0.0945,9.803
1770803066.8421915,5e-05,-0.00147,-9e-05,-0.0409,-0.0938,9.8156
1770803066.8925276,0.0003,-0.00176,-0.00022,-0.041,-0.0909,9.8138
1770803066.941192,0.00022,0.00071,0.00024,-0.041,-0.0889,9.8074
1770803066.9903455,-0.00044,0.00149,-0.00014,-0.0424,-0.0794,9.8044
1770803067.043531,-0.00046,7e-05,0.00019,-0.03,-0.0911,9.8137
1770803067.0899916,-0.00079,0.00147,-0.00046,-0.0434,-0.098,9.8087
1770803067.143753,0.00176,-0.00178,-0.0003,-0.0367,-0.0876,9.8021
1770803067.193276,-0.00115,0.00299,-0.0002,-0.0222,-0.0867,9.8074
1770803067.2404902,-0.00091,0.00223,-3e-05,-0.0112,-0.087,9.7949
1770803067.2902615,0.00038,0.00011,-0.00013,-0.0156,-0.0828,9.8138
1770803067.3396194,-0.0008,0.0024,0.00015,-0.0329,-0.0934,9.8024
1770803067.390242,0.00206,-0.00281,5e-05,-0.034,-0.0812,9.82
1770803067.4411068,0.00063,-0.00072,0.00034,-0.0503,-0.0996,9.8065
1770803067.4911525,0.00176,-0.00249,-0.0005,-0.0386,-0.0854,9.8179
1770803067.540031,-0.00127,0.00216,0.00066,-0.0516,-0.0953,9.8168
1770803067.59019,-0.00085,0.00087,-0.00032,-0.0438,-0.0934,9.8074
1770803067.6423652,0.00084,0.00052,-1e-05,-0.0439,-0.0996,9.8133
1770803067.6903517,-0.00119,-0.00058,0.00019,-0.0368,-0.0939,9.8067
1770803067.7405531,0.00074,0.00234,0.00073,-0.0339,-0.0897,9.8122
1770803067.7906399,0.00101,-0.00154,0.00013,-0.0342,-0.0835,9.8081
1770803067.84092,-1e-05,-0.00034,4e-05,-0.04,-0.0891,9.8091
1770803067.8932989,0.0018,-0.00317,-0.00051,-0.0513,-0.0803,9.7999
1770803067.9406097,0.0012,-0.00246,-0.00019,-0.0511,-0.0902,9.8198
1770803067.9915326,-0.00031,0.0021,0.00059,-0.0441,-0.0925,9.8129
1770803068.0411344,-0.0006,-0.00164,-5e-05,-0.0442,-0.0882,9.8086
1770803068.0928283,4e-05,-0.00083,0.00017,-0.0504,-0.0872,9.8088
1770803068.1403654,0.00096,-0.00202,-0.00031,-0.0485,-0.0947,9.8065
1770803068.1902003,-0.00015,0.00193,-0.0002,-0.0412,-0.0913,9.8104
1770803068.2399752,-0.00184,0.00419,0.00059,-0.0294,-0.0877,9.8068
1770803068.2894392,0.0,-0.00014,9e-05,-0.0356,-0.0932,9.8132
1770803068.3397045,-9e-05,0.00164,0.00052,-0.0372,-0.0975,9.8072
1770803068.3905993,-0.00068,0.001,0.00024,-0.0416,-0.0966,9.8102
1770803068.4431744,-0.00142,0.00247,-6e-05,-0.0369,-0.0938,9.8072
1770803068.489563,0.00057,-0.00059,-0.00021,-0.0367,-0.0924,9.8182
1770803068.5470974,0.00087,-0.00075,5e-05,-0.0377,-0.0994,9.8042
1770803068.5920687,0.00087,-0.00052,6e-05,-0.0315,-0.0913,9.8145
1770803068.6407547,0.00124,-0.00206,-0.00015,-0.0351,-0.0901,9.8098
1770803068.6899378,-0.00073,-0.0001,-0.0004,-0.0423,-0.0883,9.806
1770803068.7515054,-0.00157,0.00392,0.0002,-0.0531,-0.0847,9.8109
1770803068.7900505,0.00049,-0.0003,0.00019,-0.0331,-0.0859,9.805
1770803068.844673,0.00122,-0.00197,-0.00015,-0.0402,-0.0896,9.8131
1770803068.8917968,0.00107,-0.00066,1e-05,-0.0339,-0.0883,9.8054
1770803068.9425597,-0.00099,0.00279,0.00021,-0.0378,-0.0961,9.8166
1770803068.9901204,-0.00033,-0.00146,-0.00045,-0.0415,-0.0853,9.8089
1770803069.0420802,0.00229,-0.00462,3e-05,-0.0417,-0.0901,9.8162
1770803069.0896494,-0.00118,0.00164,9e-05,-0.0489,-0.0983,9.8046
1770803069.1398022,-0.00051,3e-05,0.00039,-0.0564,-0.094,9.8096
1770803069.1914008,-0.00026,-0.00134,0.0,-0.0539,-0.0853,9.8136
1770803069.23982,0.0008,-0.00346,-0.00027,-0.0506,-0.0894,9.8124
1770803069.2915363,-5e-05,0.00021,0.00016,-0.0427,-0.0942,9.8095
1770803069.339925,0.00245,-0.00212,-0.00025,-0.0458,-0.0947,9.8142
1770803069.3909109,0.00052,0.00092,-0.00016,-0.0417,-0.0907,9.8124
1770803069.440594,-0.00096,0.00475,0.00048,-0.0373,-0.097,9.803
1770803069.4952545,-8e-05,-0.00023,-0.00066,-0.0383,-0.0887,9.8187
1770803069.5423176,-0.00046,0.00328,-0.00013,-0.0319,-0.0917,9.8058
1770803069.590681,-0.00177,0.00548,0.00087,-0.0318,-0.0943,9.8203
1770803069.641219,0.0004,0.00019,0.00024,-0.0207,-0.0973,9.8039
1770803069.690396,0.00037,0.00173,0.00038,-0.0172,-0.0883,9.8086
1770803069.7420664,0.00036,0.00054,-0.00026,-0.0246,-0.0904,9.8014
1770803069.7933679,0.00036,0.00118,-6e-05,-0.0361,-0.0931,9.8187
1770803069.845237,8e-05,-0.00186,-0.00031,-0.0427,-0.0939,9.8144
1770803069.8898804,0.00106,-0.00278,-0.00047,-0.0367,-0.0847,9.8018
1770803069.9410768,-0.0023,0.00241,0.00024,-0.036,-0.0915,9.8118
1770803069.9918149,0.00031,-0.00039,0.0002,-0.0444,-0.0935,9.7957
1770803070.0396786,-0.00185,0.0076,0.0008,-0.0335,-0.1023,9.816
1770803070.0912766,-0.00012,-2e-05,3e-05,-0.0433,-0.0959,9.8129
1770803070.141038,5e-05,-0.00056,-0.00033,-0.0552,-0.0872,9.8177
1770803070.1923244,0.00044,-0.00177,-3e-05,-0.0431,-0.0903,9.808
1770803070.23989,-0.00101,0.00248,0.00014,-0.0508,-0.0942,9.8144
1770803070.290275,0.0,-0.00237,-0.00056,-0.0428,-0.0908,9.8112
1770803070.341245,-0.00024,0.00012,-0.00024,-0.0458,-0.0936,9.8111
1770803070.3908393,-0.00106,-0.0001,-0.00066,-0.0435,-0.0917,9.8108
1770803070.4399858,0.00011,-0.00266,-4e-05,-0.0443,-0.0903,9.8146
1770803070.4907594,-0.00052,-0.002,-0.00048,-0.056,-0.0977,9.812
1770803070.5406592,0.00034,-0.00171,0.00015,-0.0567,-0.0909,9.8059
1770803070.5946121,0.00106,-0.0017,0.00014,-0.0599,-0.0984,9.8176
1770803070.6402678,0.00017,-0.00267,-0.00017,-0.049,-0.1015,9.8088
1770803070.695925,0.00197,-0.00212,-0.00028,-0.0595,-0.0988,9.8211
1770803070.7399392,-0.00071,0.00267,6e-05,-0.0339,-0.0897,9.8029
1770803070.7999392,0.00042,-0.00164,-0.00041,-0.0362,-0.0884,9.8082
1770803070.8398118,-0.00182,0.0021,0.00023,-0.0382,-0.0918,9.8057
1770803070.890854,0.00066,-0.00144,-4e-05,-0.0499,-0.0899,9.8078
1770803070.9396095,0.00119,0.00047,0.00021,-0.0422,-0.0915,9.8057
1770803070.9936337,6e-05,0.0003,-0.00015,-0.0436,-0.0921,9.8064
1770803071.041275,0.0,0.0002,0.00023,-0.0191,-0.0771,9.8186
1770803071.0912998,0.00033,-0.00072,0.0003,-0.0373,-0.0865,9.8064
1770803071.140014,-3e-05,-0.00452,8e-05,-0.0446,-0.0972,9.8154
1770803071.1913762,0.00012,0.00054,0.00056,-0.0612,-0.0959,9.8125
1770803071.2401447,0.00074,-0.00412,-0.00012,-0.0636,-0.086,9.819
1770803071.2910545,-5e-05,-0.0003,0.00067,-0.0644,-0.0978,9.8074
1770803071.3425288,-0.00022,-0.00151,0.00011,-0.0635,-0.1006,9.8209
1770803071.3916357,0.00248,-0.00244,0.00022,-0.0545,-0.0909,9.8078
1770803071.4393454,-0.00061,0.00185,0.00063,-0.0496,-0.0928,9.8164
1770803071.4902558,0.00146,-0.00314,0.00029,-0.0465,-0.0965,9.8085
1770803071.540661,0.00107,-0.00471,-0.00082,-0.0552,-0.0977,9.8124
1770803071.5908344,0.00162,-0.00281,-0.00023,-0.0476,-0.0938,9.8177
1770803071.6415396,0.00047,-0.00119,-0.00025,-0.0486,-0.0921,9.8023
1770803071.6970375,0.00017,0.00075,0.00018,-0.0439,-0.0934,9.8243
1770803071.7468429,-0.00021,0.00018,0.00043,-0.0355,-0.092,9.801
1770803071.7904387,-0.00157,0.00344,2e-05,-0.0393,-0.0958,9.8151
1770803071.8404582,-0.00103,0.00474,0.00113,-0.0233,-0.0882,9.8075
1770803071.89178,0.00049,0.00062,-0.00016,-0.0141,-0.0969,9.8155
1770803071.9418557,0.00025,0.00121,0.00038,-0.0128,-0.0967,9.8073
1770803071.9923062,0.00164,-0.00406,-0.00035,-0.0324,-0.0943,9.8152
1770803072.0407202,0.00116,-0.00153,-0.00045,-0.0312,-0.089,9.8083
1770803072.0919886,0.0019,-0.00312,-0.00041,-0.0287,-0.0908,9.7987
1770803072.1403775,0.00022,0.00098,0.0004,-0.0386,-0.0833,9.8119
1770803072.1909275,0.00177,-0.00432,-0.0009,-0.041,-0.0809,9.8079
1770803072.2403984,0.00072,-0.00135,-0.00024,-0.0386,-0.0921,9.8091
1770803072.2908337,0.00117,-0.00085,0.0002,-0.0422,-0.098,9.8072
1770803072.3421202,0.00036,-0.00131,-0.00021,-0.0391,-0.0921,9.8113
1770803072.3894763,-0.00156,0.00359,0.0002,-0.0392,-0.0911,9.8078
1770803072.443423,-0.00199,0.00135,-0.0002,-0.0381,-0.0954,9.8137
1770803072.4903107,-0.00045,0.0005,0.00016,-0.0323,-0.0939,9.8141
1770803072.540994,-0.00173,0.00249,-0.00045,-0.0322,-0.0937,9.8046
1770803072.590514,-0.00172,0.00179,0.00029,-0.0214,-0.1001,9.8114
1770803072.6454334,-5e-05,-0.00165,-0.00033,-0.0211,-0.0841,9.6803
1770803072.6903553,-0.00014,-0.00137,-8e-05,-0.0438,-0.0911,9.8298
1770803072.744273,0.00144,-0.00413,-0.00018,-0.027,-0.1015,9.8246
1770803072.7901075,-0.00058,0.00072,0.00025,-0.0483,-0.1039,9.8117
1770803072.8466156,0.00039,-0.0012,-0.00043,-0.0448,-0.0994,9.8079
1770803072.8991728,0.00213,-0.00334,-9e-05,-0.0447,-0.0995,9.8139
1770803072.9489322,0.00056,0.00187,-0.00017,-0.0404,-0.089,9.8029
1770803072.9900632,-8e-05,0.00061,-0.0004,-0.0536,-0.1006,9.8164
1770803073.0410194,-0.00013,0.00219,0.0004,-0.0425,-0.0903,9.8041
1770803073.0898826,-0.00023,0.00127,0.00022,-0.0251,-0.0891,9.8079
1770803073.1557422,0.00058,-0.00156,0.00011,-0.0235,-0.0919,9.8107
1770803073.1905339,0.0006,-0.00047,-0.00014,-0.0348,-0.1034,9.806
1770803073.2398486,0.00052,-0.00026,-4e-05,-0.0222,-0.0992,9.8099
1770803073.291044,-0.00127,0.00211,0.00015,-0.0297,-0.0847,9.7996
1770803073.3442204,-0.00038,0.00214,0.00011,-0.0386,-0.0888,9.8058
1770803073.3906047,0.0003,0.00042,0.00024,-0.0286,-0.0999,9.8106
1770803073.4402676,-0.00043,0.00195,0.0003,-0.0433,-0.0974,9.8062
1770803073.4904795,-0.00127,0.00273,-5e-05,-0.0362,-0.0867,9.8196
1770803073.5431218,-0.0014,0.0012,0.00016,-0.0366,-0.091,9.8083
1770803073.5946097,0.00028,-0.00255,-0.00068,-0.0432,-0.099,9.8171
1770803073.6408594,-0.00033,0.00073,-0.00027,-0.0422,-0.0954,9.8124
1770803073.6908338,0.00012,-0.00056,0.00022,-0.0426,-0.096,9.811
1770803073.7404585,-0.00317,0.00512,0.00012,-0.0385,-0.0885,9.8054
1770803073.790548,0.00052,0.00091,-0.00029,-0.0294,-0.0968,9.8038
1770803073.8409677,6e-05,-0.00116,-6e-05,-0.0195,-0.0951,9.8087
1770803073.8902326,-0.00191,0.00406,0.00065,-0.0164,-0.0832,9.813
1770803073.9404023,2e-05,0.00113,0.00013,-0.0314,-0.0976,9.8128
1770803073.9905384,0.0008,-0.00037,7e-05,-0.0317,-0.0994,9.7972
1770803074.0429914,4e-05,0.00035,3e-05,-0.0367,-0.0958,9.8106
1770803074.0939066,5e-05,-0.00064,0.00029,-0.0296,-0.0925,9.8113
1770803074.1409156,0.0017,-0.00356,-0.00027,-0.0275,-0.0871,9.7949
1770803074.1905646,0.0014,-0.00434,-0.00035,-0.0239,-0.0981,9.8086
1770803074.2394693,-0.00028,0.00152,-7e-05,-0.0268,-0.0898,9.8048
1770803074.2903378,-2e-05,-0.00262,-4e-05,-0.0389,-0.0935,9.8066
1770803074.340222,-0.00072,0.00012,-1e-05,-0.0554,-0.0964,9.81
1770803074.3914251,-2e-05,-0.00034,-0.00031,-0.0514,-0.0863,9.798
1770803074.441534,0.00088,-0.00151,-0.00023,-0.0378,-0.0943,9.8022
1770803074.489762,-0.00037,0.00068,0.0004,-0.0248,-0.1025,9.8115
1770803074.5406826,-0.00129,-0.00011,0.00018,-0.0369,-0.0846,9.8087
1770803074.5900283,-0.00048,0.00137,0.00026,-0.0356,-0.086,9.8019
1770803074.6444874,0.00017,-0.00145,-0.00016,-0.0256,-0.1008,9.8111
1770803074.6905503,0.00097,-0.00088,0.00032,-0.0312,-0.0968,9.8117
1770803074.7412457,-0.00074,0.0015,-9e-05,-0.0313,-0.091,9.8091
1770803074.792884,-0.00172,0.00096,0.0001,-0.0451,-0.0881,9.8106
1770803074.8570352,-0.0001,-0.00105,-0.00013,-0.0375,-0.088,9.8022
1770803074.8949125,-0.00087,0.0028,0.00055,-0.0379,-0.0985,9.8128
1770803074.940138,-6e-05,0.001,-0.00036,-0.0335,-0.1014,9.8124
1770803074.9984925,-0.00116,0.00201,-0.00018,-0.029,-0.0939,9.814
1770803075.0395215,0.00031,-0.0012,-0.00054,-0.0244,-0.0971,9.8023
1770803075.0900917,0.00128,-0.00219,-0.00018,-0.0209,-0.1011,9.8129
1770803075.140722,-0.00067,0.00023,0.00028,-0.0306,-0.0973,9.8069
1770803075.1919649,-0.00057,0.00112,-0.00054,-0.0377,-0.0898,9.8162
1770803075.2419953,0.00119,-0.00233,-0.00046,-0.0417,-0.0907,9.8091
1770803075.2941384,0.00037,0.00045,-0.00016,-0.0195,-0.0914,9.8107
1770803075.3415258,-0.00226,0.00341,0.0003,-0.0234,-0.0952,9.8141
1770803075.3933024,0.00065,0.00059,-0.00023,-0.0285,-0.0953,9.8127
1770803075.440283,0.00062,0.00015,-8e-05,-0.0214,-0.1035,9.8152
1770803075.490794,-0.00028,0.00209,-0.00013,-0.0305,-0.0903,9.8064
1770803075.5395503,0.00027,0.0007,-7e-05,-0.0152,-0.0979,9.8005
1770803075.5924487,-0.00029,0.00261,0.00053,-0.016,-0.0851,9.8046
1770803075.6423619,-0.00066,0.00341,0.00019,-0.0312,-0.0928,9.8075
1770803075.6916018,-0.00053,0.00089,-1e-05,-0.044,-0.0958,9.7987
1770803075.7405565,0.0012,-0.00212,-0.0006,-0.0559,-0.0864,9.8109
1770803075.7932625,-0.00098,0.00335,0.00023,-0.0392,-0.096,9.8185
1770803075.8408005,0.00052,0.00335,0.00055,-0.0311,-0.0963,9.8051
1770803075.8931937,0.00021,0.00207,0.0005,-0.0265,-0.091,9.8042
1770803075.9443913,-0.00086,0.00037,-0.00022,-0.0249,-0.0866,9.7928
1770803075.992276,0.00111,-0.00126,8e-05,-0.034,-0.1014,9.8173
1770803076.039828,-0.00073,0.00158,0.00024,-0.0296,-0.0898,9.7962
1770803076.0929353,-0.00136,0.00333,0.00022,-0.0425,-0.0936,9.8096
1770803076.1406753,0.00111,-0.00178,0.00035,-0.0311,-0.0911,9.8048
1770803076.1926453,-0.00077,0.00024,-0.00047,-0.0426,-0.0905,9.8092
1770803076.2414203,-0.0015,0.00233,6e-05,-0.0354,-0.1024,9.8139
1770803076.2913606,-0.00028,-0.00062,-0.00053,-0.0347,-0.0972,9.8004
1770803076.340347,0.00199,-0.00149,-0.00045,-0.0331,-0.0857,9.8263
1770803076.3920243,0.00019,-0.00156,-0.00031,-0.0338,-0.0866,9.8144
1770803076.4400454,0.001,-0.00065,-0.00026,-0.0423,-0.1038,9.8109
1770803076.4904222,-0.00119,0.00141,-9e-05,-0.0351,-0.096,9.8176
1770803076.540404,-0.00083,-0.00044,-0.00032,-0.037,-0.0881,9.8013
1770803076.5906415,0.00051,-0.0013,0.00055,-0.0341,-0.0925,9.8086
1770803076.6440578,0.00097,-0.00133,-0.00049,-0.0302,-0.0981,9.7956
1770803076.6934438,-0.00038,0.00157,0.00041,-0.0357,-0.0903,9.8109
1770803076.74277,0.00058,-0.00051,-9e-05,-0.0336,-0.0877,9.8099
1770803076.7905858,0.00242,-0.00129,-7e-05,-0.0361,-0.095,9.8168
1770803076.8418593,0.00071,0.00073,-5e-05,-0.0245,-0.0773,9.8304
1770803076.891303,0.00025,-0.00138,-0.00012,-0.0309,-0.0853,9.8092
1770803076.9448426,-0.00035,-0.00133,-0.00036,-0.0328,-0.0977,9.8124
1770803076.9909742,0.00217,-0.00309,0.00064,-0.0352,-0.1012,9.8141
1770803077.0489695,-0.00078,0.00295,0.00047,-0.0309,-0.0926,9.806
1770803077.0907116,-0.00093,-0.00034,-0.00065,-0.0328,-0.0923,9.8161
1770803077.147479,0.00051,0.00103,0.00017,-0.0504,-0.099,9.8178
1770803077.1935837,0.00052,0.00035,8e-05,-0.0506,-0.1013,9.8133
1770803077.2411935,-5e-05,-0.00121,0.0004,-0.0596,-0.1001,9.8184
1770803077.2908485,0.00023,-0.00147,-7e-05,-0.0465,-0.0934,9.8067
1770803077.344736,-4e-05,0.00159,0.00039,-0.0494,-0.0945,9.8177
1770803077.394766,-0.00141,0.00295,0.0002,-0.0471,-0.1041,9.8068
1770803077.4449828,0.00016,0.0009,0.00049,-0.0396,-0.0964,9.8157
1770803077.491937,0.00136,-0.00245,-0.00016,-0.0422,-0.087,9.806
1770803077.5450468,0.00141,-0.00425,-0.00076,-0.0442,-0.0942,9.8106
1770803077.5915294,0.00081,-0.00078,-0.00059,-0.0448,-0.0923,9.8063
1770803077.646789,-0.00028,-0.00035,-0.00026,-0.0464,-0.0909,9.8087
1770803077.6928098,0.00033,0.00042,9e-05,-0.0454,-0.0973,9.8083
1770803077.7419105,0.0009,-0.00346,-0.00033,-0.0457,-0.0981,9.8123
1770803077.7909596,0.00088,-8e-05,-2e-05,-0.0397,-0.0968,9.8098
1770803077.8397334,2e-05,-0.00127,-0.00101,-0.0416,-0.0985,9.8154
1770803077.8913326,0.00052,-0.00085,7e-05,-0.0358,-0.0848,9.8059
1770803077.9412997,-0.00151,0.00057,-0.00014,-0.0374,-0.0968,9.8121
1770803077.9912004,-0.00268,0.00355,0.00035,-0.0437,-0.0894,9.8179
1770803078.0407908,0.00081,-0.00052,0.00027,-0.0456,-0.0926,9.8127
1770803078.0913758,-8e-05,0.00082,0.00036,-0.0344,-0.0931,9.8112
1770803078.1420517,0.00038,-0.00058,0.00035,-0.0235,-0.1027,9.7984
1770803078.1966202,-0.00039,-0.00122,9e-05,-0.0377,-0.1014,9.8164
1770803078.2464283,-0.00033,0.00177,4e-05,-0.0299,-0.0922,9.811
1770803078.2972698,-0.00211,0.00151,-3e-05,-0.0401,-0.0965,9.8112
1770803078.3404653,-0.00102,0.00146,0.00049,-0.0342,-0.101,9.8047
1770803078.395579,0.00188,-0.00388,-0.00049,-0.0329,-0.0987,9.8109
1770803078.440957,0.0007,0.00026,0.00017,-0.0468,-0.087,9.8178
1770803078.4900656,0.0001,0.00085,0.00029,-0.0301,-0.1002,9.8035
1770803078.5448074,-0.00202,0.00317,0.00043,-0.0362,-0.0973,9.8165
1770803078.5941145,-0.00057,-0.00026,-4e-05,-0.0353,-0.0918,9.8132
1770803078.6442301,0.00112,-0.00088,-0.0003,-0.0343,-0.0918,9.8124
1770803078.6937773,0.00014,-0.00117,6e-05,-0.0338,-0.098,9.8267
1770803078.7456434,-0.00053,0.00222,6e-05,-0.038,-0.092,9.8112
1770803078.7914824,-0.00069,0.00123,0.00024,-0.0339,-0.0922,9.8102
1770803078.840721,-0.0002,0.00074,0.00026,-0.0358,-0.0986,9.8116
1770803078.8942955,0.00083,-0.00282,0.0001,-0.0359,-0.0959,9.8047
1770803078.9416163,0.00121,-0.00311,-0.00014,-0.0375,-0.0866,9.81
1770803078.9930706,-0.00054,0.00073,-0.0001,-0.0474,-0.1018,9.785
1770803079.0450997,0.00065,-0.00068,5e-05,-0.0379,-0.0967,9.817
1770803079.0932693,-0.00321,0.00671,0.00037,-0.0331,-0.0988,9.8072
1770803079.1431155,-0.00032,-0.00046,-0.00028,-0.0333,-0.0913,9.8008
1770803079.1960108,0.00106,-0.00299,0.00023,-0.0292,-0.0983,9.8132
1770803079.243603,0.00161,-0.00155,-0.00017,-0.0354,-0.1037,9.8153
1770803079.298793,-0.00036,0.00016,0.0001,-0.0284,-0.0912,9.8081
1770803079.344259,0.00067,0.00015,0.00039,-0.0194,-0.1036,9.7989
1770803079.3957958,-0.00044,0.00216,0.00061,-0.0182,-0.0953,9.803
1770803079.4401214,0.00101,0.00024,-0.00033,-0.0356,-0.0942,9.8055
1770803079.493007,-0.00153,0.00164,-0.00016,-0.0254,-0.0946,9.8054
1770803079.540101,0.00096,-0.00364,-0.00085,-0.0332,-0.0888,9.8116
1770803079.5923827,0.00123,-0.00209,-0.0,-0.0335,-0.0869,9.8
1770803079.6417663,-0.00043,0.00177,0.00037,-0.0438,-0.094,9.8057
1770803079.6937912,0.00048,-0.0019,0.00039,-0.0417,-0.0884,9.8212
1770803079.7411344,0.00056,-0.00261,-0.0001,-0.0396,-0.0861,9.8041
1770803079.790219,0.00159,-0.00244,-4e-05,-0.0357,-0.0887,9.8092
1770803079.840256,-0.00081,0.00208,0.00016,-0.0331,-0.0974,9.8141
1770803079.8899825,-0.00115,0.00187,0.00043,-0.0341,-0.0959,9.81
1770803079.9405565,-0.0001,-0.00067,-0.00014,-0.0297,-0.0967,9.8121
1770803079.99162,-0.00062,0.00037,0.0002,-0.0382,-0.0918,9.8045
1770803080.040931,0.00099,-0.00081,-6e-05,-0.0331,-0.0926,9.8094
1770803080.0916283,0.00098,0.0004,0.00035,-0.0428,-0.0928,9.812
1770803080.1411612,0.00063,-0.00251,-0.00067,-0.0342,-0.0945,9.8055
1770803080.1970806,-0.0007,0.00073,0.00012,-0.0346,-0.0978,9.8111
1770803080.2408838,-0.00063,6e-05,-0.00037,-0.0372,-0.0904,9.8048
1770803080.2900982,-0.00071,0.00445,0.00027,-0.0394,-0.0934,9.8132
1770803080.341749,0.00079,-0.00049,0.00016,-0.0436,-0.0947,9.8165
1770803080.3902977,0.00082,0.00125,7e-05,-0.0501,-0.089,9.8198
1770803080.4400446,-0.00139,0.00406,0.00035,-0.0278,-0.0944,9.806
1770803080.4907365,0.00096,-0.00155,-0.0,-0.0302,-0.0933,9.8097
1770803080.540885,-0.00132,0.00208,-0.0003,-0.0161,-0.0947,9.8074
1770803080.5961826,0.00067,-0.00131,-0.00024,-0.0301,-0.087,9.8126
1770803080.6467314,-0.00017,-0.00174,-0.00025,-0.0392,-0.0877,9.8059
1770803080.6901941,-0.00071,0.00084,0.00034,-0.0339,-0.0904,9.8107
1770803080.7408876,-0.00109,0.00154,5e-05,-0.0323,-0.0982,9.8126
1770803080.7912743,-0.00023,0.00066,-0.00023,-0.0347,-0.1035,9.8041
1770803080.8439865,0.00106,-0.00207,-0.00042,-0.0404,-0.093,9.8141
1770803080.8908443,-0.00102,0.00173,0.0001,-0.0389,-0.0855,9.8043
1770803080.9400253,8e-05,0.00154,-0.00031,-0.0282,-0.0888,9.8101
1770803080.9932427,0.00062,-0.00139,-0.00096,-0.0235,-0.0906,9.8079
1770803081.048544,0.00046,0.00255,0.00014,-0.0248,-0.0901,9.8059
1770803081.090497,-0.00015,-0.00073,-0.00018,-0.0277,-0.091,9.8066
1770803081.1421633,0.00096,-0.00142,-0.00051,-0.0249,-0.096,9.8072
1770803081.1906571,0.00057,-0.00283,-0.00039,-0.0332,-0.111,9.8137
1770803081.243938,0.00131,-0.00097,0.00016,-0.0299,-0.1021,9.811
1770803081.2920375,-0.00148,0.00062,-4e-05,-0.056,-0.092,9.8189
1770803081.3470268,0.00136,0.00098,0.00054,-0.0455,-0.0843,9.7998
1770803081.3918908,0.00121,0.00025,0.00034,-0.0476,-0.0873,9.8134
1770803081.4495416,-0.00069,0.00232,0.00032,-0.0252,-0.1143,9.8102
1770803081.4908032,0.00041,-0.0017,-0.00081,-0.0341,-0.0984,9.8081
1770803081.5415015,0.00019,0.00045,-0.00045,-0.0191,-0.0811,9.7958
1770803081.5908709,-0.00011,0.0012,-0.00035,-0.029,-0.0911,9.8139
1770803081.643224,0.00044,-0.00032,0.00013,-0.0225,-0.1015,9.8234
1770803081.692378,-0.00096,0.00085,-9e-05,-0.0356,-0.0975,9.8004
1770803081.7411623,-0.00029,0.00115,0.00043,-0.0194,-0.0918,9.809
1770803081.7907455,0.00074,-0.00018,-0.00029,-0.0236,-0.1006,9.8116
1770803081.8403585,0.00044,-0.00102,0.00015,-0.0357,-0.0928,9.8102
1770803081.8945646,5e-05,-0.00153,0.00012,-0.0352,-0.0843,9.8059
1770803081.9401977,-0.0002,-0.00312,-0.00035,-0.0514,-0.0922,9.8155
1770803081.990017,-0.00037,-0.00094,5e-05,-0.06,-0.0975,9.8057
1770803082.0399616,0.00151,-0.00342,-0.00047,-0.0436,-0.0966,9.8187
1770803082.0920844,0.00128,-0.00389,0.00016,-0.0357,-0.0913,9.8113
1770803082.140573,0.00063,-0.00059,-0.00023,-0.0486,-0.0936,9.8042
1770803082.1907394,0.00059,-0.00118,-0.00012,-0.0389,-0.0889,9.8096
1770803082.2405577,-0.00154,0.00172,-3e-05,-0.0329,-0.0921,9.8064
1770803082.2932901,0.00067,0.00031,9e-05,-0.0198,-0.0833,9.8088
1770803082.3426905,-0.00081,0.00112,-0.00021,-0.0247,-0.0821,9.8049
1770803082.391978,9e-05,-0.00123,0.00021,-0.0165,-0.094,9.8128
1770803082.4403327,-0.00145,0.00054,-0.00022,-0.0368,-0.0964,9.8057
1770803082.4904284,-0.00152,0.00293,-1e-05,-0.0454,-0.0938,9.8174
1770803082.5409634,-0.00072,0.00384,-0.00016,-0.0199,-0.0987,9.8097
1770803082.5904665,-0.00189,0.00444,0.00017,-0.0243,-0.1023,9.8092
1770803082.64184,0.00162,-0.00388,-0.00035,-0.0375,-0.1028,9.8094
1770803082.6920068,-0.00052,0.00178,0.00018,-0.0443,-0.1021,9.8151
1770803082.7424715,0.00022,-0.00046,-1e-05,-0.0409,-0.0839,9.8045
1770803082.7915003,0.00071,-0.00086,-7e-05,-0.0712,-0.0886,9.8018
1770803082.8403192,3e-05,0.00176,0.00014,-0.062,-0.0844,9.808
1770803082.8908324,-3e-05,0.0022,0.00015,-0.0491,-0.0904,9.8073
1770803082.9402306,-0.00066,0.00352,6e-05,-0.0161,-0.0975,9.814
1770803082.9927745,-0.00181,0.00361,-0.00032,-0.0238,-0.0821,9.803
1770803083.0401862,0.00174,-0.00054,0.00017,-0.0328,-0.0947,9.8139
1770803083.0902631,0.00259,-0.00145,-6e-05,-0.0294,-0.0959,9.8071
1770803083.140257,-0.00029,0.00281,0.0003,-0.0416,-0.095,9.8086
1770803083.1916738,-0.00096,0.00265,0.00018,-0.036,-0.0873,9.7974
1770803083.2413337,0.00158,-0.00131,-1e-05,-0.0353,-0.084,9.8037
1770803083.2914553,4e-05,-0.00026,-0.00037,-0.0408,-0.0849,9.8112
1770803083.3402882,0.00048,0.00121,0.00052,-0.0383,-0.0974,9.8109
1770803083.3962588,-6e-05,-0.00176,0.00013,-0.0395,-0.0935,9.8102
1770803083.443122,-0.0019,0.00625,0.00027,-0.0427,-0.0796,9.8077
1770803083.495298,0.00103,-0.00213,-0.00046,-0.0509,-0.0895,9.8119
1770803083.5402,0.00082,-0.00241,-0.00016,-0.0338,-0.0943,9.8013
1770803083.59025,0.0009,-0.00175,-0.00044,-0.0369,-0.0934,9.8253
1770803083.6399076,-0.00013,0.00183,0.00017,-0.0367,-0.0822,9.8065
1770803083.6920114,0.00076,-0.00112,0.00027,-0.036,-0.0889,9.813
1770803083.7410235,0.00014,0.00143,0.00035,-0.0362,-0.0966,9.8056
1770803083.7949822,0.00063,-0.00233,1e-05,-0.0421,-0.0852,9.8022
1770803083.845141,0.00051,-0.00217,-0.00044,-0.0326,-0.092,9.8219
1770803083.8900938,-4e-05,-0.00049,-0.00012,-0.0341,-0.0998,9.8031
1770803083.9420555,0.0007,0.00077,-0.00017,-0.0333,-0.0915,9.8165
1770803083.990081,0.00059,0.00047,-8e-05,-0.0373,-0.0838,9.7965
1770803084.041684,0.00118,-0.00091,0.00047,-0.0396,-0.0952,9.8088
1770803084.0930808,0.00035,-0.00143,0.00021,-0.0361,-0.0978,9.8093
1770803084.1432135,-0.00027,0.00057,-0.00018,-0.0434,-0.0801,9.8207
1770803084.1900327,0.00053,-0.00153,-0.00102,-0.0422,-0.0921,9.8155
1770803084.2434094,0.00163,-0.00345,-0.00029,-0.0469,-0.0863,9.8103
1770803084.291563,-0.00018,0.00248,-0.00036,-0.0378,-0.0778,9.817
1770803084.3402238,0.00033,2e-05,-0.00019,-0.0321,-0.1023,9.805
1770803084.3912134,-0.00046,0.00046,-0.00015,-0.0407,-0.0993,9.8054
1770803084.4405856,-0.00122,0.00171,-6e-05,-0.0313,-0.0821,9.811
1770803084.491633,-0.00055,0.00219,0.00024,-0.0348,-0.0911,9.8125
1770803084.5419726,-0.00077,0.00105,0.00018,-0.0466,-0.1066,9.794
1770803084.5914288,0.0016,-0.00225,-0.00056,-0.0452,-0.0872,9.818
1770803084.6400442,-0.00037,-0.00155,-0.00033,-0.0431,-0.0857,9.7986
1770803084.6909637,0.00065,-3e-05,0.00049,-0.0509,-0.0992,9.8236
1770803084.7438629,-0.0008,-0.00085,-0.00048,-0.0372,-0.1032,9.8015
1770803084.7919106,-0.00092,-0.00187,-0.0012,-0.03,-0.0814,9.8147
1770803084.8419666,0.00076,-0.00151,-0.0004,-0.0303,-0.0934,9.8073
1770803084.8904774,-0.00061,0.00033,-1e-05,-0.0404,-0.0974,9.8082
1770803084.9438798,-0.00188,0.00253,0.00019,-0.0344,-0.0919,9.8126
1770803084.991353,0.00051,0.00055,0.0002,-0.0379,-0.0831,9.8039
1770803085.0423262,0.0001,0.00023,0.00052,-0.0467,-0.1011,9.808
1770803085.0922,0.00142,-0.00258,-0.00046,-0.0402,-0.0908,9.8063
1770803085.146135,0.00093,-0.0016,-0.00049,-0.0464,-0.09,9.8116
1770803085.1917353,-0.00207,0.00034,-0.00075,-0.0391,-0.0854,9.8091
1770803085.2418597,8e-05,0.0003,0.00016,-0.0336,-0.093,9.8146
1770803085.2911737,0.00017,-0.00126,2e-05,-0.0302,-0.1033,9.8117
1770803085.3416662,0.00032,0.00132,-0.0,-0.0291,-0.0941,9.812
1770803085.3905685,0.0,0.0022,0.00023,-0.0441,-0.0865,9.8068
1770803085.4427876,-0.00104,0.001,2e-05,-0.0434,-0.0959,9.8101
1770803085.4917023,-0.00027,-0.00177,-0.00076,-0.0415,-0.0915,9.8044
1770803085.5433207,-0.0007,0.00351,0.00079,-0.0349,-0.0961,9.8105
1770803085.5913522,0.00238,-0.00138,0.00042,-0.0519,-0.1018,9.809
1770803085.6468825,-3e-05,0.00052,-0.0002,-0.0367,-0.0914,9.8045
1770803085.6908572,-0.00065,0.00068,-0.00074,-0.0407,-0.0919,9.8203
1770803085.7403414,0.00013,-0.00016,4e-05,-0.0396,-0.0925,9.8124
1770803085.7930539,0.00098,0.00064,0.00011,-0.028,-0.0949,9.8189
1770803085.8423421,0.00087,0.00054,-0.00014,-0.0211,-0.093,9.7991
1770803085.8912227,-0.00047,0.00295,0.00029,-0.0318,-0.0923,9.8081
1770803085.9442286,0.00054,-0.00011,-0.00012,-0.0235,-0.1028,9.801
1770803085.9918811,-0.0007,-0.00018,-0.00055,-0.0375,-0.0941,9.8102
1770803086.0403235,-0.00134,0.00238,-3e-05,-0.0443,-0.0968,9.8028
1770803086.091526,-1e-05,-0.00058,-0.00042,-0.0325,-0.0852,9.812
1770803086.1415327,-0.0001,0.00098,0.00023,-0.0296,-0.0895,9.8121
1770803086.1926594,-0.00051,-2e-05,0.0001,-0.0437,-0.0956,9.8041
1770803086.2407892,-0.00036,0.00086,0.00034,-0.0538,-0.0932,9.82
1770803086.2908854,9e-05,-0.00166,-0.0002,-0.0635,-0.0971,9.8171
1770803086.3425856,-3e-05,0.00187,0.00013,-0.0465,-0.0962,9.8046
1770803086.390563,4e-05,-0.00123,-0.00066,-0.049,-0.0874,9.8079
1770803086.4410532,0.00159,0.00078,-0.00017,-0.0543,-0.0792,9.8096
1770803086.4913156,0.00035,0.00024,0.0001,-0.0463,-0.0974,9.8134
1770803086.5435472,-0.00116,0.00228,0.00039,-0.0435,-0.1034,9.8046
1770803086.5905268,-0.00014,0.00047,-0.00026,-0.0299,-0.0914,9.8158
1770803086.6404357,0.0011,-0.00146,0.00017,-0.0377,-0.0945,9.805
1770803086.6923692,-0.0014,0.00226,0.00016,-0.0497,-0.0928,9.8189
1770803086.7424345,-0.00018,-0.00094,-0.00016,-0.0323,-0.096,9.8108
1770803086.791663,-3e-05,0.00165,-3e-05,-0.0375,-0.0604,9.814
1770803086.841629,-0.0022,0.00419,0.00035,-0.0452,-0.0878,9.8105
1770803086.891421,0.00019,0.00119,0.00019,-0.033,-0.1217,9.8172
1770803086.9413621,-0.00102,0.00231,0.00027,-0.0405,-0.0921,9.8115
1770803086.992037,0.00025,-0.00145,-0.00077,-0.0456,-0.0689,9.8059
1770803087.0403569,-0.00047,0.00381,0.00057,-0.0253,-0.1014,9.7989
1770803087.0902095,0.00101,-0.00334,-0.0001,-0.0596,-0.0868,9.83
1770803087.1400585,-8e-05,-7e-05,-7e-05,-0.0449,-0.0946,9.8125
1770803087.191148,0.00163,-0.0011,0.00032,-0.0434,-0.0854,9.8254
