Time,Inputs | Throttle Command,Inputs | Mapped Throttle,Inputs | Throttle Pot,Inputs | Analog 1,Motor | Motor RPM,Vehicle | Vehicle Speed,Vehicle | Vehicle Acceleration,Vehicle | Time Between Speeds
19:30.8,0,0,0.28,0.05,0,0,0,0
19:31.7,0,0,0.28,0.05,0,0,0,0
19:31.9,0,0,0.28,0.05,0,0,0,0
19:32.4,0,0,0.28,0.05,0,0,0,0
19:32.7,0,0,0.28,0.05,0,0,0,0
19:32.8,0,0,0.28,0.04,0,0,0,0
19:32.9,0,0,0.28,0.05,0,0,0,0
19:33.0,0,0,0.28,0.04,0,0,0,0
19:33.1,0,0,0.28,0.05,0,0,0,0
19:33.2,0,0,0.28,0.04,0,0,0,0
19:33.4,0,0,0.28,0.04,0,0,0,0
19:33.5,0,0,0.28,0.04,0,0,0,0
19:33.8,0,0,0.28,0.05,0,0,0,0
19:33.8,0,0,0.28,0.04,0,0,0,0
19:34.0,0,0,0.28,0.05,0,0,0,0
19:34.1,0,0,0.28,0.05,0,0,0,0
19:34.2,0,0,0.28,0.04,0,0,0,0
19:34.3,0,0,0.28,0.05,0,0,0,0
19:34.4,0,0,0.28,0.04,0,0,0,0
19:34.9,0,0,0.28,0.05,0,0,0,0
19:34.9,0,0,0.28,0.05,0,0,0,0
19:35.1,0,0,0.28,0.05,0,0,0,0
19:35.2,0,0,0.28,0.05,0,0,0,0
19:35.5,0,0,0.28,0.04,0,0,0,0
19:35.6,0,0,0.28,0.04,0,0,0,0
19:35.8,0,0,0.28,0.05,0,0,0,0
19:35.9,0,0,0.28,0.04,0,0,0,0
19:36.0,0,0,0.28,0.05,0,0,0,0
19:36.2,0,0,0.28,0.05,0,0,0,0
19:36.3,0,0,0.28,0.05,0,0,0,0
19:36.4,0,0,0.28,0.05,0,0,0,0
19:36.6,0,0,0.28,0.04,0,0,0,0
19:37.0,0,0,0.28,0.05,0,0,0,0
19:37.1,0,0,0.28,0.05,0,0,0,0
19:37.1,0,0,0.28,0.04,0,0,0,0
19:37.3,0,0,0.28,0.05,0,0,0,0
19:37.4,0,0,0.28,0.05,0,0,0,0
19:37.9,0,0,0.28,0.05,0,0,0,0
19:38.0,0,0,0.28,0.05,0,0,0,0
19:38.4,0,0,0.28,0.05,0,0,0,0
19:38.4,0,0,0.28,0.04,0,0,0,0
19:38.5,0,0,0.28,0.05,0,0,0,0
19:38.7,0,0,0.28,0.05,0,0,0,0
19:38.8,0,0,0.28,0.05,0,0,0,0
19:38.9,0,0,0.28,0.04,0,0,0,0
19:39.3,0,0,0.28,0.05,0,0,0,0
19:39.4,0,0,0.28,0.05,0,0,0,0
19:40.0,0,0,0.28,0.04,0,0,0,0
19:40.1,0,0,0.28,0.05,0,0,0,0
19:40.2,0,0,0.28,0.04,0,0,0,0
19:40.3,0,0,0.28,0.05,0,0,0,0
19:40.4,0,0,0.28,0.04,0,0,0,0
19:40.6,0,0,0.28,0.05,0,0,0,0
19:40.7,0,0,0.28,0.05,0,0,0,0
19:40.8,0,0,0.83,0.04,0,0,0,0
19:40.9,15.3,15.9,0.83,0.05,0,0,0,0
19:41.5,15.9,15.9,0.83,0.05,27,0.4,0,0
19:41.5,15.9,15.9,0.83,0.05,29,0.5,0.03,0
19:41.7,15.9,15.9,0.83,0.05,38,0.7,0.044,0
19:41.8,15.9,15.9,0.83,0.04,46,0.8,0.048,0
19:41.9,15.9,15.9,0.83,0.05,59,1,0.048,0
19:42.0,15.9,15.9,0.83,0.05,69,1.1,0.035,0
19:42.1,15.9,15.9,0.83,0.05,81,1.4,0.053,0
19:42.2,15.9,15.9,0.83,0.05,95,1.6,0.03,0
19:42.4,15.9,15.9,0.83,0.05,124,1.9,0.044,0
19:43.1,15.9,15.9,0.83,0.04,256,3.1,0.022,0
19:43.2,15.9,15.9,0.83,0.04,274,3.3,0.07,0
19:43.3,15.9,15.9,0.83,0.05,291,3.5,0.044,0
19:43.4,15.9,15.9,0.83,0.05,316,3.6,0.022,0
19:43.5,15.9,15.9,0.83,0.05,327,3.7,0.03,0
19:43.6,15.9,15.9,0.83,0.05,343,3.7,0.035,0
19:43.7,15.9,15.9,0.83,0.05,358,3.9,0.017,0
19:43.8,15.9,15.9,0.83,0.05,379,4.1,0.061,0
19:43.9,15.9,15.9,0.83,0.05,396,4.2,0.057,0
19:44.0,15.9,15.9,0.83,0.05,412,4.3,0.035,0
19:44.2,15.9,15.9,0.83,0.05,439,4.5,0.022,0
19:44.3,15.9,15.9,0.83,0.04,453,4.6,0.066,0
19:44.8,15.9,15.9,0.83,0.04,521,5,0.084,0
19:45.2,15.9,15.9,0.83,0.05,556,5.3,0.084,0
19:45.7,15.9,15.9,0.83,0.05,604,5.5,0,0
19:45.9,15.9,15.9,0.83,0.05,617,5.5,0.022,0
19:46.0,15.9,15.9,0.83,0.04,629,5.5,0,0
19:46.1,15.9,15.9,0.83,0.05,633,5.3,0,0
19:46.6,15.9,15.9,0.83,0.05,649,5.5,0.061,0
19:47.0,15.9,15.9,0.83,0.04,655,5.4,0.008,0
19:47.1,15.9,15.9,0.83,0.04,655,5.4,0,0
19:47.2,15.9,15.9,0.83,0.05,655,5.4,0,0
19:47.3,15.9,15.9,0.83,0.04,654,5.3,0,0
19:47.4,15.9,15.9,0.83,0.05,652,5.3,0.026,0
19:47.9,15.9,15.9,0.83,0.04,646,5.3,0.013,0
19:48.0,15.9,15.9,0.83,0.05,642,5.1,0,0
19:48.1,15.9,15.9,0.83,0.04,638,5.1,0,0
19:48.4,15.9,15.9,0.83,0.05,630,4.8,0,0
19:48.5,15.9,15.9,0.83,0.04,624,4.8,0.017,0
19:49.1,15.9,15.9,0.83,0.05,597,4.8,0,0
19:50.5,15.9,15.9,0.83,0.05,521,4.1,0.039,0
19:50.9,15.9,15.9,0.83,0.04,504,4.1,0,0
19:51.3,15.9,15.9,0.83,0.04,495,4,0.035,0
19:52.0,15.9,15.9,0.83,0.04,491,4.1,0.039,0
19:52.0,15.9,15.9,0.83,0.04,491,4.1,0.013,0
19:52.1,15.9,15.9,0.83,0.04,490,4,0,0
19:52.2,15.9,15.9,0.83,0.04,489,4,0.013,0
19:52.5,15.9,15.9,0.83,0.05,492,4.1,0.017,0
19:52.7,15.9,15.9,0.83,0.04,493,4.2,0.044,0
19:53.1,15.9,15.9,0.83,0.05,501,4.2,0,0
19:53.5,15.9,15.9,0.83,0.05,510,4.3,0,0
19:53.7,15.9,15.9,0.83,0.05,512,4.3,0,0
19:53.9,15.9,15.9,0.83,0.05,518,4.5,0.022,0
19:54.0,15.9,15.9,0.83,0.05,521,4.4,0,0
19:54.0,15.9,15.9,0.83,0.05,523,4.4,0,0
19:54.1,15.9,15.9,0.83,0.05,523,4.4,0,0
19:54.2,15.9,15.9,0.83,0.04,525,4.5,0.057,0
19:54.8,15.9,15.9,0.83,0.04,541,4.7,0.017,0
19:55.0,15.9,15.9,0.83,0.05,544,4.5,0,0
19:55.1,15.9,15.9,0.83,0.05,545,4.6,0.022,0
19:55.2,15.9,15.9,0.83,0.04,549,4.7,0,0
19:55.3,15.9,15.9,0.83,0.05,552,4.6,0,0
19:55.4,15.9,15.9,0.83,0.05,552,4.5,0,0
19:55.8,15.9,15.9,0.83,0.05,560,4.6,0,0
19:56.5,15.9,15.9,0.83,0.05,569,4.9,0,0
19:56.6,15.9,15.9,0.83,0.05,570,4.7,0.004,0
19:56.7,15.9,15.9,0.83,0.05,569,4.7,0.044,0
19:56.8,15.9,15.9,0.83,0.05,570,4.9,0.03,0
19:57.4,15.9,15.9,0.83,0.05,576,4.7,0,0
19:58.0,15.9,15.9,0.83,0.05,574,4.7,0.004,0
19:58.1,15.9,15.9,0.83,0.05,573,4.8,0.004,0
19:58.1,15.9,15.9,0.83,0.04,574,4.8,0,0
19:58.7,15.9,15.9,0.83,0.05,571,4.7,0,0
19:58.8,15.9,15.9,0.83,0.05,568,4.6,0,0
19:58.9,15.9,15.9,0.83,0.04,567,4.7,0.057,0
19:59.1,15.9,15.9,0.83,0.05,567,4.6,0,0
19:59.2,15.9,15.9,0.83,0.05,565,4.6,0,0
19:59.3,15.9,15.9,0.83,0.05,563,4.6,0,0
19:59.6,15.9,15.9,0.83,0.04,563,4.5,0,0
20:00.0,15.9,15.9,0.83,0.04,563,4.7,0,0
20:00.4,15.9,15.9,0.83,0.04,564,4.7,0,0
20:00.5,15.9,15.9,0.83,0.04,563,4.6,0,0
20:00.6,15.9,15.9,0.83,0.04,563,4.6,0,0
20:00.7,15.9,15.9,0.83,0.04,564,4.8,0.07,0
20:00.8,15.9,15.9,0.83,0.04,566,4.7,0,0
20:01.1,15.9,15.9,0.83,0.05,566,4.8,0.022,0
20:01.3,15.9,15.9,0.83,0.04,568,4.7,0,0
20:01.4,15.9,15.9,0.83,0.04,567,4.7,0,0
20:01.4,15.9,15.9,0.83,0.05,567,4.6,0,0
20:01.7,15.9,15.9,0.83,0.04,570,4.8,0.026,0
20:01.8,15.9,15.9,0.83,0.04,569,4.6,0.013,0
20:01.9,15.9,15.9,0.83,0.04,569,4.8,0,0
20:02.0,15.9,15.9,0.83,0.05,570,4.8,0.044,0
20:02.1,15.9,15.9,0.83,0.05,570,4.8,0,0
20:02.5,15.9,15.9,0.83,0.05,570,4.7,0.044,0
20:02.7,15.9,15.9,0.83,0.05,568,4.6,0,0
20:02.8,15.9,15.9,0.83,0.05,567,4.7,0.07,0
20:03.0,15.9,15.9,0.83,0.04,569,4.7,0.004,0
20:03.1,15.9,15.9,0.83,0.04,567,4.6,0.004,0
20:03.2,15.9,15.9,0.83,0.04,566,4.7,0,0
20:03.4,15.9,15.9,0.83,0.05,567,4.7,0,0
20:03.4,15.9,15.9,0.83,0.05,567,4.6,0,0
20:03.6,15.9,15.9,0.83,0.05,563,4.6,0.048,0
20:03.7,15.9,15.9,0.83,0.05,563,4.7,0,0
20:04.3,15.9,15.9,0.83,0.05,560,4.5,0,0
20:04.5,15.9,15.9,0.83,0.04,556,4.6,0,0
20:04.6,15.9,15.9,0.83,0.04,555,4.6,0.053,0
20:04.6,15.9,15.9,0.83,0.05,556,4.6,0,0
20:04.7,15.9,15.9,0.83,0.05,556,4.5,0.022,0
20:04.9,15.9,15.9,0.83,0.05,554,4.4,0,0
20:04.9,15.9,15.9,0.83,0.04,553,4.5,0.004,0
20:05.1,15.9,15.9,0.83,0.05,554,4.7,0,0
20:05.2,15.9,15.9,0.83,0.05,553,4.5,0,0
20:05.4,15.9,15.9,0.83,0.04,550,4.5,0.053,0
20:05.6,15.9,15.9,0.83,0.05,552,4.7,0,0
20:06.0,15.9,15.9,0.83,0.05,552,4.7,0,0
20:06.4,15.9,15.9,0.83,0.05,551,4.6,0.004,0
20:06.4,15.9,15.9,0.83,0.05,553,4.7,0.03,0
20:06.5,15.9,15.9,0.83,0.05,553,4.6,0,0
20:06.7,15.9,15.9,0.83,0.04,552,4.5,0.013,0
20:06.9,15.9,15.9,0.83,0.05,554,4.7,0.03,0
20:07.0,15.9,15.9,0.83,0.05,555,4.6,0,0
20:07.2,15.9,15.9,0.83,0.04,554,4.6,0.07,0
20:07.3,15.9,15.9,0.83,0.04,555,4.7,0.017,0
20:07.4,15.9,15.9,0.83,0.05,556,4.6,0,0
20:07.5,15.9,15.9,0.83,0.05,555,4.5,0,0
20:07.6,15.9,15.9,0.83,0.05,554,4.5,0,0
20:07.9,15.9,15.9,0.83,0.05,556,4.6,0,0
20:08.3,15.9,15.9,0.83,0.05,556,4.5,0.004,0
20:08.7,15.9,15.9,0.83,0.05,557,4.6,0.039,0
20:08.7,15.9,15.9,0.83,0.05,557,4.5,0,0
20:08.8,15.9,15.9,0.83,0.04,556,4.5,0,0
20:08.9,15.9,15.9,0.83,0.04,555,4.7,0.07,0
20:09.0,15.9,15.9,0.83,0.04,556,4.7,0,0
20:09.1,15.9,15.9,0.83,0.05,557,4.6,0,0
20:09.3,15.9,15.9,0.83,0.04,557,4.6,0,0
20:09.4,15.9,15.9,0.83,0.05,557,4.7,0.017,0
20:09.7,15.9,15.9,0.83,0.04,558,4.6,0,0
20:09.8,15.9,15.9,0.83,0.05,558,4.6,0.008,0
20:09.9,15.9,15.9,0.83,0.04,559,4.7,0.066,0
20:10.0,15.9,15.9,0.83,0.04,560,4.7,0,0
20:10.1,15.9,15.9,0.83,0.04,559,4.6,0,0
20:10.2,15.9,15.9,0.83,0.04,558,4.7,0,0
20:10.5,15.9,15.9,0.83,0.04,561,4.6,0,0
20:10.8,15.9,15.9,0.83,0.05,562,4.8,0.035,0
20:10.8,15.9,15.9,0.83,0.05,563,4.7,0,0
20:10.9,15.9,15.9,0.83,0.05,564,4.6,0.004,0
20:11.1,15.9,15.9,0.83,0.05,563,4.7,0.022,0
20:11.2,15.9,15.9,0.83,0.05,565,4.8,0.061,0
20:11.3,15.9,15.9,0.83,0.05,566,4.7,0,0
20:11.4,15.9,15.9,0.83,0.05,564,4.6,0,0
20:11.5,15.9,15.9,0.83,0.05,565,4.7,0.092,0
20:11.7,15.9,15.9,0.83,0.04,567,4.7,0,0
20:11.9,15.9,15.9,0.83,0.05,567,4.7,0,0
20:12.2,15.9,15.9,0.83,0.05,570,4.7,0,0
20:12.2,15.9,15.9,0.83,0.04,570,4.7,0,0
20:12.3,15.9,15.9,0.83,0.05,568,4.6,0,0
20:12.4,15.9,15.9,0.83,0.04,569,4.7,0,0
20:12.6,15.9,15.9,0.83,0.05,571,4.8,0,0
20:13.0,15.9,15.9,0.83,0.04,570,4.8,0,0
20:13.0,15.9,15.9,0.83,0.05,571,4.7,0.022,0
20:13.1,15.9,15.9,0.83,0.05,570,4.7,0,0
20:13.2,15.9,15.9,0.83,0.04,568,4.7,0.035,0
20:13.3,15.9,15.9,0.83,0.04,568,4.8,0,0
20:13.4,15.9,15.9,0.83,0.04,569,4.8,0,0
20:13.6,15.9,15.9,0.83,0.04,568,4.5,0,0
20:13.7,15.9,15.9,0.83,0.05,567,4.8,0.017,0
20:13.9,15.9,15.9,0.83,0.05,568,4.7,0.022,0
20:14.0,15.9,15.9,0.83,0.04,565,4.5,0,0
20:14.2,15.9,15.9,0.83,0.05,565,4.8,0.048,0
20:14.3,15.9,15.9,0.83,0.05,565,4.6,0,0
20:14.4,15.9,15.9,0.83,0.05,565,4.6,0,0
20:14.5,15.9,15.9,0.83,0.05,563,4.6,0.044,0
20:14.9,15.9,15.9,0.83,0.04,561,4.6,0.053,0
20:15.3,15.9,15.9,0.83,0.04,562,4.5,0,0
20:15.4,15.9,15.9,0.83,0.05,559,4.6,0.008,0
20:15.5,15.9,15.9,0.83,0.04,559,4.7,0.057,0
20:15.6,15.9,15.9,0.83,0.05,560,4.5,0.03,0
20:15.7,15.9,15.9,0.83,0.05,559,4.5,0,0
20:16.0,15.9,15.9,0.83,0.05,558,4.6,0.004,0
20:16.1,15.9,15.9,0.83,0.05,557,4.5,0,0
20:16.3,15.9,15.9,0.83,0.05,555,4.6,0,0
20:16.4,15.9,15.9,0.83,0.05,555,4.7,0,0
20:16.5,15.9,15.9,0.83,0.05,555,4.5,0,0
20:16.6,15.9,15.9,0.83,0.05,554,4.4,0.013,0
20:16.7,15.9,15.9,0.83,0.05,552,4.5,0.044,0
20:16.8,15.9,15.9,0.83,0.05,552,4.6,0.026,0
20:16.9,15.9,15.9,0.83,0.04,553,4.5,0,0
20:17.1,15.9,15.9,0.83,0.04,550,4.4,0.026,0
20:17.4,15.9,15.9,0.83,0.04,550,4.5,0,0
20:17.5,15.9,15.9,0.83,0.05,549,4.4,0,0
20:17.6,15.9,15.9,0.83,0.04,548,4.4,0.004,0
20:17.7,15.9,15.9,0.83,0.05,548,4.5,0.061,0
20:17.8,15.9,15.9,0.83,0.05,549,4.5,0.044,0
20:18.1,15.9,15.9,0.83,0.04,547,4.5,0,0
20:18.2,15.9,15.9,0.83,0.04,548,4.5,0.044,0
20:18.7,15.9,15.9,0.83,0.05,547,4.6,0,0
20:19.1,15.9,15.9,0.83,0.04,547,4.6,0,0
20:19.2,15.9,15.9,0.83,0.05,547,4.6,0,0
20:19.2,15.9,15.9,0.83,0.05,546,4.4,0,0
20:19.3,15.9,15.9,0.83,0.04,545,4.4,0.022,0
20:19.4,15.9,15.9,0.83,0.05,545,4.5,0.066,0
20:19.9,15.9,15.9,0.83,0.04,545,4.6,0.048,0
20:20.0,15.9,15.9,0.83,0.05,548,4.6,0,0
20:20.6,15.9,15.9,0.83,0.05,551,4.6,0,0
20:20.7,15.9,15.9,0.83,0.04,550,4.6,0.061,0
20:20.8,15.9,15.9,0.83,0.04,551,4.6,0,0
20:20.9,15.9,15.9,0.83,0.05,553,4.6,0,0
20:21.0,15.9,15.9,0.83,0.04,554,4.5,0,0
20:21.1,15.9,15.9,0.83,0.04,554,4.5,0.008,0
20:21.4,15.9,15.9,0.83,0.05,558,4.6,0,0
20:21.5,15.9,15.9,0.83,0.05,558,4.6,0,0
20:21.9,15.9,15.9,0.83,0.05,560,4.5,0,0
20:22.2,15.9,15.9,0.83,0.04,562,4.7,0,0
20:22.4,15.9,15.9,0.83,0.04,560,4.5,0,0
20:23.1,15.9,15.9,0.83,0.05,559,4.7,0,0
20:23.1,15.9,15.9,0.83,0.05,559,4.5,0,0
20:23.4,15.9,15.9,0.83,0.04,557,4.6,0.061,0
20:23.5,15.9,15.9,0.83,0.04,558,4.7,0,0
20:23.7,15.9,15.9,0.83,0.05,555,4.4,0,0
20:23.9,15.9,15.9,0.83,0.04,554,4.6,0,0
20:24.0,15.9,15.9,0.83,0.05,554,4.5,0,0
20:24.1,15.9,15.9,0.83,0.05,553,4.5,0,0
20:24.2,15.9,15.9,0.83,0.04,552,4.6,0.008,0
20:24.8,15.9,15.9,0.83,0.05,551,4.6,0.03,0
20:25.0,15.9,15.9,0.83,0.04,550,4.5,0,0
20:25.5,15.9,15.9,0.83,0.05,551,4.5,0,0
20:25.8,15.9,15.9,0.83,0.04,554,4.6,0,0
20:25.9,15.9,15.9,0.83,0.05,554,4.6,0.044,0
20:26.0,15.9,15.9,0.83,0.05,554,4.7,0,0
20:26.4,15.9,15.9,0.83,0.05,557,4.7,0.044,0
20:26.9,15.9,15.9,0.83,0.05,562,4.8,0.079,0
20:27.2,15.9,15.9,0.83,0.05,564,4.6,0.039,0
20:27.3,15.9,15.9,0.83,0.04,565,4.7,0.022,0
20:27.4,15.9,15.9,0.83,0.04,567,4.7,0,0
20:27.5,15.9,15.9,0.83,0.05,567,4.6,0,0
20:28.0,15.9,15.9,0.83,0.04,568,4.6,0.017,0
20:28.6,15.9,15.9,0.83,0.05,568,4.8,0,0
20:28.7,15.9,15.9,0.83,0.05,568,4.7,0,0
20:28.8,15.9,15.9,0.83,0.05,567,4.6,0,0
20:29.5,15.9,15.9,0.83,0.05,565,4.8,0.035,0
20:29.9,15.9,15.9,0.83,0.04,563,4.6,0.039,0
20:30.0,15.9,15.9,0.83,0.04,563,4.7,0.048,0
20:30.0,15.9,15.9,0.83,0.04,563,4.6,0,0
20:30.3,15.9,15.9,0.83,0.05,560,4.7,0.07,0
20:30.4,15.9,15.9,0.83,0.05,560,4.7,0,0
20:30.5,15.9,15.9,0.83,0.05,561,4.7,0,0
20:30.6,15.9,15.9,0.83,0.05,558,4.5,0.017,0
20:30.8,15.9,15.9,0.83,0.05,556,4.6,0.022,0
20:30.9,0,0,0.28,0.04,553,4.3,0,0
20:31.6,0,0,0.28,0.05,504,3.9,0.044,0
20:32.0,0,0,0.28,0.05,476,3.4,0,0
20:32.1,0,0,0.28,0.05,456,2.9,0,0
20:32.4,0,0,0.28,0.04,413,2.5,0.039,0
20:32.6,0,0,0.28,0.04,390,2.4,0,0
20:33.0,0,0,0.28,0.05,328,1.8,0,0
20:33.2,0,0,0.28,0.04,303,1.6,0,0
20:33.4,0,0,0.28,0.05,276,1.4,0,0
20:33.7,0,0,0.28,0.05,229,1.1,0,0
20:33.8,0,0,0.28,0.05,212,1,0,0
20:33.9,0,0,0.28,0.05,205,0.9,0,0
20:34.1,0,0,0.28,0.05,185,0.8,0,0
20:34.4,0,0,0.28,0.05,146,0.6,0,0
20:34.5,0,0,0.28,0.05,137,0.5,0,0
20:34.7,0,0,0.28,0.04,119,0.4,0,0
20:34.9,0,0,0.28,0.04,103,0.4,0,0
20:35.0,0,0,0.28,0.04,95,0.3,0,0
20:35.1,0,0,0.28,0.05,89,0.3,0,0
20:35.2,0,0,0.28,0.04,82,0.3,0,0
20:35.3,0,0,0.28,0.04,76,0.2,0,0
20:35.4,0,0,0.28,0.05,70,0.2,0,0
20:35.8,0,0,0.28,0.05,50,0.1,0,0
20:35.9,0,0,0.28,0.05,46,0.1,0,0
20:36.0,0,0,0.28,0.04,43,0.1,0,0
20:36.1,0,0,0.28,0.05,39,0.1,0,0
20:36.2,0,0,0.28,0.05,35,0.1,0,0
20:36.3,0,0,0.28,0.05,32,0,0,0
20:36.4,0,0,0.28,0.04,29,0,0,0
20:36.8,0,0,0.28,0.05,17,0,0,0
20:36.9,0,0,0.28,0.05,15,0,0,0
20:36.9,0,0,0.28,0.05,14,0,0,0
20:37.1,0,0,0.28,0.05,10,0,0,0
20:37.7,0,0,0.28,0.05,4,0,0,0
20:37.8,0,0,0.28,0.05,4,0,0,0
20:38.9,0,0,0.28,0.04,1,0,0,0
20:39.0,0,0,0.28,0.05,1,0,0,0
20:39.2,0,0,0.28,0.04,0,0,0,0
20:39.6,0,0,0.28,0.05,0,0,0,0
20:39.7,0,0,0.28,0.05,0,0,0,0
20:41.2,0,0,0.28,0.04,0,0,0,0
20:41.3,0,0,0.28,0.04,0,0,0,0
20:41.8,0,0,0.28,0.05,0,0,0,0
20:42.0,0,0,0.28,0.05,0,0,0,0
20:42.1,0,0,0.28,0.04,0,0,0,0
20:42.2,0,0,0.28,0.05,0,0,0,0
20:42.6,0,0,0.28,0.04,0,0,0,0
