Time,Inputs | Throttle Command,Inputs | Mapped Throttle,Inputs | Throttle Pot,Inputs | Analog 1,Motor | Motor RPM,Vehicle | Vehicle Speed,Vehicle | Vehicle Acceleration,Vehicle | Time Between Speeds
28:04.1,0,0,0.29,0.05,0,0,0,0
28:04.1,0,0,0.28,0.04,0,0,0,0
28:04.2,0,0,0.29,0.04,0,0,0,0
28:04.5,0,0,0.28,0.05,0,0,0,0
28:04.7,0,0,0.28,0.05,0,0,0,0
28:04.7,0,0,0.28,0.05,0,0,0,0
28:05.3,0,0,0.28,0.05,0,0,0,0
28:05.4,0,0,0.28,0.05,0,0,0,0
28:05.6,0,0,0.28,0.05,0,0,0,0
28:05.7,0,0,0.28,0.05,0,0,0,0
28:05.8,0,0,0.28,0.05,0,0,0,0
28:06.1,0,0,0.28,0.05,0,0,0,0
28:06.7,0,0,0.28,0.05,0,0,0,0
28:06.7,0,0,0.28,0.05,0,0,0,0
28:06.9,0,0,0.28,0.05,0,0,0,0
28:06.9,0,0,0.28,0.05,0,0,0,0
28:07.1,0,0,0.28,0.05,0,0,0,0
28:07.2,0,0,0.28,0.05,0,0,0,0
28:07.3,0,0,0.28,0.05,0,0,0,0
28:07.4,0,0,0.28,0.05,0,0,0,0
28:07.5,0,0,0.28,0.04,0,0,0,0
28:07.6,0,0,0.28,0.05,0,0,0,0
28:07.7,0,0,0.28,0.05,0,0,0,0
28:07.8,0,0,0.28,0.05,0,0,0,0
28:07.9,0,0,0.28,0.05,0,0,0,0
28:08.2,0,0,0.28,0.05,0,0,0,0
28:08.3,0,0,0.28,0.05,0,0,0,0
28:08.4,0,0,0.28,0.05,0,0,0,0
28:08.5,0,0,0.28,0.05,0,0,0,0
28:08.6,0,0,0.28,0.05,0,0,0,0
28:08.7,0,0,0.28,0.05,0,0,0,0
28:08.8,0,0,0.28,0.05,0,0,0,0
28:08.9,0,0,0.28,0.05,0,0,0,0
28:09.0,0,0,0.28,0.05,0,0,0,0
28:09.1,0,0,0.28,0.04,0,0,0,0
28:09.3,0,0,0.28,0.04,0,0,0,0
28:09.4,0,0,0.28,0.05,0,0,0,0
28:09.5,0,0,0.28,0.05,0,0,0,0
28:09.6,0,0,0.28,0.05,0,0,0,0
28:09.7,0,0,0.28,0.05,0,0,0,0
28:09.8,0,0,0.28,0.04,0,0,0,0
28:09.9,0,0,0.28,0.04,0,0,0,0
28:10.4,0,0,0.28,0.05,0,0,0,0
28:10.5,0,0,0.28,0.05,0,0,0,0
28:10.6,0,0,0.28,0.04,0,0,0,0
28:10.7,0,0,0.28,0.04,0,0,0,0
28:10.8,0,0,0.28,0.05,0,0,0,0
28:10.9,0,0,0.28,0.05,0,0,0,0
28:11.0,0,0,0.28,0.05,0,0,0,0
28:11.2,0,0,0.28,0.05,0,0,0,0
28:11.2,0,0,0.28,0.05,0,0,0,0
28:11.3,0,0,0.28,0.04,0,0,0,0
28:11.5,0,0,0.28,0.05,0,0,0,0
28:11.6,0,0,0.28,0.04,0,0,0,0
28:11.7,0,0,0.28,0.05,0,0,0,0
28:11.8,0,0,0.28,0.05,0,0,0,0
28:11.9,0,0,0.28,0.04,0,0,0,0
28:12.0,0,0,0.28,0.05,0,0,0,0
28:12.4,0,0,0.28,0.05,0,0,0,0
28:12.5,0,0,0.28,0.05,0,0,0,0
28:12.5,0,0,0.28,0.05,0,0,0,0
28:12.7,0,0,0.28,0.05,0,0,0,0
28:12.8,0,0,0.28,0.04,0,0,0,0
28:12.9,0,0,0.28,0.04,0,0,0,0
28:13.0,0,0,0.28,0.05,0,0,0,0
28:13.1,0,0,0.28,0.05,0,0,0,0
28:13.2,0,0,0.28,0.05,0,0,0,0
28:13.3,0,0,0.28,0.04,0,0,0,0
28:13.4,0,0,0.28,0.05,0,0,0,0
28:13.5,0,0,0.28,0.05,0,0,0,0
28:13.7,0,0,0.28,0.05,0,0,0,0
28:13.8,0,0,0.28,0.04,0,0,0,0
28:13.9,0,0,0.28,0.04,0,0,0,0
28:14.0,0,0,0.28,0.04,0,0,0,0
28:14.1,0,0,0.28,0.04,0,0,0,0
28:14.2,0,0,0.28,0.04,0,0,0,0
28:14.3,0,0,0.28,0.04,0,0,0,0
28:14.7,0,0,0.28,0.05,0,0,0,0
28:14.8,0,0,0.28,0.05,0,0,0,0
28:14.9,0,0,0.28,0.05,0,0,0,0
28:15.5,0,0,0.28,0.04,0,0,0,0
28:16.7,63.2,63.2,3.14,0.05,57,1.1,0.03,0
28:16.8,63.2,63.2,3.14,0.05,69,1.4,0.123,0
28:16.8,63.2,63.2,3.14,0.04,85,1.6,0.057,0
28:16.9,63.2,63.2,3.14,0.05,103,1.9,0.132,0
28:17.3,63.2,63.2,3.14,0.04,189,3,0.066,0
28:17.8,63.2,63.2,3.14,0.04,332,4.3,0.084,0
28:18.4,63.2,63.2,3.14,0.04,500,6.2,0.123,0
28:18.5,63.2,63.2,3.14,0.05,531,6.1,0,0
28:18.6,63.2,63.2,3.14,0.05,559,6.3,0.004,0
28:18.9,63.2,63.2,3.14,0.04,656,7.1,0,0.24
28:19.1,63.2,63.1,3.13,0.05,724,7.7,0.013,0.48
28:19.6,63.2,63.2,3.13,0.05,848,8.7,0,0.9
28:19.7,63.2,63.2,3.14,0.04,882,8.9,0,1
28:19.8,63.2,63.2,3.14,0.04,913,9.3,0.11,1.11
28:20.4,63.2,63.1,3.13,0.05,1093,10.7,0.004,1.74
28:20.5,63.1,63.1,3.13,0.04,1116,11,0,1.85
28:20.6,63.2,62.9,3.13,0.05,1137,11.1,0,1.92
28:21.0,63.2,63.2,3.13,0.05,1242,11.9,0.269,2.29
28:21.1,63.1,63.1,3.13,0.05,1264,12.4,0.172,2.39
28:21.3,63.2,63.1,3.14,0.04,1328,12.6,0,2.62
28:22.1,63.2,63.2,3.14,0.05,1533,14.1,0.177,3.46
28:22.2,63.2,63.2,3.14,0.04,1560,14,0.075,3.55
28:22.3,63.2,63.2,3.14,0.05,1580,14.9,0,3.64
28:22.4,63.2,63.2,3.14,0.05,1601,14.5,0,3.73
28:22.6,62.9,63.1,3.14,0.05,1645,15.3,0.562,3.92
28:23.1,63.2,63.1,3.14,0.04,1742,15.9,0.057,4.44
28:23.7,63.2,63.2,3.14,0.04,1830,15.8,0.194,5.04
28:23.9,63.2,63.2,3.14,0.05,1845,16.4,0,5.23
28:24.0,63.2,63.2,3.14,0.05,1860,16.1,0,5.34
28:24.5,63.2,63.2,3.14,0.04,1901,16.6,0,5.86
28:24.6,63.2,63.1,3.14,0.05,1904,15.7,0,5.94
28:24.7,63.2,63.2,3.14,0.05,1913,16.3,0.004,6.03
28:24.8,63.2,63.2,3.14,0.05,1921,16.3,0.079,6.14
28:24.9,63.2,63.1,3.14,0.04,1924,16.7,0.292,6.23
28:25.0,63.2,63.2,3.14,0.04,1930,16.6,0,6.33
28:25.1,63.2,63.2,3.14,0.04,1934,15.9,0,6.42
28:25.6,63.2,63.1,3.13,0.05,1962,16.8,0,6.95
28:25.9,63.2,63.2,3.14,0.05,1974,16.4,0,7.16
28:25.9,63.2,63.2,3.14,0.04,1979,16.7,0.048,7.26
28:26.1,63.2,63.2,3.14,0.04,1988,17,0.199,7.46
28:26.3,63.2,63.1,3.13,0.04,1996,17.1,0.119,7.56
28:26.4,63.2,63.2,3.14,0.05,1997,17,0,7.67
28:27.3,63.2,63.2,3.14,0.05,2023,17.4,0,8.64
28:27.4,63.2,63.2,3.14,0.04,2028,17.2,0,8.73
28:27.5,63.2,63.2,3.14,0.05,2032,16.7,0.088,8.83
28:27.8,63.2,63.2,3.14,0.05,2044,17.2,0.07,9.15
28:27.9,63.2,63.2,3.14,0.05,2049,17.4,0.181,9.24
28:28.0,63.2,63.1,3.14,0.05,2049,17.6,0.318,9.36
28:28.2,63.2,63.2,3.13,0.05,2057,17.6,0,9.46
28:28.7,63.1,63.1,3.14,0.05,2097,17.7,0.11,9.96
28:28.7,63.1,63.2,3.14,0.04,2102,18.1,0.123,10.05
28:28.8,63.2,63.2,3.14,0.04,2109,18.1,0.022,10.15
28:29.4,63.2,63.1,3.14,0.05,2107,16.9,0.013,10.66
28:29.6,63.1,63.2,3.14,0.04,2098,17.3,0.079,10.87
28:29.7,63.2,63.2,3.14,0.05,2095,17.6,0.243,10.97
28:29.8,63.2,63.1,3.14,0.05,2094,17.6,0,11.06
28:29.9,63.2,63.1,3.14,0.04,2091,17.1,0,11.16
28:30.0,63.2,63.2,3.13,0.05,2091,17.4,0.278,11.26
28:30.1,63.2,63.2,3.13,0.05,2092,17.1,0,11.36
28:30.9,63.1,63.2,3.14,0.05,2081,17.4,0.004,12.15
28:31.2,63,63,3.13,0.05,2075,17.4,0,12.45
28:31.8,63.1,63.1,3.13,0.05,2064,17.1,0,13.04
28:31.9,63.1,63.1,3.13,0.05,2064,17.1,0,13.14
28:32.0,63.2,63.1,3.13,0.05,2064,16.7,0,13.25
28:32.1,63.1,63.1,3.13,0.05,2062,17.1,0.305,13.34
28:32.1,63.1,63.1,3.13,0.05,2063,17.4,0,13.42
28:32.2,62.9,62.9,3.13,0.05,2059,17.3,0,13.53
28:32.8,63.1,63.1,3.13,0.05,2056,17.4,0,14.12
28:32.9,63.1,63.1,3.14,0.05,2056,16.8,0,14.21
28:33.0,63.1,63,3.13,0.05,2056,17.2,0.159,14.27
28:33.4,62.9,63,3.13,0.04,2059,16.9,0,14.66
28:33.7,63,63.1,3.13,0.05,2061,17.5,0,14.96
28:33.8,63.1,63.2,3.13,0.04,2064,17.5,0.022,15.06
28:34.3,63.1,63.1,3.13,0.05,2075,17,0,15.62
28:34.4,63.1,63.1,3.13,0.04,2077,17.4,0.132,15.71
28:34.6,63.1,63.1,3.13,0.04,2081,17.1,0,15.83
28:34.7,63.1,63.1,3.13,0.05,2083,17.3,0,15.94
28:35.2,63.1,63.1,3.13,0.05,2091,17.1,0,16.52
28:35.3,63.1,63.1,3.13,0.05,2089,17.4,0.269,16.62
28:35.4,63.1,63.1,3.13,0.05,2091,17.4,0.101,16.72
28:35.6,63.1,63.1,3.13,0.05,2090,17.3,0.19,16.86
28:35.7,63.1,63.1,3.13,0.05,2091,17.3,0,16.96
28:35.8,63.1,63.1,3.13,0.04,2087,17.6,0.053,17.06
28:37.0,63.1,63.1,3.13,0.05,2088,17.2,0.035,18.27
28:37.1,63.1,62.7,3.09,0.05,2090,17.4,0.044,18.36
28:37.5,63.1,63.1,3.13,0.05,2093,17.5,0.3,18.73
28:37.8,63.1,63.1,3.14,0.05,2099,17.4,0,19.11
28:38.0,63.1,63.1,3.14,0.05,2106,17.4,0.066,19.3
28:38.2,63.1,63.1,3.13,0.04,2111,17.9,0.092,19.5
28:38.3,63.1,63.1,3.13,0.05,2111,17.9,0.203,19.59
28:38.4,63.1,63.1,3.13,0.05,2114,17.8,0,19.68
28:38.9,63.1,63.1,3.13,0.05,2122,17.8,0.163,20.19
28:39.0,63.1,63.1,3.13,0.05,2120,18,0,20.28
28:39.1,63.1,63.1,3.14,0.04,2121,17.9,0,20.4
28:39.2,63.1,63.1,3.13,0.05,2121,17.7,0,20.49
28:39.4,63.1,63.1,3.13,0.04,2125,17.4,0,20.68
28:39.5,63.1,63.1,3.13,0.05,2125,17.7,0.274,20.78
28:40.2,63.1,63.1,3.13,0.05,2128,17.8,0.181,21.45
28:40.3,63.1,63.1,3.13,0.05,2131,17.9,0.03,21.55
28:40.4,63.1,63.1,3.13,0.05,2128,17.8,0,21.63
28:41.2,63.1,63.1,3.13,0.05,2129,17.9,0,22.42
28:41.2,63.1,63.1,3.13,0.05,2131,17.4,0.026,22.5
28:41.4,63.1,63.1,3.13,0.05,2130,17.8,0.035,22.65
28:41.5,63.2,63.1,3.13,0.04,2130,17.5,0,22.75
28:41.6,63.2,63.1,3.13,0.04,2131,17.7,0,22.85
28:41.7,63.1,63.1,3.13,0.04,2134,17.5,0.119,22.95
28:42.4,63.1,63.1,3.13,0.05,2141,17.8,0,23.62
28:42.5,63.1,63.1,3.13,0.04,2141,18.1,0,23.79
28:42.8,63.1,63,3.13,0.05,2140,18,0,24.02
28:42.9,63,63.1,3.13,0.05,2141,17.5,0,24.1
28:42.9,63.1,63.1,3.13,0.05,2141,17.9,0.128,24.18
28:43.3,63,63,3.13,0.05,2141,17.7,0,24.53
28:43.4,63.1,63.1,3.13,0.04,2139,17.7,0,24.66
28:43.5,63.1,63.1,3.13,0.04,2141,17.8,0.168,24.74
28:43.6,63.1,63.1,3.13,0.05,2138,17.9,0,24.81
28:43.8,63,63,3.13,0.05,2140,17.5,0.057,25
28:44.9,63.1,63.1,3.13,0.05,2150,17.8,0.053,26.11
28:45.0,63.1,63.1,3.13,0.05,2149,17.9,0.225,26.22
28:45.8,63.1,63.1,3.13,0.05,2149,17.6,0,27.04
28:45.9,63.1,63.2,3.13,0.05,2149,17.7,0,27.14
28:46.0,63.1,63.1,3.13,0.05,2149,17.6,0.177,27.26
28:46.1,63.1,63.2,3.13,0.04,2149,17.7,0.234,27.36
28:46.2,62.8,62,3.11,0.05,2149,17.8,0,27.45
28:46.3,63,63.1,3.13,0.05,2147,18.2,0.15,27.55
28:46.8,63,63.1,3.12,0.04,2144,17.7,0.03,28.05
28:46.9,62,62.3,3.09,0.05,2144,17.9,0.092,28.14
28:47.0,62.8,63.1,3.13,0.05,2143,18.1,0,28.21
28:47.8,63.1,63.1,3.13,0.05,2145,18,0.101,28.99
28:47.9,63.1,63.1,3.13,0.05,2146,17.5,0,29.08
28:48.3,63.1,63.1,3.13,0.05,2145,17.6,0,29.55
28:48.4,63.1,63.1,3.13,0.04,2145,17.9,0,29.66
28:48.5,63.2,63.1,3.13,0.05,2146,17.6,0.172,29.76
28:48.6,63.1,63.1,3.13,0.04,2148,17.8,0.216,29.85
28:48.8,63.1,63.1,3.13,0.04,2150,18.2,0.119,30.06
28:49.3,63.1,63.1,3.13,0.05,2156,17.8,0,30.53
28:49.4,63.1,63.1,3.14,0.05,2158,18.1,0.199,30.62
28:49.5,63.1,63.1,3.13,0.05,2157,18.3,0.23,30.72
28:49.7,63.1,63.1,3.13,0.05,2158,18.3,0.066,30.94
28:49.8,63.1,63.1,3.13,0.05,2158,18.2,0.172,31.05
28:50.3,63.2,63.1,3.14,0.05,2157,17.6,0.177,31.55
28:50.7,63.1,63.1,3.13,0.05,2155,17.7,0,31.88
28:50.7,63.1,63.1,3.13,0.05,2154,18.2,0.194,31.95
28:50.8,63.1,63.1,3.13,0.04,2152,17.7,0,32.04
28:51.3,63.1,63.1,3.13,0.05,2150,17.8,0.331,32.56
28:51.4,63.1,63.1,3.14,0.05,2150,17.9,0.119,32.66
28:51.5,63.2,63.1,3.13,0.05,2147,18,0,32.76
28:51.7,62.7,63.1,3.13,0.05,2145,17.8,0.03,32.88
28:51.8,63.1,63.1,3.13,0.04,2145,18,0.181,32.98
28:51.9,63.1,63.2,3.14,0.05,2142,18.1,0,33.08
28:52.0,63.2,63.1,3.14,0.04,2141,17.9,0,33.19
28:52.1,63.2,63.1,3.13,0.05,2141,17.9,0,33.28
28:52.2,63.2,63.1,3.13,0.05,2141,17.4,0,33.38
28:52.3,63.1,63.2,3.13,0.05,2139,17.7,0.128,33.46
28:52.4,63.1,63.1,3.14,0.04,2139,17.7,0.159,33.57
28:52.6,63.1,63.1,3.13,0.04,2135,17.6,0,33.84
28:52.9,63.1,63.1,3.13,0.04,2135,18,0.265,34.13
28:53.2,63.1,63.1,3.13,0.05,2135,18,0.154,34.46
28:53.4,63.1,63.1,3.13,0.05,2133,18,0,34.56
28:53.5,63.1,63.1,3.13,0.04,2134,18.1,0,34.68
28:53.6,63.1,63.1,3.13,0.05,2131,17.9,0,34.78
28:53.7,63.1,63.1,3.13,0.04,2131,17.8,0.079,34.88
28:53.8,63.1,63.1,3.13,0.05,2132,17.4,0,34.98
28:53.9,63.1,63.1,3.13,0.05,2131,17.6,0,35.07
28:54.3,63.1,63.1,3.13,0.04,2130,17.7,0,35.45
28:54.5,63.2,63.1,3.13,0.05,2132,17.6,0,35.66
28:54.6,63.1,63.1,3.13,0.04,2134,17.7,0.212,35.76
28:54.9,63.1,63.1,3.13,0.05,2136,17.4,0,36.11
28:55.1,63.1,63.1,3.14,0.05,2137,18,0,36.24
28:55.2,63.1,63.1,3.13,0.05,2139,17.7,0,36.43
28:55.4,63.1,63.1,3.13,0.04,2140,17.5,0,36.56
28:55.5,63.1,63.1,3.14,0.05,2142,18.1,0,36.72
28:55.7,63.1,63.1,3.13,0.05,2142,18.1,0.128,36.94
28:56.1,63.2,63,3.13,0.05,2142,17.6,0,37.25
28:56.1,63.1,63.1,3.14,0.05,2142,17.6,0.101,37.34
28:56.2,63.2,63.1,3.13,0.05,2143,17.7,0,37.44
28:56.3,63.1,63.1,3.13,0.04,2141,18.1,0.185,37.52
28:56.4,63.2,63.1,3.14,0.05,2141,18,0,37.62
28:56.5,63.1,63.1,3.13,0.04,2138,18,0,37.74
28:56.6,63.2,63.1,3.13,0.04,2139,17.9,0,37.84
28:56.7,63.2,63.2,3.14,0.04,2138,17.3,0,37.93
28:56.9,63.2,63.2,3.14,0.05,2136,17.4,0.208,38.14
28:57.3,63.2,63.1,3.14,0.05,2134,17.9,0,38.51
28:57.8,63.1,63.1,3.13,0.05,2138,17.8,0.185,39.02
28:58.0,63.1,63.1,3.13,0.05,2137,17.7,0.287,39.16
28:58.0,63.1,63.1,3.13,0.05,2138,18,0,39.23
28:58.2,63.1,63,3.13,0.05,2136,17.8,0,39.36
28:58.3,63.1,63.1,3.13,0.05,2134,17.9,0.088,39.42
28:58.8,62.3,62.2,3.08,0.05,2135,17.6,0,39.95
28:58.9,63,63.2,3.1,0.05,2133,18,0.137,40.04
28:58.9,62.2,63.1,3.13,0.05,2132,18.1,0.243,40.13
28:59.0,63.1,62.6,3.13,0.05,2133,17.7,0,40.22
28:59.3,62.7,62.4,3.09,0.05,2134,17.7,0,40.51
28:59.5,62.9,62,3.13,0.04,2135,17.4,0,40.65
28:59.8,62.2,62.1,3.1,0.05,2133,17.9,0,40.95
29:00.0,62.1,62.2,3.1,0.05,2130,17.9,0,41.14
29:00.1,62.2,63,3.09,0.04,2130,17.6,0,41.23
29:00.2,62.1,62.4,3.09,0.05,2131,17.4,0.212,41.34
29:00.3,62.2,61.9,3.1,0.05,2131,17.6,0.132,41.44
29:00.8,62.8,62.9,3.13,0.05,2128,17.9,0,41.97
29:01.1,63.1,63,3.12,0.04,2128,17.5,0.239,42.24
29:01.1,63.1,63.1,3.13,0.05,2128,17.9,0.261,42.32
29:01.5,62.8,62.1,3.1,0.04,2125,17.3,0,42.7
29:01.8,62.9,63.1,3.13,0.05,2124,17.9,0,42.97
29:01.9,63,63.2,3.13,0.05,2127,18,0.013,43.09
29:02.0,63.1,63,3.13,0.05,2127,17.4,0,43.17
29:02.1,63.2,63.2,3.13,0.05,2127,17.6,0,43.29
29:02.2,63,63.2,3.14,0.05,2127,17.5,0.19,43.38
29:02.6,63.1,63.1,3.14,0.05,2130,18,0,43.76
29:03.0,63.2,63.2,3.14,0.04,2135,17.8,0.013,44.16
29:03.1,63.2,63.2,3.13,0.05,2137,18.1,0.128,44.24
29:03.2,63.1,63.1,3.14,0.04,2136,18.1,0,44.35
29:03.7,63.2,63.1,3.14,0.05,2141,17.9,0.203,44.84
29:04.2,63.2,63.2,3.13,0.05,2148,18,0,45.34
29:04.6,63.1,63.1,3.13,0.05,2160,18,0,45.77
29:04.7,63.1,63.1,3.13,0.04,2162,17.8,0.154,45.88
29:04.8,63.1,63.1,3.14,0.05,2164,18,0.084,45.99
29:05.0,63.1,63.1,3.13,0.04,2167,18.1,0,46.12
29:05.2,63.1,63.1,3.13,0.05,2173,18.3,0,46.39
29:05.4,63.1,63.1,3.13,0.05,2175,17.9,0,46.54
29:05.5,63.1,63.1,3.13,0.05,2176,18,0.252,46.64
29:05.6,63,63.1,3.13,0.05,2177,18.2,0,46.79
29:05.7,63.2,63.1,3.13,0.05,2180,18,0,46.87
29:05.8,63.2,63.2,3.13,0.05,2182,18.1,0,46.98
29:06.3,0,0,0.29,0.05,2158,17.2,0,47.45
29:06.5,0,0,0.28,0.05,2148,17.4,0,47.62
29:06.6,0,0,0.29,0.04,2144,17.8,0.088,47.74
29:06.7,0,0,0.29,0.05,2138,17.5,0,47.86
29:07.0,0,0,0.29,0.05,2109,16.9,0,48.14
29:07.1,0,0,0.29,0.05,2093,16.5,0,48.27
29:07.2,0,0,0.28,0.05,2083,16.5,0,48.35
29:07.4,0,0,0.29,0.05,2051,15.9,0,48.53
29:07.7,0,0,0.29,0.04,1996,15.5,0,48.82
29:07.7,0,0,0.29,0.05,1984,15.4,0,48.9
29:07.8,0,0,0.28,0.05,1964,15.4,0,48.97
29:07.9,0,0,0.29,0.04,1952,14.9,0,49.04
29:08.0,0,0,0.29,0.04,1931,14.9,0,49.16
29:08.1,0,0,0.29,0.05,1905,14.9,0,49.26
29:08.3,0,0,0.29,0.04,1876,14.5,0.035,49.4
29:08.4,0,0,0.29,0.05,1834,13.8,0.177,49.59
29:08.7,0,0,0.29,0.05,1783,13.9,0,49.83
29:08.8,0,0,0.29,0.05,1748,13.5,0,49.98
29:08.9,0,0,0.29,0.04,1725,12.8,0,50.06
29:09.1,0,0,0.29,0.04,1678,12.8,0.057,50.26
29:09.2,0,0,0.29,0.05,1657,12.1,0.022,50.35
29:09.4,0,35.7,1.99,0.04,1583,11.5,0.274,50.58
29:09.6,0,0,0.29,0.05,1554,11.4,0,50.7
29:09.9,0,0,0.29,0.05,1471,10.5,0,51.04
29:10.0,0,0,0.29,0.05,1437,10.7,0.221,51.18
29:10.1,0,0,0.28,0.04,1420,10.5,0,51.25
29:10.2,0,0,0.29,0.04,1400,10.2,0,51.35
29:10.6,0,0,0.28,0.04,1311,9.7,0.194,51.76
29:10.9,0,0,0.29,0.05,1263,9.3,0,52
29:11.0,0,0,0.29,0.04,1229,9.2,0.084,52.14
29:11.1,0,0,0.28,0.04,1207,8.7,0,52.23
29:11.2,0,0,0.29,0.05,1186,8.6,0,52.36
29:11.3,0,0,0.29,0.05,1161,8.4,0.048,52.46
29:11.5,0,0,0.29,0.04,1133,8.3,0.101,52.6
29:11.7,0,0,0.28,0.05,1076,7.8,0,52.84
29:12.0,0,0,0.29,0.05,1027,7.3,0.053,53.09
29:12.1,0,0,0.28,0.05,999,7,0,53.2
29:12.2,0,0,0.29,0.04,970,6.7,0,53.32
29:12.3,0,0,0.29,0.05,955,6.7,0,53.4
29:12.3,0,0,0.29,0.05,942,6.7,0.008,53.46
29:12.4,0,0,0.29,0.05,920,6.2,0,53.56
29:12.5,0,0,0.29,0.04,899,6.2,0,53.65
29:12.9,0,0,0.29,0.05,820,5.5,0,54
29:13.0,0,0,0.29,0.05,800,5.5,0,54.1
29:13.1,0,0,0.29,0.05,772,5.1,0,54.23
29:13.2,0,0,0.29,0.05,750,4.9,0,54.33
29:13.3,0,0,0.29,0.05,729,4.8,0,54.43
29:13.4,0,0,0.29,0.05,701,4.5,0,54.55
29:13.5,0,0,0.29,0.04,679,4.3,0,54.65
29:13.9,0,0,0.28,0.05,595,3.7,0,55.02
29:14.1,0,0,0.29,0.05,544,3.3,0,55.26
29:15.0,0,0,0.29,0.05,347,1.6,0,55.44
29:15.5,0,0,0.29,0.05,259,1.1,0,55.44
29:15.9,0,0,0.28,0.05,182,0.6,0,55.44
29:16.0,0,0,0.28,0.05,167,0.5,0,55.44
29:16.2,0,0,0.28,0.05,135,0.3,0,55.44
29:16.3,0,0,0.29,0.05,127,0.3,0,55.44
29:16.4,0,0,0.29,0.05,118,0.2,0,55.44
29:16.5,0,0,0.29,0.05,103,0.1,0,55.44
29:16.8,0,0,0.29,0.05,78,0,0,55.44
29:16.9,0,0,0.28,0.04,66,0,0,55.44
29:17.0,0,0,0.29,0.05,57,0,0,55.44
29:18.8,0,0,0.28,0.04,-26,-0.3,0,55.44
29:18.9,0,0,0.28,0.04,-28,-0.3,0.004,55.44
29:19.0,0,0,0.28,0.04,-30,-0.3,0,55.44
29:19.1,0,0,0.28,0.05,-31,-0.3,0,55.44
29:19.5,0,0,0.29,0.05,-34,-0.3,0,55.44
29:19.7,0,0,0.29,0.05,-34,-0.2,0,55.44
29:19.8,0,0,0.28,0.05,-35,-0.3,0,55.44
29:20.0,0,0,0.29,0.04,-35,-0.2,0,55.44
29:20.2,0,0,0.29,0.05,-34,-0.2,0,55.44
29:20.3,0,0,0.29,0.05,-34,-0.2,0.004,55.44
