Time,Inputs | Throttle Command,Inputs | Mapped Throttle,Inputs | Throttle Pot,Motor | Motor RPM,Vehicle | Vehicle Speed,Vehicle | Vehicle Acceleration,Vehicle | Time Between Speeds
00:53.4,0,0,0.28,0,0,0,19.07
00:53.5,0,0,0.28,0,0,0,19.07
00:53.5,0,0,0.28,0,0,0,19.07
00:53.7,0,0,0.28,0,0,0,19.07
00:53.7,0,0,0.28,0,0,0,19.07
00:54.1,0,0,0.28,0,0,0,19.07
00:54.2,0,0,0.28,0,0,0,19.07
00:54.5,0,0,0.28,0,0,0,19.07
00:54.5,0,0,0.28,0,0,0,19.07
00:54.8,0,0,0.28,0,0,0,19.07
00:54.8,0,0,0.28,0,0,0,19.07
00:55.1,0,0,0.28,0,0,0,19.07
00:55.2,0,0,0.28,0,0,0,19.07
00:55.4,0,0,0.28,0,0,0,19.07
00:55.5,0,0,0.28,0,0,0,19.07
00:55.9,0,0,0.28,0,0,0,19.07
00:55.9,0,0,0.28,0,0,0,19.07
00:56.1,0,0,0.28,0,0,0,19.07
00:56.3,0,0,0.28,0,0,0,19.07
00:56.4,0,0,0.28,0,0,0,19.07
00:56.5,0,0,0.28,0,0,0,19.07
00:56.8,0,0,0.28,0,0,0,19.07
00:56.9,0,0,0.28,0,0,0,19.07
00:57.0,0,0,0.28,0,0,0,19.07
00:57.5,0,0,0.28,0,0,0,19.07
00:57.5,0,0,0.28,0,0,0,19.07
00:57.6,0,0,0.28,0,0,0,19.07
00:58.0,0,0,0.28,0,0,0,19.07
00:58.0,0,0,0.28,0,0,0,19.07
00:58.2,0,0,0.28,0,0,0,19.07
00:58.5,0,0,0.28,0,0,0,19.07
00:58.8,0,0,0.28,0,0,0,19.07
00:58.9,0,0,0.28,0,0,0,19.07
00:59.1,0,0,0.28,0,0,0,19.07
00:59.3,0,0,0.28,0,0,0,19.07
00:59.8,0,0,0.28,0,0,0,19.07
01:00.1,0,0,0.28,0,0,0,19.07
01:00.1,0,0,0.28,0,0,0,19.07
01:00.2,0,0,0.28,0,0,0,19.07
01:00.3,0,0,0.28,0,0,0,19.07
01:00.8,0,0,0.28,0,0,0,19.07
01:00.9,0,0,0.28,0,0,0,19.07
01:01.0,0,0,0.28,0,0,0,19.07
01:01.1,0,0,0.28,0,0,0,19.07
01:01.3,0,0,0.28,0,0,0,19.07
01:01.7,0,0,0.28,0,0,0,19.07
01:01.8,0,0,0.28,0,0,0,19.07
01:01.9,0,0,0.28,0,0,0,19.07
01:02.2,0,0,0.28,0,0,0,19.07
01:02.3,0,0,0.28,0,0,0,19.07
01:02.4,0,0,0.28,0,0,0,19.07
01:02.5,0,0,0.28,0,0,0,19.07
01:02.7,0,0,0.28,0,0,0,19.07
01:02.8,0,0,0.28,0,0,0,19.07
01:02.9,0,0,0.28,0,0,0,19.07
01:03.0,0,0,0.28,0,0,0,19.07
01:03.1,0,0,0.28,0,0,0,19.07
01:03.3,0,0,0.28,0,0,0,19.07
01:03.4,0,0,0.28,0,0,0,19.07
01:03.5,0,0,0.28,0,0,0,19.07
01:03.6,0,0,0.28,0,0,0,19.07
01:04.0,0,0,0.28,0,0,0,19.07
01:04.2,0,0,0.28,0,0,0,19.07
01:04.3,0,0,0.28,0,0,0,19.07
01:04.4,0,0,0.28,0,0,0,19.07
01:04.5,0,0,0.28,0,0,0,19.07
01:04.6,0,0,0.28,0,0,0,19.07
01:04.8,0,0,0.28,0,0,0,19.07
01:04.9,0,0,0.28,0,0,0,19.07
01:05.0,0,0,0.28,0,0,0,19.07
01:05.1,0,0,0.28,0,0,0,19.07
01:05.2,0,0,0.28,0,0,0,19.07
01:05.3,0,0,0.28,0,0,0,19.07
01:05.4,0,0,0.28,0,0,0,19.07
01:05.5,0,0,0.28,0,0,0,19.07
01:05.6,0,0,0.28,0,0,0,19.07
01:05.7,0,0,0.28,0,0,0,19.07
01:05.8,0,0,0.28,0,0,0,19.07
01:06.0,0,0,0.28,0,0,0,19.07
01:06.1,0,0,0.28,0,0,0,19.07
01:06.1,0,0,0.28,0,0,0,19.07
01:06.3,0,0,0.28,0,0,0,19.07
01:06.4,0,0,0.28,0,0,0,19.07
01:06.5,0,0,0.28,0,0,0,19.07
01:06.6,0,0,0.28,0,0,0,19.07
01:06.8,0,0,0.28,0,0,0,19.07
01:06.8,0,0,0.28,0,0,0,19.07
01:06.9,0,0,0.28,0,0,0,19.07
01:07.1,100,100,4.85,0,0,0,0
01:07.2,100,100,4.85,7,1.8,0.539,0
01:07.3,100,100,4.85,50,1.8,1.323,0
01:07.4,100,100,4.85,45,-0.4,0,0
01:07.6,100,100,4.85,47,0.5,0,0
01:08.0,100,100,4.85,115,2.2,0.239,0
01:08.1,100,100,4.85,135,2.5,0,0
01:08.3,100,100,4.85,165,2.7,0.177,0
01:08.5,100,100,4.85,243,3.5,0.07,0
01:09.0,100,100,4.85,378,4.9,0.097,0
01:09.1,100,100,4.85,396,4.9,0,0
01:09.1,100,100,4.85,415,5.1,0.084,0
01:09.2,100,100,4.85,458,5.8,0.022,0
01:09.6,100,100,4.85,553,6.6,0.163,0
01:09.6,100,100,4.85,587,6.9,0.172,0.06
01:09.7,100,100,4.85,607,6.7,0,0.13
01:09.8,100,100,4.85,636,6.9,0.061,0.21
01:09.9,100,100,4.85,683,7.8,0.172,0.34
01:10.0,100,100,4.85,702,7.3,0.044,0.41
01:10.2,100,100,4.85,767,8.3,0.159,0.61
01:10.8,100,100,4.85,959,10,0.318,1.2
01:10.9,100,100,4.85,993,9.8,0.159,1.3
01:11.0,100,100,4.85,1032,10.6,0.278,1.43
01:11.1,100,100,4.85,1061,10,0,1.52
01:11.3,100,100,4.85,1121,10.8,0,1.72
01:11.6,100,100,4.85,1210,12.1,0.553,2.01
01:11.7,100,100,4.85,1233,11.7,0,2.1
01:11.8,100,100,4.85,1254,12.3,0.398,2.18
01:11.9,100,100,4.85,1285,13,0.185,2.31
01:12.0,100,100,4.85,1315,11.8,0.296,2.4
01:12.5,100,100,4.85,1447,14,0.269,2.94
01:12.7,100,100,4.85,1487,14.4,0,3.1
01:12.8,100,100,4.85,1504,13.1,0.504,3.16
01:13.2,100,100,4.85,1597,13.6,0.46,3.59
01:13.3,100,100,4.85,1624,15.3,0.717,3.7
01:13.4,100,100,4.85,1646,16,1.177,3.84
01:13.5,100,100,4.85,1656,15.8,0.973,3.94
01:14.0,100,100,4.85,1736,16.7,1.314,4.39
01:14.1,100,100,4.85,1750,14.5,0,4.48
01:14.2,100,100,4.85,1771,14.5,0,4.6
01:14.3,100,100,4.85,1791,15.6,0,4.71
01:14.4,100,100,4.85,1797,16.4,0.309,4.79
01:14.8,100,100,4.85,1849,15.8,0.694,5.2
01:14.9,100,100,4.85,1852,16.9,0,5.28
01:15.0,100,100,4.85,1863,15.2,0,5.36
01:15.2,100,100,4.85,1880,16.1,0.057,5.56
01:15.3,100,100,4.85,1890,16.5,0.061,5.66
01:16.0,100,100,4.85,1936,17.4,0.46,6.41
01:16.1,100,100,4.85,1943,16.4,0,6.51
01:16.2,100,100,4.85,1949,16.3,0.146,6.6
01:16.4,100,100,4.85,1963,16.3,0.208,6.8
01:16.5,100,100,4.85,1964,17.3,0.606,6.9
01:16.6,100,100,4.85,1970,16.5,0,6.99
01:16.7,100,100,4.85,1976,16.7,0,7.1
01:17.2,100,100,4.85,1999,17.4,0.234,7.61
01:18.0,100,100,4.85,2031,17.1,0.026,8.42
01:18.6,100,100,4.85,2051,17.3,0.181,8.94
01:18.7,100,100,4.85,2057,17.3,0,9.13
01:18.8,100,100,4.85,2059,17.2,0,9.22
01:18.9,100,100,4.85,2067,17.2,0.46,9.31
01:20.2,100,100,4.85,2115,18.4,0,10.63
01:20.4,100,100,4.85,2121,17.9,0,10.74
01:21.8,100,100,4.85,2158,17.9,0.017,12.15
01:21.9,100,100,4.85,2162,18.2,0.185,12.24
01:22.3,100,100,4.85,2167,17.8,0,12.72
01:22.4,100,100,4.85,2169,18,0.23,12.82
01:22.5,100,100,4.85,2171,18.4,0.203,12.91
01:22.6,100,100,4.85,2173,18.4,0,13
01:23.0,100,100,4.85,2182,18.3,0,13.42
01:23.3,100,100,4.85,2188,18.3,0,13.63
01:23.8,100,100,4.85,2199,18.2,0.061,14.15
01:24.3,100,100,4.85,2207,18.9,0.269,14.64
01:24.4,100,100,4.85,2209,18.5,0,14.74
01:24.9,100,100,4.85,2213,18.4,0,15.28
01:25.0,100,100,4.85,2214,18.5,0.004,15.39
01:25.4,100,100,4.85,2216,18.6,0.146,15.77
01:25.8,100,100,4.85,2213,18.6,0,16.15
01:26.1,100,100,4.85,2220,18.2,0.106,16.45
01:26.4,100,100,4.85,2220,18.3,0.044,16.76
01:26.6,100,100,4.85,2221,18.6,0.053,16.95
01:26.7,100,100,4.85,2221,18.9,0,17.05
01:26.9,100,100,4.85,2225,18.8,0.181,17.3
01:27.0,100,100,4.85,2224,18.6,0.053,17.39
01:27.3,100,100,4.85,2227,18.6,0,17.62
01:27.7,100,100,4.85,2233,18.8,0.013,18.04
01:28.4,100,100,4.85,2237,19.1,0,18.78
01:28.6,100,100,4.85,2239,18.5,0.03,18.97
01:28.7,100,100,4.85,2243,18.6,0,19.05
01:28.9,100,100,4.85,2244,19,0.287,19.26
01:29.0,100,100,4.85,2244,18.7,0,19.35
01:29.1,100,100,4.85,2245,19.1,0.314,19.46
01:29.4,100,100,4.85,2246,18.6,0.026,19.8
01:29.8,100,100,4.85,2246,18.5,0,20.14
01:29.9,100,100,4.85,2246,18.6,0.092,20.22
01:30.0,100,100,4.85,2246,18.6,0.208,20.35
01:30.4,100,100,4.85,2240,19,0.013,20.74
01:30.5,100,100,4.85,2238,18.4,0,20.83
01:30.6,100,100,4.85,2237,18.2,0,20.91
01:30.6,100,100,4.85,2236,18.8,0.305,20.98
01:30.8,100,100,4.85,2231,18.8,0.225,21.16
01:30.9,100,100,4.85,2235,18.6,0,21.25
01:31.1,100,100,4.85,2234,18.9,0.185,21.42
01:31.5,100,100,4.85,2231,18.4,0,21.8
01:31.5,100,100,4.85,2234,18.5,0.053,21.88
01:31.6,100,100,4.85,2233,18.3,0,21.97
01:31.8,100,100,4.85,2232,18.6,0,22.15
01:31.9,100,100,4.85,2230,18.5,0.044,22.23
01:32.0,100,100,4.85,2233,18.4,0.163,22.3
01:32.0,100,100,4.85,2230,18.6,0.177,22.39
01:32.6,100,100,4.85,2230,18.8,0.053,22.9
01:33.1,100,100,4.85,2236,18.8,0.177,23.38
01:33.2,100,100,4.85,2236,18.4,0.066,23.49
01:33.3,100,100,4.85,2236,18.6,0,23.66
01:33.4,100,100,4.85,2233,18.3,0,23.74
01:33.5,100,100,4.85,2236,18.6,0.385,23.83
01:33.6,100,100,4.85,2235,18.5,0.101,23.93
01:33.9,100,100,4.85,2236,18.6,0,24.19
01:34.2,100,100,4.85,2239,18.4,0.097,24.58
01:34.5,100,100,4.85,2236,18.6,0,24.84
01:34.6,100,100,4.85,2238,18.4,0.345,24.92
01:34.7,100,100,4.85,2237,18.5,0.088,25.01
01:35.1,100,100,4.85,2235,18.6,0,25.43
01:35.4,100,100,4.85,2234,19,0,25.75
01:35.7,100,100,4.85,2235,19,0.389,25.98
01:36.5,100,100,4.85,2239,18.9,0,26.85
01:36.6,100,100,4.85,2239,18.7,0,26.94
01:36.9,100,100,4.85,2238,18.7,0.013,27.23
01:37.2,100,100,4.85,2238,19,0.261,27.5
01:37.4,100,100,4.85,2239,18.9,0.38,27.72
01:37.5,100,100,4.85,2237,18.4,0.057,27.83
01:38.0,100,100,4.85,2232,18.6,0,28.32
01:38.1,100,100,4.85,2234,18.8,0,28.44
01:38.2,100,100,4.85,2233,18.6,0,28.53
01:38.4,100,100,4.85,2235,18.3,0,28.72
01:38.8,100,100,4.85,2239,18.8,0.084,29.11
01:38.9,100,100,4.85,2236,18.6,0,29.19
01:39.0,100,100,4.85,2238,18.6,0.296,29.27
01:39.1,100,100,4.85,2239,19.1,0.216,29.45
01:39.2,100,100,4.85,2241,18.8,0,29.54
01:39.3,100,100,4.85,2238,18.7,0,29.62
01:39.4,100,100,4.85,2242,18.8,0.177,29.68
01:39.7,100,100,4.85,2241,18.3,0.066,30.02
01:39.9,100,100,4.85,2242,18.7,0.026,30.19
01:40.0,100,100,4.85,2239,18.9,0,30.28
01:40.1,100,100,4.85,2242,18.6,0,30.38
01:40.4,100,100,4.85,2242,18.2,0.106,30.67
01:40.9,100,100,4.85,2234,18.8,0.053,31.19
01:41.2,100,100,4.85,2229,18.3,0,31.53
01:41.3,100,100,4.85,2227,18.8,0.172,31.62
01:41.4,100,100,4.85,2226,18.7,0.172,31.72
01:41.5,100,100,4.85,2223,18.5,0,31.8
01:41.6,100,100,4.85,2225,18.4,0.212,31.88
01:41.7,100,100,4.85,2221,18.1,0,31.98
01:42.0,100,100,4.85,2221,18.4,0.07,32.34
01:42.1,100,100,4.85,2221,18.1,0,32.42
01:42.6,100,100,4.85,2224,18.4,0,32.88
01:43.0,100,100,4.85,2233,19,0.044,33.34
01:43.2,100,100,4.85,2238,18.5,0,33.52
01:43.3,100,100,4.85,2241,18.7,0.278,33.62
01:43.5,100,100,4.85,2245,18.9,0.203,33.82
01:43.9,100,100,4.85,2247,18.5,0,34.16
01:44.5,100,100,4.85,2243,18.4,0,34.82
01:44.8,100,100,4.85,2241,19,0,35.09
01:44.9,100,100,4.85,2240,18.6,0.097,35.17
01:45.4,100,100,4.85,2239,19,0,35.73
01:45.8,100,100,4.85,2241,18.6,0.048,36.13
01:46.0,100,100,4.85,2245,18.9,0.008,36.26
01:46.3,100,100,4.85,2248,19.2,0.292,36.61
01:46.6,100,100,4.85,2254,18.9,0.119,36.86
01:47.0,100,100,4.85,2260,19.3,0.247,37.25
01:47.1,100,100,4.85,2263,18.7,0,37.41
01:47.2,100,100,4.85,2268,19,0.119,37.5
01:47.3,100,100,4.85,2269,18.7,0,37.59
01:47.4,100,100,4.85,2271,19.4,0.265,37.67
01:47.5,100,100,4.85,2274,18.9,0,37.8
01:47.6,100,100,4.85,2275,19.3,0.203,37.87
01:47.9,100,100,4.85,2282,19.1,0.119,38.14
01:48.1,100,100,4.85,2284,18.9,0,38.37
01:48.2,100,100,4.85,2282,18.9,0,38.47
01:48.3,100,100,4.85,2283,18.9,0,38.57
01:48.5,100,100,4.85,2281,19.3,0.026,38.75
01:48.9,100,100,4.85,2301,19.9,0.398,39.16
01:49.1,100,100,4.85,2311,19.4,0,39.42
01:49.6,100,100,4.85,2296,18.7,0,39.88
01:50.2,100,100,4.85,2268,18.8,0.336,40.46
01:50.5,100,100,4.85,2258,18.7,0,40.74
01:50.6,100,100,4.85,2253,18.9,0,40.84
01:51.0,100,100,4.85,2242,19,0,41.3
01:51.1,100,100,4.85,2242,18.8,0.044,41.4
01:51.2,100,100,4.85,2239,18.7,0,41.48
01:51.7,100,100,4.85,2236,18.8,0,41.92
01:52.0,100,100,4.85,2237,18.4,0.066,42.3
01:52.3,100,100,4.85,2231,18.6,0,42.57
01:52.8,100,100,4.85,2226,18.8,0,43.03
01:53.0,100,100,4.85,2224,18.9,0.305,43.24
01:53.1,100,100,4.85,2226,18.5,0,43.33
01:53.3,100,100,4.85,2227,18.5,0.092,43.52
01:53.3,100,100,4.85,2227,18.6,0,43.59
01:53.5,100,100,4.85,2227,18.7,0.323,43.72
01:53.7,100,100,4.85,2228,18.8,0.075,43.92
01:54.0,100,100,4.85,2229,18.3,0,44.27
01:54.1,100,100,4.85,2228,18.7,0.252,44.36
01:54.2,100,100,4.85,2229,18.5,0.079,44.46
01:54.3,100,100,4.85,2225,18.7,0,44.54
01:54.8,100,100,4.85,2224,18.4,0,45.05
01:55.2,100,100,4.85,2221,18.3,0.216,45.46
01:55.4,100,100,4.85,2219,18.6,0.084,45.67
01:55.5,100,100,4.85,2219,18.7,0.07,45.75
01:56.0,100,100,4.85,2213,18.3,0.168,46.22
01:56.1,100,100,4.85,2211,18.5,0.269,46.32
01:56.2,100,100,4.85,2210,18.6,0,46.4
01:56.7,100,100,4.85,2206,18.4,0.3,46.99
01:57.0,100,100,4.85,2207,18.4,0,47.2
01:57.0,100,100,4.85,2208,18.8,0.194,47.28
01:57.2,0,0,0.29,2203,18,0.044,47.45
01:57.3,0,0,0.29,2193,17.2,0,47.53
01:57.4,0,0,0.29,2179,17.9,0.146,47.63
01:57.8,0,0,0.29,2159,17.7,0,48.02
01:57.9,0,0,0.29,2152,17.6,0,48.12
01:58.0,0,0,0.29,2147,17.2,0,48.21
01:58.0,0,0,0.29,2138,17.4,0,48.29
01:58.1,0,0,0.29,2128,17.1,0,48.37
01:58.5,0,0,0.29,2077,16.6,0.097,48.78
01:58.7,0,0,0.29,2059,16.5,0.097,48.9
01:58.8,0,0,0.29,2028,15.8,0,49.07
01:58.9,0,0,0.29,2019,15.9,0.132,49.16
01:59.0,0,0,0.29,2002,15.8,0,49.24
01:59.4,0,0,0.29,1934,15.3,0.115,49.65
01:59.8,0,0,0.29,1858,14.5,0,50.07
02:00.0,0,0,0.29,1831,14.2,0,50.24
02:00.5,0,0,0.29,1731,13.6,0.154,50.74
02:00.6,0,0,0.29,1712,12.9,0,50.84
02:01.0,0,0,0.29,1632,12.4,0,51.22
02:01.2,0,0,0.29,1598,12.1,0.123,51.39
02:01.2,0,0,0.29,1577,11.9,0,51.47
02:01.3,0,0,0.29,1564,11.9,0.053,51.54
02:01.6,0,0,0.29,1499,11.3,0.128,51.86
02:01.9,0,0,0.29,1452,10.8,0,52.1
02:02.0,0,0,0.29,1425,10.7,0,52.22
02:02.2,0,0,0.29,1372,10.2,0,52.46
02:02.6,0,0,0.29,1288,9.6,0.035,52.85
02:02.8,0,0,0.29,1245,9,0,53.05
02:03.0,0,0,0.29,1207,8.8,0.106,53.22
02:03.1,0,0,0.29,1188,8.6,0,53.3
02:03.3,0,0,0.29,1151,8.2,0.057,53.46
02:03.3,0,0,0.29,1136,8.2,0.053,53.54
02:03.5,0,0,0.29,1092,8,0.022,53.72
02:03.7,0,0,0.29,1057,7.6,0,53.89
02:03.8,0,0,0.29,1035,7.2,0,54
02:03.9,0,0,0.29,1014,7.2,0.004,54.06
02:03.9,0,0,0.29,999,6.8,0,54.14
02:04.1,0,0,0.29,970,6.9,0.017,54.26
02:04.3,0,0,0.29,917,6.4,0,54.54
02:04.5,0,0,0.29,883,6.1,0,54.69
02:04.6,0,0,0.29,854,5.8,0,54.81
02:04.8,0,0,0.29,823,5.7,0,54.96
02:04.8,0,0,0.29,810,5.5,0,55.03
02:04.9,0,0,0.29,790,5.4,0,55.14
02:05.0,0,0,0.29,763,5.2,0,55.25
02:05.4,0,0,0.29,691,4.5,0,55.63
02:05.5,0,0,0.29,667,4.5,0,55.73
02:05.7,0,0,0.29,643,4.2,0,55.86
02:05.7,0,0,0.29,630,4.1,0,55.94
02:05.8,0,0,0.29,618,4,0,56.01
02:05.9,0,0,0.29,588,3.8,0,56.15
02:06.0,0,0,0.29,575,3.6,0,56.21
02:06.2,0,0,0.29,532,3.3,0.026,56.45
02:06.5,0,0,0.29,475,2.9,0.008,56.75
02:06.6,0,0,0.29,458,2.8,0,56.75
02:06.7,0,0,0.29,447,2.7,0.013,56.75
02:06.8,0,0,0.29,430,2.5,0,56.75
02:06.9,0,0,0.29,413,2.3,0,56.75
02:07.0,0,0,0.29,390,2.1,0,56.75
02:07.2,0,0,0.29,357,2,0,56.75
02:07.4,0,0,0.29,324,1.6,0,56.75
02:07.5,0,0,0.29,302,1.5,0,56.75
02:07.6,0,0,0.29,291,1.5,0,56.75
02:07.7,0,0,0.29,276,1.4,0,56.75
02:07.8,0,0,0.29,261,1.2,0,56.75
02:08.0,0,0,0.29,232,1,0,56.75
02:08.1,0,0,0.29,217,1,0,56.75
02:08.1,0,0,0.29,209,0.9,0,56.75
02:08.2,0,0,0.29,200,0.8,0,56.75
02:08.3,0,0,0.29,182,0.7,0,56.75
02:08.4,0,0,0.29,165,0.6,0,56.75
02:08.5,0,0,0.29,157,0.6,0,56.75
02:08.7,0,0,0.29,135,0.4,0,56.75
02:08.9,0,0,0.29,121,0.4,0,56.75
02:09.2,0,0,0.29,85,0.2,0,56.75
02:09.6,0,0,0.29,55,0,0,56.75
02:09.7,0,0,0.29,48,0,0,56.75
02:09.9,0,0,0.29,39,0,0,56.75
02:10.2,0,0,0.29,27,0,0,56.75
02:10.2,0,0,0.29,24,0,0,56.75
02:10.3,0,0,0.29,21,0,0,56.75
02:10.6,0,0,0.29,13,0,0,56.75
02:10.7,0,0,0.29,12,0,0,56.75
02:10.8,0,0,0.29,10,0,0,56.75
02:11.2,0,0,0.29,6,0,0,56.75
02:11.3,0,0,0.29,5,0,0,56.75
02:11.4,0,0,0.29,4,0,0,56.75
02:11.5,0,0,0.29,4,0,0,56.75
02:11.6,0,0,0.29,3,0,0,56.75
02:11.7,0,0,0.29,3,0,0,56.75
02:11.8,0,0,0.29,2,0,0,56.75
02:11.9,0,0,0.29,2,0,0,56.75
02:12.0,0,0,0.29,2,0,0,56.75
02:12.1,0,0,0.29,1,0,0,56.75
02:12.3,0,0,0.29,1,0,0,56.75
02:12.4,0,0,0.29,1,0,0,56.75
02:12.7,0,0,0.29,1,0,0,56.75
02:12.8,0,0,0.29,0,0,0,56.75
02:13.0,0,0,0.29,0,0,0,56.75
02:13.0,0,0,0.29,0,0,0,56.75
02:13.1,0,0,0.29,0,0,0,56.75
02:13.3,0,0,0.29,0,0,0,56.75
02:13.5,0,0,0.29,0,0,0,56.75
02:13.6,0,0,0.29,0,0,0,56.75
02:13.7,0,0,0.29,0,0,0,56.75
02:13.8,0,0,0.29,0,0,0,56.75
02:14.9,0,0,0.28,0,0,0,56.75
02:15.3,0,0,0.28,0,0,0,56.75
02:15.7,0,0,0.28,0,0,0,56.75
02:16.0,0,0,0.28,0,0,0,56.75
02:16.1,0,0,0.28,0,0,0,56.75
02:16.3,0,0,0.28,0,0,0,56.75
02:16.3,0,0,0.28,0,0,0,56.75
02:16.5,0,0,0.28,0,0,0,56.75
02:16.6,0,0,0.28,0,0,0,56.75
02:17.0,0,0,0.28,0,0,0,56.75
02:17.3,0,0,0.28,0,0,0,56.75
02:17.3,0,0,0.34,0,0,0,56.75
