Time,Inputs | Throttle Command,Inputs | Mapped Throttle,Inputs | Throttle Pot,Motor | Motor RPM,Vehicle | Vehicle Speed,Vehicle | Vehicle Acceleration,Vehicle | Time Between Speeds,Vehicle | Braking Distance Captured
50:58.7,0,0,0.29,0,0,0,0,0
50:58.8,0,0,0.29,0,0,0,0,0
50:59.1,0,0,0.29,0,0,0,0,0
50:59.2,0,0,0.29,0,0,0,0,0
50:59.3,0,0,0.29,0,0,0,0,0
50:59.4,0,0,0.3,0,0,0,0,0
50:59.6,0,0,0.3,0,0,0,0,0
50:59.7,0,0,0.29,0,0,0,0,0
50:59.8,0,0,0.29,0,0,0,0,0
51:00.2,0,0,0.3,0,0,0,0,0
51:00.4,0,0,0.3,0,0,0,0,0
51:00.5,0,0,0.3,0,0,0,0,0
51:00.7,0,0,0.29,0,0,0,0,0
51:00.8,0,0,0.29,0,0,0,0,0
51:00.9,0,0,0.31,0,0,0,0,0
51:01.0,0,0,0.29,0,0,0,0,0
51:01.3,0,0,0.29,0,0,0,0,0
51:01.4,0,0,0.29,0,0,0,0,0
51:01.5,0,0,0.3,0,0,0,0,0
51:01.7,0,0,0.3,0,0,0,0,0
51:01.8,0,0,0.3,0,0,0,0,0
51:01.9,0,0,0.29,0,0,0,0,0
51:02.2,0,0,0.29,0,0,0,0,0
51:02.3,0,0,0.29,0,0,0,0,0
51:02.4,0,0,0.29,0,0,0,0,0
51:02.6,0,0,0.3,0,0,0,0,0
51:02.7,0,0,0.29,0,0,0,0,0
51:02.8,0,0,0.3,0,0,0,0,0
51:02.9,0,0,0.29,0,0,0,0,0
51:03.0,0,0,0.29,0,0,0,0,0
51:03.1,0,0,0.3,0,0,0,0,0
51:03.3,0,0,0.3,0,0,0,0,0
51:03.3,0,0,0.29,0,0,0,0,0
51:03.5,0,0,0.29,0,0,0,0,0
51:03.5,0,0,0.29,0,0,0,0,0
51:03.8,0,0,0.29,0,0,0,0,0
51:03.9,0,0,0.29,0,0,0,0,0
51:04.1,0,0,0.29,0,0,0,0,0
51:04.2,0,0,0.29,0,0,0,0,0
51:04.3,0,0,0.29,0,0,0,0,0
51:04.4,0,0,0.29,0,0,0,0,0
51:04.6,0,0,0.31,0,0,0,0,0
51:04.7,0,0,0.3,0,0,0,0,0
51:04.8,0,0,2.08,0,0,0,0,0
51:05.0,57.1,58.6,2.94,3,0.9,0,0,0
51:05.1,58.6,58.8,2.97,21,1,0,0,0
51:05.2,58.6,60.8,3.02,30,0.5,0,0,0
51:05.3,59.1,58.1,2.98,39,0.8,0.115,0,0
51:05.4,59.4,58.4,3.05,47,0.9,0.061,0,0
51:05.5,58.7,58.5,2.97,56,0.9,0.039,0,0
51:06.0,58.7,58.3,2.95,126,2.2,0.053,0,0
51:06.1,59.1,58.5,2.96,146,2.5,0.141,0,0
51:06.3,58.8,58.4,2.95,190,2.9,0.084,0,0
51:06.4,58.9,58.1,2.95,212,3,0.044,0,0
51:06.5,58.6,59.1,3.01,233,3.1,0.008,0,0
51:06.8,58.7,58.7,2.96,279,3.4,0.07,0,0
51:07.0,58.8,58.1,2.95,335,3.9,0.017,0,0
51:07.1,58.9,58.7,2.95,362,3.9,0,0,0
51:07.3,59.1,58.1,2.95,401,4.7,0.216,0,0
51:07.4,58.7,58,2.97,424,5,0.146,0,0
51:07.5,58.4,58,2.97,446,5,0,0,0
51:07.8,59.1,59.1,2.96,524,5.9,0.097,0,0
51:08.1,58.6,59.5,2.95,594,6.5,0.075,0,0
51:08.9,58.2,57.9,2.95,775,7.9,0,0.54,0
51:09.0,58.5,58.2,2.96,812,8.2,0,0.64,0
51:09.2,58.2,58.1,2.95,860,8.9,0.305,0.84,0
51:09.3,58.3,58.2,2.95,884,8.4,0,0.95,0
51:09.4,58.6,58.1,2.94,905,9.3,0.252,1.05,0
51:09.5,58.5,57.9,2.95,943,9.2,0,1.16,0
51:10.1,58.2,58,3.03,1093,10.8,0.208,1.73,0
51:10.2,58.3,58.1,2.95,1110,10.9,0.407,1.85,0
51:10.3,58.8,58.2,2.98,1149,10.5,0.252,1.96,0
51:10.4,58.3,58.4,2.94,1170,11.4,0.371,2.06,0
51:10.5,59,58,2.98,1193,10.8,0,2.17,0
51:10.6,58.6,58.8,2.99,1215,12.4,0.562,2.26,0
51:11.3,59.6,59.9,3.03,1375,13.2,0.508,2.95,0
51:11.6,59.3,59.8,3.02,1422,13.5,0.137,3.23,0
51:11.7,59.1,58.4,2.98,1450,13,0,3.34,0
51:11.8,60.4,59.4,2.98,1465,13.4,0.336,3.42,0
51:11.9,59.3,62.2,3.07,1487,13.9,0.239,3.53,0
51:12.8,58.7,58.1,2.99,1653,14.3,0,4.48,0
51:13.3,59.9,59.9,3.06,1716,15.8,0.061,4.96,0
51:13.6,59.4,59.2,2.98,1762,15.8,0.531,5.25,0
51:13.7,59.8,62.3,3.02,1773,15.7,0.256,5.37,0
51:13.8,59.1,58.6,2.98,1778,15.3,0,5.47,0
51:14.3,59.5,58,2.95,1827,15.1,0,5.97,0
51:14.4,58.6,58.1,2.94,1835,15.9,0.478,6.06,0
51:14.6,59.7,59.1,2.99,1847,15.6,0,6.22,0
51:14.7,59.7,59,3.01,1858,15.7,0,6.34,0
51:15.2,59,58.7,2.99,1895,16.1,0,6.88,0
51:15.4,60.2,60.3,2.99,1911,16.3,0.3,7.08,0
51:15.6,59.8,59.7,3,1917,16.3,0.03,7.18,0
51:15.7,59.6,59.5,3.02,1917,16.6,0,7.28,0
51:15.7,59.8,61.2,2.98,1925,16.3,0,7.38,0
51:15.8,59.7,59.5,3,1929,16,0,7.46,0
51:16.2,59.3,58.9,2.98,1949,16.5,0,7.87,0
51:16.3,59.5,59.7,3,1954,16.3,0.004,7.96,0
51:16.4,59.6,58.4,2.97,1963,16.5,0,8.08,0
51:16.5,59.6,60.4,3,1969,16.8,0.004,8.17,0
51:16.6,59.6,60.7,3,1973,17.2,0.208,8.27,0
51:16.7,60,61.3,3.01,1980,16.8,0,8.36,0
51:17.2,59.2,58.4,2.99,2000,16.7,0.101,8.8,0
51:17.3,59.3,60.7,3,2002,16.9,0,8.88,0
51:17.9,58.9,58.7,2.98,2023,17.1,0,9.57,0
51:18.0,59.3,59,3.02,2026,17.2,0.092,9.66,0
51:18.1,59.9,59.2,2.99,2034,17.3,0.101,9.75,0
51:18.2,59.9,59.6,3.01,2040,17.1,0,9.86,0
51:18.3,59.6,59,2.98,2044,17.5,0.203,9.95,0
51:18.4,59.6,59.1,2.98,2051,17.3,0.044,10.06,0
51:19.0,58.7,58.9,2.97,2071,17.4,0,10.59,0
51:19.1,59.3,58.5,2.98,2073,17.4,0,10.68,0
51:19.2,58.5,58.7,2.95,2076,16.9,0,10.78,0
51:19.3,59.4,59,3,2076,17.5,0.154,10.89,0
51:19.4,59.5,58.5,2.97,2076,17.3,0,10.97,0
51:19.5,58.9,59.1,2.98,2072,17.3,0.172,11.07,0
51:19.9,58.3,59.1,2.98,2068,17.1,0,11.53,0
51:20.0,58.6,58.3,2.95,2068,17.1,0.146,11.62,0
51:20.1,58.5,58.8,2.94,2068,16.8,0,11.7,0
51:20.5,58.3,57.9,2.97,2060,17.2,0.292,12.06,0
51:20.6,58,57.8,2.94,2058,16.8,0,12.22,0
51:20.7,57.8,57.8,2.94,2056,17.2,0.185,12.29,0
51:20.8,57.9,58,2.94,2057,17.3,0,12.39,0
51:20.9,57.9,60.3,2.97,2053,17,0.079,12.48,0
51:21.0,58.1,58,2.94,2053,17,0.048,12.58,0
51:21.3,58.4,57.9,2.94,2051,16.7,0.115,12.9,0
51:21.5,58.5,59,3.01,2045,17.1,0,13.09,0
51:21.6,58,58.2,2.95,2041,16.6,0,13.18,0
51:21.8,58.1,57.9,2.94,2040,16.6,0,13.38,0
51:21.9,59.1,59,2.96,2037,17.2,0.137,13.49,0
51:22.0,58.5,58.2,2.96,2038,17,0,13.58,0
51:22.4,59.8,59,3.01,2042,17.3,0,14.04,0
51:22.6,59.6,59.6,2.97,2045,17,0.154,14.23,0
51:22.7,60,60.3,3,2046,17,0,14.32,0
51:23.2,59.3,59.8,3.01,2050,17,0.035,14.8,0
51:23.3,59.6,59.7,3.04,2051,17.4,0,14.88,0
51:23.9,59.7,58.8,3,2061,17.1,0,15.49,0
51:24.0,60.4,61.2,3.01,2062,17.8,0.287,15.61,0
51:24.2,59.6,59.2,3.03,2066,17.5,0.146,15.81,0
51:24.3,59.4,58.8,2.99,2070,17.3,0,15.9,0
51:24.4,59.3,59.2,3,2070,17.2,0,16,0
51:24.5,59.8,59.2,2.98,2074,17.5,0.234,16.1,0
51:25.0,58.9,58.6,2.98,2083,17.4,0,16.6,0
51:25.1,59,59.4,3.04,2083,17.2,0.057,16.69,0
51:25.2,60,59.3,3.01,2086,17.7,0.225,16.78,0
51:25.3,59.4,59.5,3.06,2087,17.3,0,16.87,0
51:25.7,59.1,59.4,3,2088,17.5,0,17.3,0
51:25.8,59.7,59.3,3.02,2086,17.2,0,17.4,0
51:25.9,59.5,59.5,3.01,2088,17.4,0.146,17.52,0
51:26.0,59.9,61.8,2.99,2088,17.1,0,17.62,0
51:26.5,59.3,59.4,3.01,2090,17.3,0.022,18.1,0
51:26.6,59.8,58.6,3.05,2092,17.5,0.132,18.2,0
51:26.7,60.2,59,3.04,2094,17.2,0.035,18.29,0
51:26.8,59.5,59.6,2.99,2092,17.7,0.15,18.39,0
51:26.9,59.6,59.4,3,2094,17.7,0.088,18.49,0
51:27.0,60.3,59.9,3.01,2094,17.7,0,18.6,0
51:27.5,58.5,59.1,2.94,2097,17.4,0,19.04,0
51:27.7,58.4,58.3,2.99,2099,17,0.212,19.24,0
51:27.8,58.2,57.9,2.96,2099,17.6,0.252,19.34,0
51:27.8,58.2,60.2,2.95,2096,17.6,0,19.42,0
51:27.9,59,58.1,2.94,2094,17.4,0,19.52,0
51:28.4,58.7,58.4,2.95,2085,16.6,0.314,19.95,0
51:28.5,58.2,57.9,2.94,2078,17.4,0,20.12,0
51:28.7,58.3,58,2.95,2070,17,0,20.23,0
51:29.1,58.7,59.2,2.95,2045,16.7,0,20.71,0
51:29.2,57.9,58,2.94,2044,16.7,0,20.79,0
51:29.3,57.9,57.9,2.94,2038,16.9,0.088,20.88,0
51:29.4,57.9,57.9,2.96,2031,16.9,0.19,21.02,0
51:30.0,59.7,59.7,2.98,2014,16.6,0,21.58,0
51:30.2,60.5,59.3,2.99,2010,17.1,0.243,21.78,0
51:30.3,59,58.8,2.98,2006,16.4,0,21.87,0
51:30.4,59.4,59.3,2.99,2009,16.7,0,21.97,0
51:30.5,59.3,59,2.98,2011,16.5,0.128,22.07,0
51:30.9,59.1,58.9,3,1997,16.3,0,22.48,0
51:31.1,59.7,60,3.02,1994,16.7,0.119,22.68,0
51:31.2,60.2,59.9,3.02,1990,16.8,0.243,22.78,0
51:31.3,59.9,58.8,2.98,1989,15.9,0,22.86,0
51:31.4,60.1,59.3,3.01,1985,16.6,0.203,22.94,0
51:31.5,60,61.3,3,1985,16.9,0.19,23.05,0
51:31.9,59.8,59.8,2.99,1980,16.6,0.11,23.47,0
51:32.0,59.9,60.7,3.02,1980,16.8,0.137,23.57,0
51:32.1,60.4,59.8,3.01,1978,16.3,0,23.66,0
51:32.2,60.3,59.1,3.08,1978,16.1,0,23.75,0
51:32.3,60.5,59.4,3.01,1979,16.5,0.265,23.84,0
51:32.4,59.3,60.7,3.08,1973,16.6,0.141,23.94,0
51:32.9,59.6,59.9,3.09,1981,16.7,0,24.43,0
51:33.0,60.4,60.7,3.03,1984,16.5,0,24.54,0
51:33.2,60.2,59.5,2.98,1986,16.6,0.128,24.73,0
51:33.3,59.3,58.9,3,1987,16.9,0,24.82,0
51:33.3,60.2,59.5,3.05,1990,17,0,24.92,0
51:33.9,60.8,60.4,3.05,2004,16.8,0.123,25.46,0
51:34.1,60.3,60.5,3.06,2006,16.9,0,25.64,0
51:34.2,61.2,60.4,3.06,2008,16.9,0.252,25.7,0
51:34.2,60.8,59.2,2.97,2012,16.9,0.048,25.8,0
51:34.3,60.6,61,3.05,2010,17.1,0,25.91,0
51:34.4,60.1,59.1,3.03,2013,16.8,0,26,0
51:34.7,0,0,0.29,1997,15.7,0,26.28,0
51:34.8,0,0,0.29,1985,15.4,0,26.36,0
51:34.9,0,0,0.29,1973,15.9,0.274,26.46,0
51:35.0,0,0,0.29,1969,15.6,0,26.55,0
51:35.3,0,0,0.29,1935,15.4,0,26.89,0
51:35.5,0,0,0.29,1915,15.4,0.146,27.07,0
51:35.6,0,0,0.29,1894,15,0,27.18,0
51:35.9,0,0,0.29,1853,14.4,0.013,27.46,0
51:36.0,0,0,0.29,1837,14.1,0,27.54,0
51:36.1,0,0,0.29,1822,14.4,0.022,27.63,0
51:36.2,0,0,0.29,1801,14.2,0,27.74,0
51:36.3,0,0,0.29,1772,14,0,27.89,0
51:36.6,0,0,0.29,1729,12.9,0,28.13,0
51:36.7,0,0,0.29,1711,13.5,0.004,28.21,0
51:36.7,0,0,0.29,1697,12.6,0,28.29,0
51:36.9,0,0,0.29,1670,12.5,0.239,28.4,0
51:37.0,0,0,0.29,1633,12,0.022,28.57,0
51:37.1,0,0,0.29,1608,12.5,0,28.66,0
51:37.2,0,0,0.29,1585,11.2,0,28.76,0
51:37.3,0,0,0.29,1562,12.1,0.168,28.86,0
51:37.4,0,0,0.29,1535,10.9,0,28.96,0
51:37.5,0,0,0.29,1500,10.7,0,29.06,0
51:37.6,0,0,0.29,1469,11.1,0.336,29.18,0
51:37.9,0,0,0.29,1395,9.7,0.212,29.43,0
51:38.1,0,0,0.28,1332,9.4,0.101,29.61,0
51:38.2,0,0,0.28,1285,8.8,0.066,29.76,0
51:38.3,0,0,0.28,1242,8.1,0,29.87,0
51:38.4,0,0,0.28,1205,7.9,0,29.96,0
51:38.7,0,0,0.28,1112,7.1,0,30.23,0
51:38.8,0,0,0.28,1078,6.9,0.061,30.32,0
51:38.9,0,0,0.28,1042,6.5,0,30.41,0
51:39.0,0,0,0.28,1004,6.1,0,30.51,0
51:39.1,0,0,0.28,967,6,0,30.6,0
51:39.2,0,0,0.28,934,5.7,0,30.7,0
51:39.3,0,0,0.28,897,5.2,0,30.8,0
51:39.6,0,0,0.29,763,4.1,0,31.17,0
51:39.9,0,0,0.29,664,3.3,0,31.4,0
51:40.0,0,0,0.29,628,3.2,0,31.49,0
51:40.1,0,0,0.29,593,2.8,0,31.59,0
51:40.2,0,0,0.29,559,2.6,0,31.62,0
51:40.2,0,0,0.29,523,2.3,0,31.62,0
51:40.3,0,0,0.29,488,1.9,0,31.62,0
51:40.6,0,0,0.3,406,1.3,0,31.62,0
51:40.7,0,0,0.3,371,1,0,31.62,0
51:40.9,0,0,0.31,306,0.6,0,31.62,0
51:41.0,0,0,0.31,275,0.5,0,31.62,0
51:41.1,0,0,0.31,238,0.4,0,31.62,0
51:41.2,0,0,0.31,221,0.3,0,31.62,0
51:41.3,0,0,0.32,196,0.2,0,31.62,0
51:41.4,0,0,0.32,173,0.1,0,31.62,0
51:41.6,0,0,0.31,121,0,0,31.62,0
51:41.7,0,0,0.31,105,0,0,31.62,0
51:41.8,0,0,0.31,96,0,0,31.62,0
51:42.0,0,0,0.31,73,0,0,31.62,0
51:42.1,0,0,0.31,63,0,0,31.62,0
51:42.3,0,0,0.31,42,-0.1,0,31.62,0
51:42.4,0,0,0.31,36,-0.2,0.013,31.62,0
51:42.5,0,0,0.31,26,-0.2,0.004,31.62,0
51:42.6,0,0,0.31,21,-0.2,0,31.62,0
51:42.8,0,0,0.31,6,-0.2,0,31.62,0
51:42.9,0,0,0.31,0,-0.2,0,31.62,0
51:43.0,0,0,0.31,-4,-0.2,0,31.62,0
51:43.2,0,0,0.32,-11,-0.2,0,31.62,0
51:43.5,0,0,0.3,-17,-0.2,0.004,31.62,0
51:43.6,0,0,0.29,-19,-0.2,0,31.62,0
51:43.8,0,0,0.29,-25,-0.2,0,31.62,0
51:43.9,0,0,0.3,-26,-0.2,0,31.62,0
51:44.0,0,0,0.3,-27,-0.2,0,31.62,0
51:44.1,0,0,0.3,-28,-0.2,0.004,31.62,0
51:44.2,0,0,0.31,-29,-0.2,0,31.62,0
51:44.3,0,0,0.3,-30,-0.2,0,31.62,0
51:44.6,0,0,0.31,-30,-0.2,0.008,31.62,0
51:44.8,0,0,0.31,-29,-0.1,0.008,31.62,0
51:44.9,0,0,0.29,-29,-0.1,0.004,31.62,0
51:45.2,0,0,0.29,-25,-0.1,0.013,31.62,0
51:45.3,0,0,0.29,-23,-0.1,0.013,31.62,0
51:45.4,0,0,0.3,-22,0,0.004,31.62,0
51:45.5,0,0,0.3,-20,0,0,31.62,0
51:45.8,0,0,0.29,-16,0,0,31.62,0
51:45.8,0,0,0.3,-14,0,0.013,31.62,0
51:46.0,0,0,0.29,-10,0,0,31.62,0
51:46.1,0,0,0.29,-9,0,0,31.62,0
51:46.2,0,0,0.3,-8,0,0,31.62,0
51:46.3,0,0,0.29,-7,0,0,31.62,0
51:46.4,0,0,0.29,-6,0,0,31.62,0
51:46.5,0,0,0.3,-5,0,0,31.62,0
51:46.6,0,0,0.3,-5,0,0,31.62,0
51:46.7,0,0,0.3,-4,0,0,31.62,0
51:46.9,0,0,0.29,-3,0,0,31.62,0
51:47.0,0,0,0.3,-3,0,0,31.62,0
51:47.1,0,0,0.29,-2,0,0,31.62,0
51:47.2,0,0,0.29,-2,0,0,31.62,0
51:47.3,0,0,0.3,-2,0,0,31.62,0
51:47.4,0,0,0.31,-2,0,0,31.62,0
51:47.6,0,0,0.3,-1,0,0,31.62,0
51:47.6,0,0,0.31,-1,0,0,31.62,0
51:47.7,0,0,0.29,-1,0,0,31.62,0
51:47.8,0,0,0.3,-1,0,0,31.62,0
51:47.9,0,0,0.3,-1,0,0,31.62,0
51:48.1,0,0,0.31,0,0,0,31.62,0
51:48.4,0,0,0.29,0,0,0,31.62,0
51:48.5,0,0,0.29,0,0,0,31.62,0
51:48.6,0,0,0.29,0,0,0,31.62,0
51:48.7,0,0,0.31,0,0,0,31.62,0
51:48.8,0,0,0.29,0,0,0,31.62,0
51:48.9,0,0,0.29,0,0,0,31.62,0
51:49.0,0,0,0.3,0,0,0,31.62,0
51:49.2,0,0,0.29,0,0,0,31.62,0
51:49.3,0,0,0.3,0,0,0,31.62,0
51:49.4,0,0,0.29,0,0,0,31.62,0
51:49.5,0,0,0.31,0,0,0,31.62,0
51:49.6,0,0,0.29,0,0,0,31.62,0
51:49.7,0,0,0.29,0,0,0,31.62,0
51:49.9,0,0,0.3,0,0,0,31.62,0
51:50.0,0,0,0.3,0,0,0,31.62,0
51:50.1,0,0,0.3,0,0,0,31.62,0
51:50.2,0,0,0.3,0,0,0,31.62,0
51:50.5,0,0,0.31,0,0,0,31.62,0
51:50.6,0,0,0.29,0,0,0,31.62,0
51:50.7,0,0,0.29,0,0,0,31.62,0
51:50.8,0,0,0.3,0,0,0,31.62,0
51:51.1,0,0,0.31,0,0,0,31.62,0
51:51.1,0,0,0.31,0,0,0,31.62,0
51:51.2,0,0,0.31,0,0,0,31.62,0
51:51.3,0,0,0.31,0,0,0,31.62,0
51:51.4,0,0,0.3,0,0,0,31.62,0
51:51.5,0,0,0.31,0,0,0,31.62,0
51:51.6,0,0,0.3,0,0,0,31.62,0
51:51.8,0,0,0.3,0,0,0,31.62,0
51:51.8,0,0,0.3,0,0,0,31.62,0
51:52.0,0,0,0.3,0,0,0,31.62,0
51:52.1,0,0,0.3,0,0,0,31.62,0
51:52.2,0,0,0.3,0,0,0,31.62,0
51:52.4,0,0,0.31,0,0,0,31.62,0
51:52.6,0,0,0.3,0,0,0,31.62,0
51:52.7,0,0,0.3,0,0,0,31.62,0
51:52.7,0,0,0.29,0,0,0,31.62,0
51:52.9,0,0,0.3,0,0,0,31.62,0
51:53.2,0,0,0.29,0,0,0,31.62,0
51:53.3,0,0,0.3,0,0,0,31.62,0
51:54.1,0,0,0.3,0,0,0,31.62,0
